<?xml version="1.0" encoding="UTF-8" standalone="no"?>
<!DOCTYPE Plugin PUBLIC "sailpoint.dtd" "sailpoint.dtd">
<Plugin displayName="Self Service Roles" minSystemVersion="8.0" 
	name="selfserviceroles" rightRequired="" version="1.0">
  <Attributes>
    <Map>
      <entry key="minUpgradableVersion" value="0.0.1"/>
      <entry key="fullPage">
      	<value>
      		<FullPage title="Self Service Roles"/>
      	</value>
      </entry>
      <entry key="settings">
        <value>  
          <List>
          
          </List>  
        </value>  
      </entry>
     <entry key="snippets">  
        <value>  
          <List>  
          </List>  
        </value>  
      </entry> 
       <entry key="taskExecutors">
        <value>
          <List>
            <String>com.sailpoint.pse.rolesplugin.task.RoleEnricherTask</String>
          </List>
        </value>
      </entry>
       <entry key="serviceExecutors">
        <value>
          <List>
          </List>
        </value>
      </entry>
      <entry key="policyExecutors">
        <value>
          <List>
          </List>
        </value>
      </entry>
      <entry key="restResources">
        <value>
          <List>
          	<String>com.sailpoint.pse.rolesplugin.rest.SearchResource</String>
          	<String>com.sailpoint.pse.rolesplugin.rest.RoleResource</String>
          </List>
        </value>
      </entry>
      <entry key="settings">
      	<value>
          <List>
          	  <Setting dataType="String" name="filterRule" />
          	  <Setting dataType="String" name="uiConfigRule" />
          	  <Setting dataType="String" name="uiValidationRule" />
          	  <Setting dataType="String" name="uiRoleCreateRule" />
          	  <Setting dataType="String" name="uiRoleCardAttributes" />
          	  <Setting dataType="String" name="uiEntitlementCardAttributes"/>
          	  <Setting dataType="String" name="uiSuppressedFields" />
          	  <Setting dataType="String" name="uiSearchItemTransformRule" />
          	  <Setting dataType="String" name="uiCustomHeaderMessage" />
          </List>
        </value>
      </entry>
       <entry key="settingsForm">
        <value>
          <Form name="Roles Self Service Plugin">
            <Attributes>
              <Map>
                <entry key="pageTitle" value="Roles Self Service Plugin"/>
                <entry key="title" value="Configuration"/>
              </Map>
            </Attributes>
            <Description>Enhanced roles plugin configuration page</Description>
				
				
			<Section>
				<Field displayName="View rule configuration" name="viewRules" type="boolean" postBack="true"/>
			</Section>

    		<Section label="Rules" columns="2">
    			<Attributes>
    				<Map>
    					<entry key="hidden">
    						<value><Script><Source><![CDATA[
    							
    							return !sailpoint.tools.Util.otob(form.getField("viewRules").getValue());
    							
    						]]></Source></Script></value>
    					</entry>
    				</Map>
    			</Attributes>
				<Field displayName="Filter rule" helpKey="Filter rule for identity" name="filterRule" type="Rule" filterString="type.isNull()" postBack="true">
				</Field>
				
				<Field displayName="UI Config rule" helpKey="Configure the plugin UI" name="uiConfigRule" type="Rule" filterString="type.isNull()">
					<Attributes>
						<Map>
							<entry key="valueProperty" value="name"/>
						</Map>
					</Attributes> 
				</Field>
				<Field displayName="Validation rule" helpKey="Validate form input" name="uiValidationRule" type="Rule" filterString='type=="Validation"'>
					<Attributes>
						<Map>
							<entry key="valueProperty" value="name"/>
						</Map>
					</Attributes> 
				</Field>
				<Field displayName="Role creation rule" helpKey="Setup a role object on creation" name="uiRoleCreateRule" type="Rule" filterString='type.isNull()'>
					<Attributes>
						<Map>
							<entry key="valueProperty" value="name"/>
						</Map>
					</Attributes> 
				</Field>
				<Field displayName="Search item transform rule" helpKey="Transform a search item's data" name="uiSearchItemTransformRule" type="Rule" filterString='type.isNull()'>
					<Attributes>
						<Map>
							<entry key="valueProperty" value="name"/>
						</Map>
					</Attributes> 
				</Field>
			</Section>
			<Section label="UI Card Rendering" columns="2">
				<Field displayName="Role card attributes" helpKey="CSV of attributes rendered when rendering the Role Card" name="uiRoleCardAttributes" type="string"/>
				<Field displayName="Entitlement card attributes" helpKey="CSV of attributes rendered when rendering the Entitlement Card" name="uiEntitlementCardAttributes" type="string"/>
            </Section>
            <Section label="UI Other" columns="2">
            	
            	<Field displayName="Fields to suppress" helpKey="CSV of attributes rendered when rendering the Role Card" name="frmSuppressedFields" postBack="true" multi="true" type="string">
            		<Script><Source><![CDATA[
            			
            			import sailpoint.tools.Util;
    					import sailpoint.object.Plugin;
    					import sailpoint.plugin.Setting;
    					
            			Plugin plugin = context.getObjectByName(Plugin.class, "selfserviceroles");
            			if (plugin != null) {
            			
            				Setting setting = plugin.getSetting("uiSuppressedFields");
            				
            				if (setting != null) {
            					String s = setting.getValue();
            					return Util.csvToList(s);
            				}
            			}
            			return null;
            			
            		]]></Source></Script>
            		<AllowedValuesDefinition>
            			<Script><Source><![CDATA[
            			
             				import java.util.List;
             				import java.util.ArrayList; 
            				import sailpoint.object.ObjectConfig;
            				import sailpoint.object.ObjectAttribute;
            				import sailpoint.object.Bundle;
            				
             				List addItem(String name, String displayName) { 
             					List item = new ArrayList(); 
             					item.add(name); 
             					item.add(displayName);
             					return item;
             				}
            				
             				List values = new ArrayList();
             				values.add( addItem("disabled","Disabled") );
             				values.add( addItem("provisionProfilesAndPolicies", "Provision Profiles and Policies"));
            				values.add( addItem("activityMonitoring", "Enable Activity Monitoring"));
             				values.add( addItem("advancedRoleDetails", "Advanced Role Details Section"));
             				values.add( addItem("customAttributes", "Custom Attributes section"));
             				         				
							ObjectConfig oc = context.getObjectByName(ObjectConfig.class, Bundle.class.getSimpleName());
							if (oc != null) {
		
								List attributes = oc.getObjectAttributes();
								for (ObjectAttribute attribute : attributes) 
									values.add( addItem( attribute.getName(), attribute.getDisplayName()) );
							}
             				return values;
          				
             			]]></Source></Script>
            		</AllowedValuesDefinition>
            		<Attributes>
            			<Map>
            				<entry key="hidden">
            					<value><Script><Source><![CDATA[
            						
            						import sailpoint.tools.Util;
            						form.getField("uiSuppressedFields").setValue(Util.listToCsv(field.getValue()));
            						
            					]]></Source></Script></value>
            				</entry>
            			</Map>
            		</Attributes>
            	</Field>
            	<Field name="uiSuppressedFields" displayName="CSV list of Suppressed fields" readOnly="true" type="string">
            		<Attributes>
            			<Map>
            				<entry key="hidden" value="false"/>
            			</Map>
            		</Attributes>
            	</Field>
            	<Field name="uiCustomHeaderMessage" displayName="Custom header" type="string" displayType="textarea" columnSpan="2">
            		
            	</Field>
            	
            	
            </Section>
          </Form>
        </value>
      </entry>
    </Map>
  </Attributes>
</Plugin>