<?xml version="1.0" encoding="UTF-8"?>
<!DOCTYPE Application PUBLIC "sailpoint.dtd" "sailpoint.dtd">
<Application connector="sailpoint.connector.webservices.WebServicesConnector" featuresString="PROVISIONING, NO_RANDOM_ACCESS" name="Oracle EPM" profileClass="" type="Web Services">
  <Attributes>
    <Map>
      <entry key="afterProvisioningRule"/>
      <entry key="apiVersion" value="%%ORACLE_EPM_API_VERSION%%"/>
      <entry key="authenticationMethod" value="BasicLogin"/>
      <entry key="beforeProvisioningRule"/>
      <entry key="clientCertAuthEnabled">
        <value>
          <Boolean/>
        </value>
      </entry>
      <entry key="compositeDefinition"/>
      <entry key="connectionParameters">
        <value>
          <List>
            <Map>
              <entry key="afterRule"/>
              <entry key="beforeRule"/>
              <entry key="body">
                <value>
                  <Map>
                    <entry key="bodyFormData"/>
                    <entry key="bodyFormat" value="raw"/>
                    <entry key="jsonBody"/>
                  </Map>
                </value>
              </entry>
              <entry key="contextUrl" value="/interop/rest/$application.specificApiVersion$"/>
              <entry key="header"/>
              <entry key="httpMethodType" value="GET"/>
              <entry key="operationType" value="Test Connection"/>
              <entry key="paginationSteps"/>
              <entry key="pagingInitialOffset">
                <value>
                  <Integer>0</Integer>
                </value>
              </entry>
              <entry key="pagingSize">
                <value>
                  <Integer>50</Integer>
                </value>
              </entry>
              <entry key="resMappingObj"/>
              <entry key="responseCode">
                <value>
                  <List>
                    <String>2**</String>
                  </List>
                </value>
              </entry>
              <entry key="rootPath"/>
              <entry key="sequenceNumberForEndpoint" value="1"/>
              <entry key="uniqueNameForEndPoint" value="Test Connection"/>
              <entry key="xpathNamespaces"/>
            </Map>
            <Map>
              <entry key="afterRule" value="Oracle EPM Account Aggregation AfterRule"/>
              <entry key="beforeRule" value="Oracle EPM Account Aggregation BeforeRule"/>
              <entry key="body">
                <value>
                  <Map>
                    <entry key="bodyFormData"/>
                    <entry key="bodyFormat" value="raw"/>
                    <entry key="jsonBody"/>
                  </Map>
                </value>
              </entry>
              <entry key="contextUrl" value="/interop/rest/$application.apiVersion$/reports?q=%7Btype%3Dprovisionreport,fileName%3DaggregationReport.csv,format%3Dsimplified,usertype%3Dserviceusers%7D"/>
              <entry key="header">
                <value>
                  <Map>
                    <entry key="Content-Type" value="application/json"/>
                  </Map>
                </value>
              </entry>
              <entry key="httpMethodType" value="POST"/>
              <entry key="operationType" value="Account Aggregation"/>
              <entry key="paginationSteps"/>
              <entry key="pagingInitialOffset">
                <value>
                  <Integer>0</Integer>
                </value>
              </entry>
              <entry key="pagingSize">
                <value>
                  <Integer>50</Integer>
                </value>
              </entry>
              <entry key="resMappingObj">
                <value>
                  <Map>
                    <entry key="details" value="details"/>
                    <entry key="href" value="links[?(@.rel=='Job Status')].href"/>
                    <entry key="status" value="status"/>
                  </Map>
                </value>
              </entry>
              <entry key="responseCode">
                <value>
                  <List>
                    <String>2**</String>
                  </List>
                </value>
              </entry>
              <entry key="rootPath"/>
              <entry key="sequenceNumberForEndpoint" value="2"/>
              <entry key="uniqueNameForEndPoint" value="Generate Account Aggregation File"/>
              <entry key="xpathNamespaces"/>
            </Map>
            <Map>
              <entry key="afterRule" value="Oracle EPM Provisioning Operations AfterRule"/>
              <entry key="beforeRule" value="Oracle EPM Create Account BeforeRule"/>
              <entry key="body">
                <value>
                  <Map>
                    <entry key="bodyFormData">
                      <value>
                        <Map>
                          <entry key="email" value="$plan.Email$"/>
                          <entry key="filename" value="create"/>
                          <entry key="firstname" value="$plan.First Name$"/>
                          <entry key="lastname" value="$plan.Last Name$"/>
                          <entry key="resetpassword" value="$plan.resetpassword$"/>
                          <entry key="userlogin" value="$plan.nativeIdentity$"/>
                          <entry key="userpassword" value="$plan.userpassword$"/>
                        </Map>
                      </value>
                    </entry>
                    <entry key="bodyFormat" value="formData"/>
                    <entry key="jsonBody"/>
                  </Map>
                </value>
              </entry>
              <entry key="contextUrl" value="/interop/rest/security/$application.apiVersion$/users"/>
              <entry key="header">
                <value>
                  <Map>
                    <entry key="Content-Type" value="application/x-www-form-urlencoded"/>
                  </Map>
                </value>
              </entry>
              <entry key="httpMethodType" value="POST"/>
              <entry key="operationType" value="Create Account"/>
              <entry key="paginationSteps"/>
              <entry key="pagingInitialOffset">
                <value>
                  <Integer>0</Integer>
                </value>
              </entry>
              <entry key="pagingSize">
                <value>
                  <Integer>50</Integer>
                </value>
              </entry>
              <entry key="resMappingObj">
                <value>
                  <Map>
                    <entry key="details" value="details"/>
                    <entry key="href" value="links[?(@.rel=='Job Status')].href"/>
                    <entry key="status" value="status"/>
                  </Map>
                </value>
              </entry>
              <entry key="responseCode">
                <value>
                  <List>
                    <String>2**</String>
                  </List>
                </value>
              </entry>
              <entry key="rootPath"/>
              <entry key="sequenceNumberForEndpoint" value="3"/>
              <entry key="uniqueNameForEndPoint" value="Create Oracle EPM Account"/>
              <entry key="xpathNamespaces"/>
            </Map>
            <Map>
              <entry key="afterRule" value="Oracle EPM Provisioning Operations AfterRule"/>
              <entry key="beforeRule" value="Oracle EPM AddEntitlement BeforeRule"/>
              <entry key="body">
                <value>
                  <Map>
                    <entry key="bodyFormData">
                      <value>
                        <Map>
                          <entry key="filename" value="addrole"/>
                          <entry key="jobtype" value="ASSIGN_ROLE"/>
                          <entry key="rolename" value="$plan.Role$"/>
                          <entry key="userlogin" value="$plan.nativeIdentity$"/>
                        </Map>
                      </value>
                    </entry>
                    <entry key="bodyFormat" value="formData"/>
                    <entry key="jsonBody"/>
                  </Map>
                </value>
              </entry>
              <entry key="contextUrl" value="/interop/rest/security/$application.apiVersion$/users"/>
              <entry key="header">
                <value>
                  <Map>
                    <entry key="Content-Type" value="application/x-www-form-urlencoded"/>
                  </Map>
                </value>
              </entry>
              <entry key="httpMethodType" value="PUT"/>
              <entry key="operationType" value="Add Entitlement"/>
              <entry key="paginationSteps"/>
              <entry key="pagingInitialOffset">
                <value>
                  <Integer>0</Integer>
                </value>
              </entry>
              <entry key="pagingSize">
                <value>
                  <Integer>50</Integer>
                </value>
              </entry>
              <entry key="resMappingObj">
                <value>
                  <Map>
                    <entry key="details" value="details"/>
                    <entry key="href" value="links[?(@.rel=='Job Status')].href"/>
                    <entry key="status" value="status"/>
                  </Map>
                </value>
              </entry>
              <entry key="responseCode">
                <value>
                  <List>
                    <String>2**</String>
                  </List>
                </value>
              </entry>
              <entry key="rootPath"/>
              <entry key="sequenceNumberForEndpoint" value="4"/>
              <entry key="uniqueNameForEndPoint" value="Add Oracle EPM Role"/>
              <entry key="xpathNamespaces"/>
            </Map>
            <Map>
              <entry key="afterRule" value="Oracle EPM Provisioning Operations AfterRule"/>
              <entry key="beforeRule" value="Oracle EPM RemoveEntitlement BeforeRule"/>
              <entry key="body">
                <value>
                  <Map>
                    <entry key="bodyFormData">
                      <value>
                        <Map>
                          <entry key="filename" value="removerole"/>
                          <entry key="jobtype" value="UNASSIGN_ROLE"/>
                          <entry key="rolename" value="$plan.Role$"/>
                          <entry key="userlogin" value="$plan.nativeIdentity$"/>
                        </Map>
                      </value>
                    </entry>
                    <entry key="bodyFormat" value="formData"/>
                    <entry key="jsonBody"/>
                  </Map>
                </value>
              </entry>
              <entry key="contextUrl" value="/interop/rest/security/$application.apiVersion$/users"/>
              <entry key="header">
                <value>
                  <Map>
                    <entry key="Content-Type" value="application/x-www-form-urlencoded"/>
                  </Map>
                </value>
              </entry>
              <entry key="httpMethodType" value="PUT"/>
              <entry key="operationType" value="Remove Entitlement"/>
              <entry key="paginationSteps"/>
              <entry key="pagingInitialOffset">
                <value>
                  <Integer>0</Integer>
                </value>
              </entry>
              <entry key="pagingSize">
                <value>
                  <Integer>50</Integer>
                </value>
              </entry>
              <entry key="resMappingObj">
                <value>
                  <Map>
                    <entry key="details" value="details"/>
                    <entry key="href" value="links[?(@.rel=='Job Status')].href"/>
                    <entry key="status" value="status"/>
                  </Map>
                </value>
              </entry>
              <entry key="responseCode">
                <value>
                  <List>
                    <String>2**</String>
                  </List>
                </value>
              </entry>
              <entry key="rootPath"/>
              <entry key="sequenceNumberForEndpoint" value="5"/>
              <entry key="uniqueNameForEndPoint" value="Remove Oracle EPM Role"/>
              <entry key="xpathNamespaces"/>
            </Map>
            <Map>
              <entry key="afterRule" value="Oracle EPM Provisioning Operations AfterRule"/>
              <entry key="beforeRule" value="Oracle EPM Remove Account BeforeRule"/>
              <entry key="body">
                <value>
                  <Map>
                    <entry key="bodyFormData">
                      <value>
                        <Map>
                          <entry key="userlogin" value="$plan.nativeIdentity$"/>
                        </Map>
                      </value>
                    </entry>
                    <entry key="bodyFormat" value="formData"/>
                    <entry key="jsonBody"/>
                  </Map>
                </value>
              </entry>
              <entry key="contextUrl" value="/interop/rest/security/$application.apiVersion$/users?filename=delete"/>
              <entry key="header">
                <value>
                  <Map>
                    <entry key="Content-Type" value="application/x-www-form-urlencoded"/>
                  </Map>
                </value>
              </entry>
              <entry key="httpMethodType" value="DELETE"/>
              <entry key="operationType" value="Delete Account"/>
              <entry key="paginationSteps"/>
              <entry key="pagingInitialOffset">
                <value>
                  <Integer>0</Integer>
                </value>
              </entry>
              <entry key="pagingSize">
                <value>
                  <Integer>50</Integer>
                </value>
              </entry>
              <entry key="resMappingObj">
                <value>
                  <Map>
                    <entry key="details" value="details"/>
                    <entry key="href" value="links[?(@.rel=='Job Status')].href"/>
                    <entry key="status" value="status"/>
                  </Map>
                </value>
              </entry>
              <entry key="responseCode">
                <value>
                  <List>
                    <String>2**</String>
                  </List>
                </value>
              </entry>
              <entry key="rootPath"/>
              <entry key="sequenceNumberForEndpoint" value="6"/>
              <entry key="uniqueNameForEndPoint" value="Remove Oracle EPM Account"/>
              <entry key="xpathNamespaces"/>
            </Map>
          </List>
        </value>
      </entry>
      <entry key="createAccountWithEntReq">
        <value>
          <Boolean/>
        </value>
      </entry>
      <entry key="enableHasMore" value="true"/>
      <entry key="enableStatus"/>
      <entry key="encrypted" value="accesstoken,refresh_token,oauth_token_info,client_secret,private_key,private_key_password,clientCertificate,clientKeySpec"/>
      <entry key="environmentPrefix" value="%%ORACLE_EPM_ENVIRONMENT_PREFIX%%"/>
      <entry key="genericWebServiceBaseUrl" value="%%ORACLE_EPM_BASEURL%%"/>
      <entry key="httpCookieSpecsStandard" value="true"/>
      <entry key="isGetObjectRequiredForPTA">
        <value>
          <Boolean>true</Boolean>
        </value>
      </entry>
      <entry key="jobStatusWaitTimeInSeconds" value="%%ORACLE_EPM_JOBSTATUS_WAIT_IN_SECONDS%%"/>
      <entry key="nativeChangeDetectionAttributeScope" value="entitlements"/>
      <entry key="nativeChangeDetectionAttributes"/>
      <entry key="nativeChangeDetectionEnabled">
        <value>
          <Boolean/>
        </value>
      </entry>
      <entry key="nativeChangeDetectionOperations"/>
      <entry key="oAuthJwtHeader">
        <value>
          <Map>
            <entry key="alg" value="RS256"/>
          </Map>
        </value>
      </entry>
      <entry key="oAuthJwtPayload">
        <value>
          <Map>
            <entry key="aud"/>
            <entry key="exp" value="15f"/>
            <entry key="iss"/>
            <entry key="sub"/>
          </Map>
        </value>
      </entry>
      <entry key="password" value="%%ORACLE_EPM_PASSWORD%%"/>
      <entry key="private_key_to_update"/>
      <entry key="specificApiVersion" value="%%ORACLE_EPM_SPECIFIC_API_VERSION%%"/>
      <entry key="sysDescriptions">
        <value>
          <Map>
            <entry key="en_US"/>
          </Map>
        </value>
      </entry>
      <entry key="templateApplication" value="Web Services"/>
      <entry key="throwProvBeforeRuleException">
        <value>
          <Boolean>true</Boolean>
        </value>
      </entry>
      <entry key="timeoutInSeconds"/>
      <entry key="username" value="%%ORACLE_EPM_USERNAME%%"/>
    </Map>
  </Attributes>
  <CorrelationRule>
    <Reference class="sailpoint.object.Rule" name="Oracle EPM Correlation Rule"/>
  </CorrelationRule>
  <CustomizationRule>
    <Reference class="sailpoint.object.Rule" name="Oracle EPM Customization Rule"/>
  </CustomizationRule>
  <Owner>
    <Reference class="sailpoint.object.Identity" name="spadmin"/>
  </Owner>
  <PasswordPolicies>
    <PasswordPolicyHolder>
      <PolicyRef>
        <Reference class="sailpoint.object.PasswordPolicy" name="Oracle EPM Password Policy"/>
      </PolicyRef>
    </PasswordPolicyHolder>
  </PasswordPolicies>
  <ProvisioningForms>
    <Form name="Create Account" objectType="account" type="Create">
      <Attributes>
        <Map>
          <entry key="pageTitle" value="Create Account"/>
        </Map>
      </Attributes>
      <Section name="Account Information">
        <Field name="User Login" required="true" type="string">
          <RuleRef>
            <Reference class="sailpoint.object.Rule" name="Oracle EPM Create Account Field Value Rule"/>
          </RuleRef>
        </Field>
        <Field name="First Name" required="true" type="string">
          <RuleRef>
            <Reference class="sailpoint.object.Rule" name="Oracle EPM Create Account Field Value Rule"/>
          </RuleRef>
        </Field>
        <Field name="Last Name" required="true" type="string">
          <RuleRef>
            <Reference class="sailpoint.object.Rule" name="Oracle EPM Create Account Field Value Rule"/>
          </RuleRef>
        </Field>
        <Field displayName="Reset Password" name="resetpassword" type="string">
          <RuleRef>
            <Reference class="sailpoint.object.Rule" name="Oracle EPM Create Account Field Value Rule"/>
          </RuleRef>
        </Field>
        <Field displayName="User Password" name="userpassword" type="secret">
          <RuleRef>
            <Reference class="sailpoint.object.Rule" name="Oracle EPM Create Account Field Value Rule"/>
          </RuleRef>
        </Field>
        <Field name="Email" type="string">
          <RuleRef>
            <Reference class="sailpoint.object.Rule" name="Oracle EPM Create Account Field Value Rule"/>
          </RuleRef>
        </Field>
      </Section>
    </Form>
  </ProvisioningForms>
  <Schemas>
    <Schema displayAttribute="User Login" groupAttribute="" identityAttribute="User Login" instanceAttribute="" nativeObjectType="account" objectType="account">
      <AttributeDefinition name="User Login" type="string">
        <Description>This can be the email address</Description>
      </AttributeDefinition>
      <AttributeDefinition name="First Name" type="string">
        <Description/>
      </AttributeDefinition>
      <AttributeDefinition name="Last Name" type="string">
        <Description/>
      </AttributeDefinition>
      <AttributeDefinition entitlement="true" managed="true" multi="true" name="Role" schemaObjectType="group" type="string">
        <Description/>
      </AttributeDefinition>
      <AttributeDefinition name="Email" type="string">
        <Description/>
      </AttributeDefinition>
    </Schema>
    <Schema descriptionAttribute="" displayAttribute="Role" identityAttribute="Role" instanceAttribute="" nativeObjectType="group" objectType="group">
      <AttributeDefinition name="Role" type="string">
        <Description/>
      </AttributeDefinition>
    </Schema>
  </Schemas>
  <ApplicationScorecard/>
</Application>
