<?xml version="1.0" encoding="UTF-8" standalone="no"?>
<!DOCTYPE Plugin PUBLIC "sailpoint.dtd" "sailpoint.dtd">
<Plugin displayName="Remote Access" minSystemVersion="7.2" name="remoteaccessplugin"
        version="1.0.0">
    <Attributes>
        <Map>
            <entry key="minUpgradableVersion" value="1.0.1"/>
            <entry key="fullPage">
                <value>
                    <FullPage title="Remote Access Plugin"/>
                </value>
            </entry>
        </Map>
    </Attributes>
</Plugin>