<?xml version='1.0' encoding='UTF-8'?>
<!DOCTYPE Custom PUBLIC "sailpoint.dtd" "sailpoint.dtd">
<Custom name="Manage User Accounts Config">
  <Attributes>
    <Map>
      <entry key="Application Settings">
        <value>
          <Map>
            <!-- Sample configuration -->
            <entry key="LDAP">
              <value>
                <Map>
                  <entry key="Account Operations" value="lock,unlock"/>
                  <entry key="Disable Capability Population" value=""/>
                  <entry key="Enable Capability Population" value=""/>
                  <entry key="Unlock Capability Population" value="IIQ Admin"/>
                  <entry key="Lock Capability Population" value="IIQ Admin"/>
                  <entry key="Create Capability Population" value=""/>
                  <entry key="NoChange Capability Population" value=""/>
                </Map>
              </value>
            </entry>
            <entry key="SAP ECC R3P Domestic">
              <value>
                <Map>
                  <entry key="Account Operations" value="disable,enable"/>
                  <entry key="Disable Capability Population" value=""/>
                  <entry key="Enable Capability Population" value="Manager Or IIQ Admin"/>
                  <entry key="Unlock Capability Population" value=""/>
                  <entry key="Lock Capability Population" value=""/>
                  <entry key="Create Capability Population" value=""/>
                  <entry key="NoChange Capability Population" value=""/>
                </Map>
              </value>
            </entry>
            <entry key="Active Directory">
              <value>
                <Map>
                  <entry key="Account Operations" value="disable,enable"/>
                  <entry key="Disable Capability Population" value="IIQ Admin"/>
                  <entry key="Enable Capability Population" value="IIQ Admin"/>
                  <entry key="Unlock Capability Population" value=""/>
                  <entry key="Lock Capability Population" value=""/>
                  <entry key="Create Capability Population" value=""/>
                  <entry key="NoChange Capability Population" value=""/>
                </Map>
              </value>
            </entry>
          </Map>
        </value>
      </entry>
    </Map>
  </Attributes>
  <Description> Custom object to keep track of application settings for manage user accounts. 
  </Description>
</Custom>