<?xml version='1.0' encoding='UTF-8'?>
<!DOCTYPE QuickLink PUBLIC "sailpoint.dtd" "sailpoint.dtd">
<QuickLink action="workflow" messageKey="account_management_quicklink_message_key" category="Access" name="Manage User Accounts" ordering="8">
  <Attributes>
    <Map>
      <entry key="workflowName" value="Manage User Accounts Workflow"/>
      <entry key="flow" value="Manage User Accounts"/>
      <entry key="httpSession">
        <value>
          <Script>
            <Source><![CDATA[   
              import javax.faces.context.FacesContext;  
              import javax.servlet.http.HttpSession;   
              
              FacesContext fc = FacesContext.getCurrentInstance();  
              HttpSession session = fc.getExternalContext().getSession(true);  
              return session;
            ]]></Source>
          </Script>
        </value>
      </entry>
      <entry key="locale">
        <value>
          <Script>
            <Source><![CDATA[   
              import javax.faces.context.FacesContext;
              import javax.servlet.http.HttpSession;
              import java.util.Locale;
              FacesContext fc = FacesContext.getCurrentInstance();
              Locale locale = fc.getViewRoot().getLocale();
              return locale;
            ]]></Source>
          </Script>
        </value>
      </entry>
    </Map>
  </Attributes>
  <Description>Manage User Accounts</Description>
  <QuickLinkOptions allowOther="true" allowSelf="true">
    <DynamicScopeRef>
      <Reference class="sailpoint.object.DynamicScope" name="Admins"/>
    </DynamicScopeRef>
  </QuickLinkOptions>
  <QuickLinkOptions allowSelf="true">
    <DynamicScopeRef>
      <Reference class="sailpoint.object.DynamicScope" name="Everyone"/>
    </DynamicScopeRef>
  </QuickLinkOptions>
  <QuickLinkOptions allowOther="true" allowSelf="true">
    <DynamicScopeRef>
      <Reference class="sailpoint.object.DynamicScope" name="Manager"/>
    </DynamicScopeRef>
  </QuickLinkOptions>
</QuickLink>