<?xml version="1.0" encoding="UTF-8"?>
<!DOCTYPE Workflow PUBLIC "sailpoint.dtd" "sailpoint.dtd">
<Workflow explicitTransitions="true" name="Manage User Accounts Workflow">
  <Variable name="confirmationForm"/>
  <Variable name="identityModel"/>
  <Variable input="true" name="httpSession" transient="true"/>
  <Variable input="true" name="locale" transient="true"/>
  <Variable name="identityName"/>
  <Variable input="true" name="quickLinkIdentityId"/>
  <Variable initializer="true" name="transient"/>
  <Variable initializer="string:true" name="trace"/>
  <Variable input="true" name="launcher"/>
  <Variable initializer="MANAGE ACCOUNTS FEATURE" name="requestType"/>
  <Variable initializer="AccountsRequest" name="flow"/>
  <Variable editable="true" initializer="false" name="foregroundProvisioning"/>
  <Description> Workflow to do a targeted aggregation on a user. 
  </Description>
  <RuleLibraries>
    <Reference class="sailpoint.object.Rule" name="LCM Workflow Library"/>
    <Reference class="sailpoint.object.Rule" name="Manage User Accounts RuleLibrary"/>
  </RuleLibraries>
  <Step icon="Start" name="Start">
    <Transition to="GetIdentityModel"/>
  </Step>
  <Step action="call:getIdentityModel" icon="Default" name="GetIdentityModel" posX="225" posY="10" resultVariable="identityModel">
    <Arg name="expandIdentity" value="false"/>
    <Arg name="expandLinks" value="false"/>
    <Description>Get the Identity Model for the user</Description>
    <Transition to="Generate Manage User Accounts Form" when="quickLinkIdentityId != null"/>
    <Transition to="Generate Manage Bulk Users Accounts Form"/>
  </Step>
  <Step name="Generate Manage User Accounts Form" resultVariable="manageUserAccountsForm">
    <Script>
      <Source><![CDATA[
			import sailpoint.object.Identity;
			import sailpoint.object.Form;
			import sailpoint.object.Form.Section;
			import sailpoint.object.Form.Button;
			import sailpoint.object.Link;
			import sailpoint.object.Field;
			import sailpoint.object.Rule;
			import sailpoint.object.Filter;
			import sailpoint.object.QueryOptions;
			import sailpoint.object.Custom;
			import sailpoint.object.Script;
			import sailpoint.object.QueryOptions;
			import sailpoint.object.Filter;
			import sailpoint.object.IdentityRequest;
			import sailpoint.object.IdentityRequestItem;
			import sailpoint.tools.Util;
            import sailpoint.tools.GeneralException;
            import java.util.Locale;
			import sailpoint.object.DynamicValue;
			import sailpoint.object.Script;
			import sailpoint.object.Application;
			import sailpoint.tools.Message;
			import sailpoint.object.Attributes;
	  		import javax.faces.application.FacesMessage;
	        import javax.faces.context.FacesContext;
		  	import org.apache.commons.logging.LogFactory;
	      	import org.apache.commons.logging.Log;
        
        	Log logger = LogFactory.getLog("manage.user.accounts");
							
			//get selected identity
			Identity identity = context.getObjectById(Identity.class, quickLinkIdentityId);
			
			List identityNames = new ArrayList();
			identityNames.add(identity.getName());
			
			int managableLinks = 0;
			
			workflow.put("identityNames", identityNames);
			
			Form manageUserAccountsForm = null;
			
			Custom custom = context.getObjectByName(Custom.class, "Manage User Accounts Config");
			
			if(custom == null)
			{
				throw new GeneralException("No applications are configured for Manage Accounts");
			}
			
			//get the app settings from the custom object
			Map appConfigSettings = custom.get("Application Settings");
			
			if(appConfigSettings == null)
			{
				return null;
			}
			
			if(identity != null)
			{
				//build the form
				workflow.put("identityName", identity.getName());
				manageUserAccountsForm = new Form();
				
				List buttons = new ArrayList();
					
				//set title of form
				manageUserAccountsForm.setPageTitle("account_management_form_pagetitle");
					
				//create buttons
				Form.Button next = new Form.Button();
				next.setAction("next");
				next.setLabel("account_management_next");
				Form.Button cancel = new Form.Button();
				cancel.setAction("cancel");
				cancel.setLabel("account_management_cancel");
				buttons.add(cancel);
				
				//add directions to the form if they're set in the messages file
				String directionsText = returnLocalizedMessage("account_management_form_fieldvalue_directions", locale);
				if(!directionsText.isEmpty())
				{
					Section sectionDirections = new Form.Section();
					sectionDirections.setType("text");
					Field fieldDirections = new Field();
					fieldDirections.setType("String");
					fieldDirections.setName("directions");
					fieldDirections.setDisplayName("account_management_form_fieldname_directions");
					identityModel.put("directions", directionsText);
					fieldDirections.setReadOnly(true);
					sectionDirections.add(fieldDirections);
					
					manageUserAccountsForm.add(sectionDirections);
				}
				
				logger.trace("built directions");
				
				//section to show the user that was selected
				Section userSection = new Form.Section();
				userSection.setLabel("account_management_form_sectionlabel_selected_user");
				userSection.setColumns(3);			
			
				//field to show the selected user's displayname
				Field userdisplayNameField = new Field();
				userdisplayNameField.setType("String");
				userdisplayNameField.setName("userDisplayName");
				userdisplayNameField.setDisplayName("account_management_form_fieldname_selected_user_displayname");
				identityModel.put("userDisplayName", identity.getDisplayName());
				userdisplayNameField.setReadOnly(true);
				userdisplayNameField.setColumnSpan(1);
				userSection.add(userdisplayNameField);
				
				//field to show the selected user's email address for identification
				Field userEmailField = new Field();
				userEmailField.setType("String");
				userEmailField.setName("userEmail");
				userEmailField.setDisplayName("account_management_form_fieldname_selected_user_email");
				identityModel.put("userEmail", identity.getEmail());				
				userEmailField.setReadOnly(true);
				userEmailField.setColumnSpan(2);
				userSection.add(userEmailField);
				
				//selected user attributes
				manageUserAccountsForm.add(userSection);
				
				logger.trace("build user attributes");
											
				//map to store the applications and their valid links	
				Map linksMap = new HashMap();

				QueryOptions qoLinks = new QueryOptions();
				qoLinks.add(Filter.ignoreCase(Filter.eq("identity.id", identity.getId())));
				
				List qoLinksSearch = new ArrayList();
				qoLinksSearch.add("id");
				qoLinksSearch.add("application.name");
				
				Iterator iterLinks = context.search(Link.class, qoLinks, qoLinksSearch);
								
				while (iterLinks != null && iterLinks.hasNext())
				{
					Object iterObj = iterLinks.next();
					
					String linkId = iterObj[0];
					String linkAppName = iterObj[1];
										
					Map appConfig = appConfigSettings.get(linkAppName);
					
					//if app exists in config
					if(appConfig != null)
					{
						String appOps = appConfig.get("Account Operations");
						
						//if you have operations
						if(appOps != null && !appOps.isEmpty())
						{
							List appLinks = linksMap.get(linkAppName);
						
							if(appLinks == null)
							{
								appLinks = new ArrayList();
							}
							
							appLinks.add(linkId);
							
							linksMap.put(linkAppName, appLinks);
						}
					}
				}
				Util.flushIterator(iterLinks);
				
				
				//section to create a new account for a user
			/*	Section createSection = new Form.Section();	
				createSection.setColumns(3);
				String createSectionLabel = returnLocalizedMessage("account_management_form_create_account_label", locale);
				createSection.setLabel(identity.getDisplayName() + " " + createSectionLabel);
				
				Field createAccount = new Field();
				createAccount.setType("String");
				createAccount.setName("createAccount_IIQSPLIT_" + identity.getName());
				createAccount.setDisplayName("account_management_form_create_account_field_name");
				createAccount.setColumnSpan(1);
				createAccount.setMulti(true);
				createAccount.setPostBack(true);
				
				Field createRequesterComments = new Field();
				createRequesterComments.setColumnSpan(2);
				createRequesterComments.setName("createRequesterComments_IIQSPLIT_" + identity.getName());
				createRequesterComments.setDisplayName("account_management_form_create_comments_field_name");
				createRequesterComments.setType("String");
				createRequesterComments.setDisplayType("textarea");
				createRequesterComments.setDynamic(true);
				createRequesterComments.setRequired(true);
				Script hiddenCreateCommentsScript = new Script("if(createAccount_IIQSPLIT_" + identity.getName() + "!= null && !createAccount_IIQSPLIT_" + identity.getName() + ".isEmpty()) return false; else return true;");										
				createRequesterComments.addAttribute("hidden", hiddenCreateCommentsScript);

				List appsUserDoesntHave = allApplicationsUserDoesNotHave(context, identity);
				
				List allowedValuesCreateAccount = new ArrayList();
				
				if(appsUserDoesntHave != null && !appsUserDoesntHave.isEmpty())
				{
					for(String appName : appsUserDoesntHave)
					{
						Map appConfig = appConfigSettings.get(appName);
						
						if(appConfig != null)
						{
							String accManagementOps = appConfig.get("Account Operations");	
							
							if(accManagementOps != null && containsIgnoreCase(accManagementOps, "Create"))
							{
								allowedValuesCreateAccount.add(appName);
							}
						}
					}
				}
				
				if(allowedValuesCreateAccount != null && !allowedValuesCreateAccount.isEmpty())
				{
					createAccount.setAllowedValues(allowedValuesCreateAccount);
					createSection.add(createAccount);
					createSection.add(createRequesterComments);
					manageUserAccountsForm.add(createSection);
				}
				*/
				
				//iterate over all the application names on the user and get their list of link ids
				for(String applicationName : linksMap.keySet())
				{
					Boolean firstLink = true;
					List appLinks = linksMap.get(applicationName);
										
										System.out.println("inside app: " + applicationName);
					Map appConfig = appConfigSettings.get(applicationName);
										
					String accManagementOps = appConfig.get("Account Operations");	
					
					//pull the populations off the application that dictate which users have access to the lifecycle events
					String accManagementDisableCapabilityPop = appConfig.get("Disable Capability Population");	
					String accManagementEnableCapabilityPop = appConfig.get("Enable Capability Population");	
					String accManagementLockCapabilityPop = appConfig.get("Lock Capability Population");	
					String accManagementUnlockCapabilityPop = appConfig.get("Unlock Capability Population");	
					String accManagementCreateCapabilityPop = appConfig.get("Create Capability Population");	
					String accManagementNoChangeCapabilityPop = appConfig.get("NoChange Capability Population");	
					
	
										
					//iterate over all the links that are in the application
					for(String linkId : appLinks)
					{
						//section for each of the user's account links, for the first one show the section header
						Section linkSelection = new Form.Section();
						linkSelection.setColumns(3);
						System.out.println("inside link: " + linkId);
					
						Link link = context.getObjectById(Link.class, linkId);
						
						//check if we want to ignore this on a link level
						String linkIgnoreManageUseraccounts = link.getAttribute("linkIgnoreManageUseraccounts");
						
						if(linkIgnoreManageUseraccounts == null || !linkIgnoreManageUseraccounts.equalsIgnorecase("true"))
						{							
							//if its the first link put a label over it
							if(firstLink)
							{
								//application account label
								String accountsText = returnLocalizedMessage("account_management_form_fieldname_accounts", locale);
								
								linkSelection.setLabel(identity.getDisplayName() + " " + applicationName + " " + accountsText);
								firstLink = false;
							}
							
							//field for account's app name
							Field appName = new Field();
							appName.setType("String");
							appName.setName("applicationName_IIQSPLIT_" + linkId);
							appName.setDisplayName("account_management_form_fieldname_account_application_name");
							identityModel.put("applicationName_IIQSPLIT_" + linkId, applicationName);				
							appName.setReadOnly(true);
							appName.setColumnSpan(1);
							linkSelection.add(appName);
							
							//field for account's account name
							Field accountName = new Field();
							accountName.setType("String");
							accountName.setName("accountName_IIQSPLIT_" + linkId);
							accountName.setDisplayName("account_management_form_fieldname_account_name");
							identityModel.put("accountName_IIQSPLIT_" + linkId, link.getNativeIdentity());				
							accountName.setReadOnly(true);
							accountName.setColumnSpan(1);
							linkSelection.add(accountName);
							
							String currentStatusString = "";
					
							if(link.isDisabled())
							{
								currentStatusString = "Disabled";
							}
							else if(link.isLocked())
							{
								currentStatusString = "Locked";
							}
							else
							{
								currentStatusString = "Active";
							}
							
							//field for account's current status
							Field currentStatus = new Field();
							currentStatus.setType("String");
							currentStatus.setName("currentStatus_IIQSPLIT_" + linkId);
							currentStatus.setDisplayName("account_management_form_fieldname_current_account_status");
							identityModel.put("currentStatus_IIQSPLIT_" + linkId, currentStatusString);				
							currentStatus.setReadOnly(true);
							currentStatus.setColumnSpan(1);
							linkSelection.add(currentStatus);
							
							//generate the allowed values to update the account from the list
							List updatedStatusAllowedValues = new ArrayList();
							
							if(currentStatusString.equalsIgnoreCase("Disabled"))
							{
								if(containsIgnoreCase(accManagementOps, "Enable") && isIdentityInPopulation(context, launcher, accManagementEnableCapabilityPop))
								{
									updatedStatusAllowedValues.add("account_management_enable");
								}
								if(containsIgnoreCase(accManagementOps, "Lock") && isIdentityInPopulation(context, launcher, accManagementLockCapabilityPop))
								{
									updatedStatusAllowedValues.add("account_management_lock");
								}
							}
							else if(currentStatusString.equalsIgnoreCase("Locked"))
							{
								if(containsIgnoreCase(accManagementOps, "Unlock") && isIdentityInPopulation(context, launcher, accManagementUnlockCapabilityPop))
								{
									updatedStatusAllowedValues.add("account_management_unlock");
								}
								if(containsIgnoreCase(accManagementOps, "Disable") &&  isIdentityInPopulation(context, launcher, accManagementDisableCapabilityPop))
								{
									updatedStatusAllowedValues.add("account_management_disable");
								}
							}
							else if(currentStatusString.equalsIgnoreCase("Active"))
							{
								if(containsIgnoreCase(accManagementOps, "Lock") && isIdentityInPopulation(context, launcher, accManagementLockCapabilityPop))
								{
									updatedStatusAllowedValues.add("account_management_lock");
								}
								
								if(containsIgnoreCase(accManagementOps, "Disable") && isIdentityInPopulation(context, launcher, accManagementDisableCapabilityPop))
								{
									updatedStatusAllowedValues.add("account_management_disable");
								}
							}
														
							//if a user not 
							if(updatedStatusAllowedValues.isEmpty())
							{
								//if no change is in the ops string and no pop set or is set and user is in it show the value
								if(containsIgnoreCase(accManagementOps, "NoChange") && isIdentityInPopulation(context, launcher, accManagementNoChangeCapabilityPop))
								{
									updatedStatusAllowedValues.add("account_management_no_change");
								}
							}
							else
							{
								//if we have at least one other value then put no change so users can select it
								updatedStatusAllowedValues.add("account_management_no_change");
							
								//we have at least one option so its manageable, start counting so we know to hide the next button or not
								managableLinks++;
							}
							
							//if no allowed values don't show account
							if(!updatedStatusAllowedValues.isEmpty())
							{
								//field the launcher will fill the information into
								Field updatedStatus = new Field();
								updatedStatus.setType("String");
								updatedStatus.setPostBack(true);
								updatedStatus.setName("updatedStatus_IIQSPLIT_" + linkId);
								updatedStatus.setDisplayName("account_management_form_fieldname_account_options");
								updatedStatus.setDisplayType("radio");
								updatedStatus.setDefaultValue("account_management_no_change");
								
								updatedStatus.setColumnSpan(1);
								updatedStatus.setAllowedValuesDefinition(new DynamicValue(null, null, updatedStatusAllowedValues));  
																		
								QueryOptions qo = new QueryOptions();
								qo.addFilter(Filter.eq("type", "AccountsRequest"));
								qo.addFilter(Filter.eq("targetId", identity.getId()));
								qo.addFilter(Filter.eq("executionStatus", "Executing"));
								
								Iterator iter = context.search(IdentityRequest.class, qo);
								
								Boolean existingRequest = false;
								
								while (iter != null && iter.hasNext())
								{
									IdentityRequest idReq = (IdentityRequest) iter.next();
					
									if (idReq != null)
									{
										List identityRequestItems = idReq.getItems();
										
										if(identityRequestItems != null && !identityRequestItems.isEmpty())
										{
											for(IdentityRequestItem item : identityRequestItems)
											{
												String itemProvState = returnBlank(item.getProvisioningState());
												String itemApplicationName = returnBlank(item.getApplication());
												String itemOperation = returnBlank(item.getOperation());
												String itemNativeIdentity = returnBlank(item.getNativeIdentity());
												//String itemApprovalState = returnBlank(item.getApprovalState());
												
												if(itemProvState.equalsIgnoreCase("Pending") && itemApplicationName.equalsIgnoreCase(applicationName) 
													&& !itemOperation.equalsIgnoreCase("Set") && itemNativeIdentity.equalsIgnoreCase(link.getNativeIdentity()))
												{
													updatedStatus.setReadOnly(true);
													String helpkey = statusDirectionsText = returnLocalizedMessage("account_management_form_helpkey_current_account_status", locale);
													updatedStatus.setHelpKey(idReq.getName() + " " + statusDirectionsText);
													
													existingRequest = true;
													break;
												}
											}
											
											if(existingRequest)
											{
												break;
											}
										}
									}
								}
								Util.flushIterator(iter);
								
								linkSelection.add(updatedStatus);
								
								Script hiddenScript = new Script("if(!updatedStatus_IIQSPLIT_" + linkId + ".equalsIgnoreCase(\"account_management_no_change\")) return false; else return true;");										
								
								Field requesterComments = new Field();
								requesterComments.setColumnSpan(2);
								requesterComments.setName("requesterComments_IIQSPLIT_" + linkId);
								requesterComments.setDisplayName("account_management_form_fieldname_requester_comments");
								requesterComments.setType("String");
								requesterComments.setDisplayType("textarea");
								requesterComments.setDynamic(true);
								requesterComments.setRequired(true);
								requesterComments.addAttribute("hidden", hiddenScript);
								
								linkSelection.add(requesterComments);
																		
								manageUserAccountsForm.add(linkSelection);
							}									
						}
					
					}					
				}
				
				//if we have manageable links then show the next button, otherwise hide it
				if(managableLinks != 0)
				{
					buttons.add(next);
				}
				
				manageUserAccountsForm.setButtons(buttons);
			}
			else
			{
				logger.error("identity is null");
			}
						
			return manageUserAccountsForm;
	]]></Source>
    </Script>
    <Transition to="Show Manage User Accounts Form">
      <Script>
        <Source>
		      <![CDATA[
		      	if(manageUserAccountsForm != null)
		      	{
		      		return true;
		      	}
		      	return false;
			
		       ]]>
        </Source>
      </Script>
    </Transition>
    <Transition to="End"/>
  </Step>
  <Step icon="Approval" name="Show Manage User Accounts Form">
    <Approval mode="serial" owner="ref:launcher" return="identityModel" send="launcher, identityModel">
      <Arg name="workItemType" value="Form"/>
      <Arg name="workItemDescription" value="GetIdentityModels"/>
      <Arg name="workItemForm" value="ref:manageUserAccountsForm"/>
      <Arg name="workItemFormBasePath" value="identityModel"/>
    </Approval>
    <Transition to="Build Confirmation Form" when="lastApprovalState.equalsIgnoreCase(&quot;Finished&quot;);"/>
  </Step>
  <Step action="call:buildReadOnlyForm" name="Build Confirmation Form" resultVariable="confirmationForm">
    <Arg name="form" value="ref:manageUserAccountsForm"/>
    <Arg name="pageTitle" value="Show Manage User Accounts Confirmation Form"/>
    <Arg name="nextButtonLabel" value="account_management_submit"/>
    <Description> Create the read-only form to be displayed. 
    </Description>
    <Transition to="Show Manage User Accounts Confirmation Form"/>
  </Step>
  <Step icon="Approval" name="Show Manage User Accounts Confirmation Form">
    <Approval mode="serial" owner="ref:launcher" return="identityModel" send="launcher, identityModel">
      <Arg name="workItemType" value="Form"/>
      <Arg name="workItemDescription" value="Manage User Accounts Confirmation Form"/>
      <Arg name="workItemForm" value="ref:confirmationForm"/>
      <Arg name="workItemFormBasePath" value="identityModel"/>
    </Approval>
    <Transition to="Show Manage User Accounts Form" when="lastApprovalState.equalsIgnoreCase(&quot;Rejected&quot;);"/>
    <Transition to="Form Submitted Message" when="lastApprovalState.equalsIgnoreCase(&quot;Finished&quot;);"/>
  </Step>
  <Step name="Form Submitted Message">
    <Script>
      <Source><![CDATA[

  		import javax.faces.application.FacesMessage;
        import javax.faces.context.FacesContext;
	  	import org.apache.commons.logging.LogFactory;
      	import org.apache.commons.logging.Log;
        import java.util.List;
        import java.util.ArrayList;

		String messageText = returnLocalizedMessage("account_management_form_submission_message", locale);
		
        String message = messageText + ": " + identityName;
        
        FacesMessage myMessage = new FacesMessage(FacesMessage.SEVERITY_INFO, message, "This is ignored");
        List myMessages = new ArrayList(); 
		myMessages.add(myMessage);
		
		if(httpSession != null)
		{
			httpSession.setAttribute("sailpoint.web.PageCodeBase.sessionMessages", myMessages);
		}
	]]></Source>
    </Script>
    <Transition to="Generate Plan"/>
  </Step>
  <Step name="Generate Plan" resultVariable="plans">
    <Script>
      <Source>
        <![CDATA[
			import sailpoint.object.Link;
			import java.util.Date;
			import sailpoint.tools.Util;
			import sailpoint.object.Identity;
	  		import sailpoint.api.IdentityService;
			import sailpoint.object.Application;
			import sailpoint.object.Attributes;
			import sailpoint.object.Link;
			import sailpoint.object.ProvisioningPlan;
			import sailpoint.object.ProvisioningPlan.AttributeRequest;
			import sailpoint.object.ProvisioningPlan.AccountRequest;
			import sailpoint.object.ProvisioningPlan.Operation;
			import org.apache.commons.logging.Log;
			import org.apache.commons.logging.LogFactory;
			  		
			Log logger = LogFactory.getLog("clorox.worker.conversion.workflow");
			
			Map identityAccountRequests = new HashMap();
						
			//get the updated links from the identityModel
			for(String key : identityModel.keySet())
			{
				//only go over the keys that have updatedStatus
				if(key.contains("updatedStatus_IIQSPLIT_"))
				{
					//split by the IIQSPLIT delimiter
					String[] keyArray = key.split("_IIQSPLIT_");
	
					//verify we only have two values
					if(keyArray.length == 2)
					{
						//get the linkId for the status that was changed
						String linkId = keyArray[1];
						
						//get the value of the key that was chosen
						String updatedStatus = identityModel.get(key);
						
						if(updatedStatus != null && !updatedStatus.isEmpty() && !updatedStatus.equalsIgnoreCase("No Change"))
						{
							Link link = context.getObjectById(Link.class, linkId);

							Identity identity = link.getIdentity();
							
							String appName = link.getApplicationName();
							AccountRequest accReq = null;
						
							if(updatedStatus.equalsIgnoreCase("account_management_lock"))
							{
								accReq = new AccountRequest(AccountRequest.Operation.Lock, appName, null, link.getNativeIdentity());
							}
							else if(updatedStatus.equalsIgnoreCase("account_management_unlock"))
							{
								accReq = new AccountRequest(AccountRequest.Operation.Unlock, appName, null, link.getNativeIdentity());
							}
							else if(updatedStatus.equalsIgnoreCase("account_management_disable"))
							{
								accReq = new AccountRequest(AccountRequest.Operation.Disable, appName, null, link.getNativeIdentity());
							}
							else if(updatedStatus.equalsIgnoreCase("account_management_enable"))
							{
								accReq = new AccountRequest(AccountRequest.Operation.Enable, appName, null, link.getNativeIdentity());
							}
							else if(updatedStatus.equalsIgnoreCase("account_management_delete"))
							{
								accReq = new AccountRequest(AccountRequest.Operation.Delete, appName, null, link.getNativeIdentity());
							}
							
							String comment = identityModel.get("requesterComments_IIQSPLIT_" + linkId);
						
							if(comment != null && !comment.isEmpty())
							{
								accReq.setComments(comment);
							}
							
							List accountRequests = identityAccountRequests.get(identity.getName());
							
							if(accountRequests == null)
							{
								accountRequests = new ArrayList();
							}
							
							accountRequests.add(accReq);
							
							identityAccountRequests.put(identity.getName(), accountRequests);
						}
					}
				}
			}
										
			Map attributes = new HashMap();
			attributes.put("requester", launcher);
			attributes.put("source", "Account Change");
			attributes.put("requestType","Account Change");

			Attributes attr = new Attributes(attributes);
			
			List plans = new ArrayList();
			
			for(String identityName : identityAccountRequests.keySet())
			{
				List accountRequests = identityAccountRequests.get(identityName);
				
				if(accountRequests != null && !accountRequests.isEmpty())
				{
					ProvisioningPlan plan = new ProvisioningPlan();
					plan.setIdentity(context.getObjectByName(Identity.class, identityName));
					
					plan.setArguments(attr);
					
					plan.setAccountRequests(accountRequests);
					
					plans.add(plan);
				}
			}
			
			return plans;
			
	    ]]>
      </Source>
    </Script>
    <Transition to="End" when="plans == null || plans.size() &lt; 1"/>
    <Transition to="Approve and Provision"/>
  </Step>
  <Step name="Approve and Provision">
    <Script>
      <Source><![CDATA[
		import sailpoint.object.Custom;
		import sailpoint.object.Identity;
		import sailpoint.object.RequestDefinition;
		import sailpoint.object.Request;
		import sailpoint.object.Filter;
		import sailpoint.object.QueryOptions;
		import sailpoint.object.Link;
		import sailpoint.object.ProvisioningPlan;
		import sailpoint.object.Workflow;
		import sailpoint.object.Application;
		import sailpoint.api.IdentityService;
		import java.text.SimpleDateFormat;
		import java.text.DateFormat;
		import java.util.Date;
		import java.util.Calendar;
		
		import org.apache.commons.logging.Log;
		import org.apache.commons.logging.LogFactory;
		import org.apache.log4j.Logger;
		import org.apache.log4j.Level;
		
		for(ProvisioningPlan plan : plans)
		{
			Identity identity = plan.getIdentity();
			String identityName = identity.getName();
			String identityDisplayName = identity.getDisplayName();
			
			RequestDefinition reqDef = context.getObjectByName(RequestDefinition.class, "Workflow Request");
			Request request = new Request(reqDef); 
			String requestName = "Manage User Accounts Request for: " + identityName;
			request.setName(requestName);
			request.setAttribute("workflow", "Manage User Accounts Provision Workflow");
			request.setAttribute("identityName", identityName);
			request.setAttribute("launcher", launcher);
			request.setAttribute("identityDisplayName", identityDisplayName);
			request.setAttribute("plan", plan);
			request.setAttribute("flow", flow);
			request.setAttribute("trace", trace);
			request.setAttribute("requestType", requestType);
	
			request.setNextLaunch(new Date());
			context.saveObject(request);
			context.commitTransaction();
		}
	        					
	]]></Source>
    </Script>
    <Transition to="End"/>
  </Step>
  <Step icon="Stop" name="End"/>
</Workflow>