<?xml version="1.0" encoding="UTF-8"?>
<!DOCTYPE Workflow PUBLIC "sailpoint.dtd" "sailpoint.dtd">
<Workflow explicitTransitions="true" name="Manage User Accounts Provision Workflow">
	<Variable name="identityRequestId" />
  	<Variable name="identityName" input="true"/>
    <Variable initializer="true" name="transient"/>
	<Variable input="true" name="trace"/>
	<Variable name="auditMap"/>
  	<Variable input="true" name="launcher"/>
  	<Variable initializer="MANAGE ACCOUNTS FEATURE" name="requestType"/>
  	<Variable initializer="AccountsRequest" name="flow"/>
	<Variable editable="true" initializer="false" name="foregroundProvisioning"/>
  <Description>
		Workflow to do a targeted aggregation on a user.
  </Description>
  <RuleLibraries>
    <Reference class="sailpoint.object.Rule" name="LCM Workflow Library"/>
  </RuleLibraries>
  <Step icon="Start" name="Start">
    <Transition to="Create Audit Event"/>
  </Step>
  <Step name="Create Audit Event">
    <Script>
      <Source>
      	<![CDATA[
      	import sailpoint.object.AuditEvent;
		import sailpoint.object.ProvisioningPlan;
		import sailpoint.object.ProvisioningPlan.AccountRequest;
		import sailpoint.object.ProvisioningPlan.AccountRequest.Operation;
		import sailpoint.object.ProvisioningPlan.AttributeRequest;	
		
      	//need to get a map of application to account requests to build out audit appropriately
      	
      	Map applicationAccountRequestsMap = new HashMap();
      	List accountRequests = plan.getAccountRequests();
      	
       	for(AccountRequest accReq : accountRequests)
       	{
       		String appName = accReq.getApplication();
            		
       		//get the appname from the map that has all the lists of account requests
       		List appAccountRequestList = applicationAccountRequestsMap.get(appName);
	            		
       		//if no list then create one
       		if(appAccountRequestList == null)
       		{
       			appAccountRequestList = new ArrayList();
       		}
	        	
       		if(accReq != null)
       		{
       			appAccountRequestList.add(accReq);
       		}
	            		
	        applicationAccountRequestsMap.put(appName, appAccountRequestList);
		}
		
		//iterate over each application's account requests for user
		for(String appName : applicationAccountRequestsMap.keySet())
		{
			List accReqsList = applicationAccountRequestsMap.get(appName);
			
			//iterate over each account request in the appname for user
			for(AccountRequest accReq : accReqsList)
			{
				String nativeIdentity = accReq.getNativeIdentity();
				
				//build all the audits
	            AuditEvent aEvent = new AuditEvent(launcher,"manageUserAccounts", launcher);
	            
	            aEvent.setTarget(identityName);
	            aEvent.setInstance(flow);
	            aEvent.setAttributeName("operation");
	            aEvent.setApplication(appName);
	            aEvent.setAttributeValue(accReq.getOperation().toString());
  				aEvent.setAccountName(nativeIdentity);
  				
  				context.saveObject(aEvent);
  				context.commitTransaction();
  				
  				//store the audit
  				String id = aEvent.getId();
  				applicationAccountRequestsMap.put(appName + "#IIQ_SPLIT#" + nativeIdentity, id);
			}
		}		

		workflow.put("auditMap", applicationAccountRequestsMap);

		]]>
		</Source>
    </Script>
    <Transition to="Process Plan"/>
  </Step>
  <Step icon="Task" name="Process Plan" posX="568" posY="242">
        <Arg name="enableRetryRequest"/>
        <Arg name="fallbackApprover"/>
        <Arg name="endDate"/>
        <Arg name="endOnManualWorkItems"/>
        <Arg name="policiesToCheck"/>
        <Arg name="formAttrs"/>
        <Arg name="noApplicationTemplates"/>
        <Arg name="workItemComments" value="ref:workItemComments"/>
        <Arg name="interceptedNativeId"/>
        <Arg name="identityRequestId"/>
        <Arg name="source" value="ref:source"/>
        <Arg name="identityDisplayName" value="ref:identityDisplayName"/>
        <Arg name="foregroundProvisioning" value="ref:foregroundProvisioning"/>
        <Arg name="batchRequestItemId"/>
        <Arg name="splitPlans"/>
        <Arg name="validateMultipleForms"/>
        <Arg name="doRefresh"/>
        <Arg name="plan" value="ref:plan"/>
        <Arg name="flow" value="ref:flow"/>
        <Arg name="validationStringLeftRightError"/>
        <Arg name="bypassApprovals"/>
        <Arg name="emergReq"/>
        <Arg name="identityName" value="ref:identityName"/>
        <Arg name="psaValidationError"/>
        <Arg name="violationReviewDecision"/>
        <Arg name="filterRejects"/>
        <Arg name="isValidBatchRequest"/>
        <Arg name="interceptorErrorMessage"/>
        <Arg name="splitProvisioning"/>
        <Arg name="noFiltering"/>
        <Arg name="splitProjects"/>
        <Arg name="noTriggers"/>
        <Arg name="autoVerifyIdentityRequest"/>
        <Arg name="isProvisioningFailed"/>
        <Arg name="validatePSA"/>
        <Arg name="ticketManagementApplication"/>
        <Arg name="asyncCacheRefresh"/>
        <Arg name="startDate"/>
        <Arg name="ticketId"/>
        <Arg name="launcher" value="ref:launcher"/>
        <Arg name="requestedAppName"/>
        <Arg name="allowRequestsWithViolations"/>
        <Arg name="fireFighterAccess"/>
        <Arg name="validationFireFighter"/>
        <Arg name="workItemPriority"/>
        <Arg name="provisioningErrors"/>
        <Arg name="requireViolationReviewComments"/>
        <Arg name="splitApprovalSet"/>
        <Arg name="trace" value="ref:trace"/>
        <Arg name="requiredApprovalTypes"/>
        <Arg name="disableIdentityRequests"/>
        <Arg name="suppressNotifications"/>
        <Arg name="doRefreshLogicalApps"/>
        <Arg name="endOnProvisioningForms"/>
        <Arg name="splitWorkItemComments"/>
        <Arg name="event"/>
        <Arg name="isEligibleForSplit"/>
        <Arg name="forceClassicApprovalUI"/>
        <Arg name="enablePSA"/>
        <Arg name="sendRequestNotifications"/>
        <Arg name="requestType" value="ref:requestType"/>
        <Arg name="extSendRequestorNotifications" value="true"/>
        <Arg name="isNoSplitManagerApprovalRequired"/>
        <Arg name="policyViolations"/>
        <Arg name="trigger"/>
        <Arg name="identityEmail"/>
        <Arg name="postProvisioningRule"/>
        <Arg name="policyScheme"/>
        <Arg name="subflowName"/>
        <Arg name="requestor" value="ref:launcher"/>
        <Arg name="setPreviousApprovalDecisions"/>
        <Arg name="batchValidationError"/>
        <Arg name="doModifyProject"/>
        <Arg name="extPolicyScheme"/>
        <Arg name="doTargetAggregate"/>
        <Arg name="optimisticProvisioning"/>
        <Return name="approvalSet" to="approvalSet"/>
        <Return name="project" to="project"/>
        <Return name="spExtAttrs" to="spExtAttrs"/>
        <Return name="identityRequestId" to="identityRequestId"/>
        <WorkflowRef>
            <Reference class="sailpoint.object.Workflow" name="Workflow-FrameWork-Wrapper"/>
        </WorkflowRef>
        <Transition to="Update AuditEvent"/>
    </Step>
  <Step name="Update AuditEvent">
    <Script>
      <Source><![CDATA[
		import sailpoint.object.IdentityRequest;
		import sailpoint.object.IdentityRequestItem;
		import sailpoint.object.AuditEvent;
		import sailpoint.object.Attributes;
		/*
		IdentityRequest identityRequest = context.getObjectByName(IdentityRequest.class, identityRequestId);
		
		//go through the audit map and set the identity request on each in the arguments to the identity request id
		if(auditMap != null)
		{
			for(String key: auditMap.keySet())
			{
				//get the id
				String auditId = auditMap.get(key);
				
				if(auditId != null)
				{
					AuditEvent aEvent = context.getObjectById(AuditEvent.class, auditId);
					
					//set attributes where identity request id is the id of the idetntity request
					if(aEvent != null)
					{
						Map eventArgs = new HashMap();
						eventArgs.put("IdentityRequest ID", identityRequestId);
						
						aEvent.setAttributes(new Attributes(eventArgs));
					}
				}
			}
		}
		
		List items = identityRequest.getItems();
		
		if(items != null)
		{
			for(IdentityRequestItem item : items)
			{
				String itemProvState = returnBlank(item.getProvisioningState());
				String itemApplicationName = returnBlank(item.getApplication());
				String itemOperation = returnBlank(item.getOperation());
				String itemNativeIdentity = returnBlank(item.getNativeIdentity());
				String itemApprovalState = returnBlank(item.getApprovalState());
				String itemApproverName = returnBlank(item.getApproverName());
				
				
				String auditKey = itemApplicationName + "#IIQ_SPLIT#" + itemNativeIdentity;
				
				String auditId = auditMap.get(auditKey);
				
				if(auditId != null)
				{
					AuditEvent aEvent = context.getObjectById(AuditEvent.class, auditId);
					
					
					
					if(aEvent != null)
					{
						
					}
				}
				//AuditEvent aEvent = 
				
				if(itemProvState.equalsIgnoreCase("Pending") && itemApplicationName.equalsIgnoreCase(applicationName) 
					&& !itemOperation.equalsIgnoreCase("Set") && itemNativeIdentity.equalsIgnoreCase(link.getNativeIdentity()))
				{
					updatedStatus.setReadOnly(true);
					String helpkey = statusDirectionsText = returnLocalizedMessage("account_management_form_helpkey_current_account_status", locale);
					updatedStatus.setHelpKey(idReq.getName() + " " + statusDirectionsText);
					
					existingRequest = true;
					break;
				}
			}
		}
		
		*/
	]]></Source>
    </Script>
    <Transition to="End"/>
  </Step>
  <Step icon="Stop" name="End"/>
</Workflow>
