<?xml version='1.0' encoding='UTF-8'?>
<!DOCTYPE TaskDefinition PUBLIC "sailpoint.dtd" "sailpoint.dtd">
<TaskDefinition executor="com.sailpoint.pse.tools.multithreadedtoolkit.task.MultiThreadedTask" name="MultiThreaded Framework Task" resultAction="Rename" subType="Generic" type="Generic" progressInterval="5000" progressMode="String" template="true">
  <Attributes>
    <Map>
    </Map>
  </Attributes>
  <Description>Launches a MultiThreaded custom task using bean shell rules.</Description>
  <Owner>
    <Reference class="sailpoint.object.Identity" name="spadmin"/>
  </Owner>
  <Signature>
    <Inputs>
      <Argument helpKey="The initialization class is a class that does initial setup logic before the queue builder logic is invoked. Use the fully qualified name." name="initializationClassName" type="string">
        <Description>Initialization class name.</Description>
        <Prompt>Initialization class name.</Prompt>
      </Argument>
      <Argument helpKey="The Queue-builder class is a class that identifies items to process and puts Strings onto the workQueue for worker threads to process. Use the fully qualified name." name="queueBuilderClassName" type="string">
        <Description>Queue-builder class name.</Description>
        <Prompt>Queue-builder class name.</Prompt>
      </Argument>
      <Argument helpKey="The Per-item class is a class that accepts a String called &apos;workItem&apos; that idenifies an object or data set to process.  It parses the workItem string and does whatever work the class intends to accomplish. Use the fully qualified name." name="perItemClassName" type="string">
        <Description>Per-item class name.</Description>
        <Prompt>Per-item class name.</Prompt>
      </Argument>
      <Argument helpKey="The cleanup class is a class that does cleanup or tear-down logic after the per-item logic has completed. Use the fully qualified name." name="cleanupClassName" type="string">
        <Description>Cleanup class name.</Description>
        <Prompt>Cleanup class name.</Prompt>
      </Argument>
      <Argument filterString="type == Rule.Type.BuildMap" helpKey="The initialization rule is a rule that does initial setup logic before the queue builder rule is invoked." name="initializationRuleName" type="Rule">
        <Description>Initialization rule name.</Description>
        <Prompt>Initialization rule name.</Prompt>
      </Argument>
      <Argument filterString="type == Rule.Type.BuildMap" helpKey="The Queue-builder rule is a rule that identifies items to process and puts Strings onto the workQueue for worker threads to process." name="queueBuilderRuleName" type="Rule">
        <Description>Queue-builder rule name.</Description>
        <Prompt>Queue-builder rule name.</Prompt>
      </Argument>
      <Argument filterString="type == Rule.Type.BuildMap" helpKey="The Per-item rule is a rule that accepts a String called &apos;workItem&apos; that idenifies an object or data set to process.  It parses the workItem string and does whatever work the Rule intends to accomplish." name="perItemRuleName" type="Rule">
        <Description>Per-item rule name.</Description>
        <Prompt>Per-item rule name.</Prompt>
      </Argument>
      <Argument filterString="type == Rule.Type.BuildMap" helpKey="The cleanup rule is a rule that does cleanup or tear-down logic after the per-item rules have completed." name="cleanupRuleName" type="Rule">
        <Description>Cleanup rule name.</Description>
        <Prompt>Cleanup rule name.</Prompt>
      </Argument>
      <Argument helpKey="The number of threads to use during processing.  If not specified the number of threads defaults to 2x the number of cores available on the Task Server running the task." name="numThreadsConfig" type="int">
        <Description>Number of worker threads.</Description>
        <Prompt>Number of worker threads.</Prompt>
      </Argument>
      <Argument helpKey="help_task_run_rule_ruleconfig" name="ruleConfig" type="string">
        <Prompt>label_rule_config</Prompt>
      </Argument>
    </Inputs>
  </Signature>
</TaskDefinition>