<?xml version="1.0" encoding="UTF-8"?>
<!DOCTYPE Application PUBLIC "sailpoint.dtd" "sailpoint.dtd">
<Application connector="sailpoint.connector.webservices.WebServicesConnector" featuresString="PROVISIONING, ENABLE, ADDITIONAL_ACCOUNT_REQUEST, ACCOUNT_ONLY_REQUEST" name="Coupa" profileClass="" type="Web Services">
  <AccountCorrelationConfig>
    <Reference class="sailpoint.object.CorrelationConfig" name="Coupa CorrelationConfig"/>
  </AccountCorrelationConfig>
  <Attributes>
    <Map>
      <entry key="addRemoveEntInSingleReq">
        <value>
          <Boolean/>
        </value>
      </entry>
      <entry key="afterProvisioningRule"/>
      <entry key="authenticationMethod" value="BasicLogin"/>
      <entry key="beforeProvisioningRule"/>
      <entry key="clientCertAuthEnabled">
        <value>
          <Boolean/>
        </value>
      </entry>
      <entry key="compositeDefinition"/>
      <entry key="connectionParameters">
        <value>
          <List>
            <Map>
              <entry key="afterRule"/>
              <entry key="beforeRule"/>
              <entry key="body">
                <value>
                  <Map>
                    <entry key="bodyFormData"/>
                    <entry key="bodyFormat" value="raw"/>
                    <entry key="jsonBody"/>
                  </Map>
                </value>
              </entry>
              <entry key="contextUrl" value="/api/users"/>
              <entry key="header">
                <value>
                  <Map>
                    <entry key="Accept" value="application/json"/>
                    <entry key="Content-Type" value="application/json"/>
                    <entry key="X-COUPA-API-KEY" value="$application.password$"/>
                  </Map>
                </value>
              </entry>
              <entry key="httpMethodType" value="GET"/>
              <entry key="operationType" value="Test Connection"/>
              <entry key="paginationSteps"/>
              <entry key="pagingInitialOffset">
                <value>
                  <Integer>0</Integer>
                </value>
              </entry>
              <entry key="pagingSize">
                <value>
                  <Integer>50</Integer>
                </value>
              </entry>
              <entry key="resMappingObj"/>
              <entry key="responseCode">
                <value>
                  <List>
                    <String>2**</String>
                  </List>
                </value>
              </entry>
              <entry key="rootPath"/>
              <entry key="sequenceNumberForEndpoint" value="1"/>
              <entry key="uniqueNameForEndPoint" value="Test Connection"/>
              <entry key="xpathNamespaces"/>
            </Map>
            <Map>
              <entry key="afterRule"/>
              <entry key="beforeRule"/>
              <entry key="body">
                <value>
                  <Map>
                    <entry key="bodyFormData"/>
                    <entry key="bodyFormat" value="raw"/>
                    <entry key="jsonBody"/>
                  </Map>
                </value>
              </entry>
              <entry key="contextUrl" value="/api/users"/>
              <entry key="header">
                <value>
                  <Map>
                    <entry key="Accept" value="application/json"/>
                    <entry key="Content-Type" value="application/json"/>
                    <entry key="X-COUPA-API-KEY" value="$application.password$"/>
                  </Map>
                </value>
              </entry>
              <entry key="httpMethodType" value="GET"/>
              <entry key="operationType" value="Account Aggregation"/>
              <entry key="paginationSteps" value="$nextOffset$ = $nextOffset$ + 50&#10;$endpoint.fullUrl$ = $application.baseUrl$ + $endpoint.relativeUrl$ + &quot;?offset=&quot; + $nextOffset$"/>
              <entry key="pagingInitialOffset">
                <value>
                  <Integer>0</Integer>
                </value>
              </entry>
              <entry key="pagingSize">
                <value>
                  <Integer>50</Integer>
                </value>
              </entry>
              <entry key="resMappingObj">
                <value>
                  <Map>
                    <entry key="active" value="active"/>
                    <entry key="analytics-user" value="analytics-user"/>
                    <entry key="approval-groups" value="approval-groups[*].name"/>
                    <entry key="authentication-method" value="authentication-method"/>
                    <entry key="content-groups" value="content-groups[*].name"/>
                    <entry key="contracts-user" value="contracts-user"/>
                    <entry key="country-of-residence" value="country-of-residence.code"/>
                    <entry key="default-locale" value="default-locale"/>
                    <entry key="email" value="email"/>
                    <entry key="employee-number" value="employee-number"/>
                    <entry key="expense-user" value="expense-user"/>
                    <entry key="firstname" value="firstname"/>
                    <entry key="id" value="id"/>
                    <entry key="inventory-user" value="inventory-user"/>
                    <entry key="lastname" value="lastname"/>
                    <entry key="login" value="login"/>
                    <entry key="manager" value="manager.login"/>
                    <entry key="purchasing-user" value="purchasing-user"/>
                    <entry key="roles" value="roles[*].name"/>
                    <entry key="sourcing-user" value="sourcing-user"/>
                    <entry key="spend-guard-user" value="spend-guard-user"/>
                    <entry key="sso-identifier" value="sso-identifier"/>
                  </Map>
                </value>
              </entry>
              <entry key="responseCode">
                <value>
                  <List>
                    <String>2**</String>
                  </List>
                </value>
              </entry>
              <entry key="rootPath" value="$.[*]"/>
              <entry key="sequenceNumberForEndpoint" value="2"/>
              <entry key="uniqueNameForEndPoint" value="Account Aggregation from Users"/>
              <entry key="xpathNamespaces"/>
            </Map>
            <Map>
              <entry key="afterRule"/>
              <entry key="beforeRule" value="Coupa AddEntitlement BeforeOperation Rule"/>
              <entry key="body">
                <value>
                  <Map>
                    <entry key="bodyFormData"/>
                    <entry key="bodyFormat" value="raw"/>
                    <entry key="jsonBody"
                      value="{&#10;  &quot;login&quot;: &quot;$plan.login$&quot;,&#10;  &quot;firstname&quot;: &quot;$plan.firstname$&quot;,&#10;  &quot;lastname&quot;: &quot;$plan.lastname$&quot;,&#10;  &quot;email&quot;: &quot;$plan.email$&quot;,&#10;  &quot;mention-name&quot;: &quot;$plan.mention-name$&quot;,&#10;  &quot;employee-number&quot;: &quot;$plan.employee-number$&quot;,&#10;  &quot;authentication-method&quot;: &quot;$plan.authentication-method$&quot;,&#10;  &quot;sso-identifier&quot;: &quot;$plan.sso-identifier$&quot;, &#10;  &quot;default-locale&quot;: &quot;$plan.default-locale$&quot;,&#10;  &quot;active&quot;: $plan.active$,&#10;  &quot;password&quot;: &quot;$plan.password$&quot;,&#10;  &quot;manager&quot;: {&#10;     &quot;id&quot;: &quot;$plan.manager$&quot;&#10;  },&#10;  &quot;default-currency&quot;: {&#10;     &quot;code&quot;: &quot;$plan.default-currency$&quot;&#10;  },&#10;  &quot;country-of-residence&quot;: {&#10;     &quot;code&quot;: &quot;$plan.country-of-residence$&quot;&#10;   },&#10;  &quot;licenses&quot;: &quot;$plan.licenses$&quot;,&#10;  &quot;content-groups&quot;: [&#10;    {&#10;        &quot;name&quot;: &quot;$plan.content-groups$&quot;&#10;     }&#10;  ],&#10; &quot;approval-groups&quot;: [&#10;     {&#10;         &quot;name&quot;: &quot;$plan.approval-groups$&quot;&#10;     }&#10;  ],&#10;  &quot;roles&quot;: [&#10;     {&#10;&#9;     &quot;name&quot;: &quot;$plan.roles$&quot;&#10;     }&#10;  ]&#10;}"/>
                  </Map>
                </value>
              </entry>
              <entry key="contextUrl" value="/api/users"/>
              <entry key="header">
                <value>
                  <Map>
                    <entry key="Accept" value="application/json"/>
                    <entry key="Content-Type" value="application/json"/>
                    <entry key="X-COUPA-API-KEY" value="$application.password$"/>
                  </Map>
                </value>
              </entry>
              <entry key="httpMethodType" value="POST"/>
              <entry key="operationType" value="Create Account"/>
              <entry key="paginationSteps"/>
              <entry key="pagingInitialOffset">
                <value>
                  <Integer>0</Integer>
                </value>
              </entry>
              <entry key="pagingSize">
                <value>
                  <Integer>50</Integer>
                </value>
              </entry>
              <entry key="resMappingObj">
                <value>
                  <Map>
                    <entry key="active" value="active"/>
                    <entry key="analytics-user" value="analytics-user"/>
                    <entry key="approval-groups" value="approval-groups[*].name"/>
                    <entry key="authentication-method" value="authentication-method"/>
                    <entry key="content-groups" value="content-groups[*].name"/>
                    <entry key="contracts-user" value="contracts-user"/>
                    <entry key="country-of-residence" value="country-of-residence.code"/>
                    <entry key="default-locale" value="default-locale"/>
                    <entry key="email" value="email"/>
                    <entry key="employee-number" value="employee-number"/>
                    <entry key="expense-user" value="expense-user"/>
                    <entry key="firstname" value="firstname"/>
                    <entry key="id" value="id"/>
                    <entry key="inventory-user" value="inventory-user"/>
                    <entry key="lastname" value="lastname"/>
                    <entry key="login" value="login"/>
                    <entry key="manager" value="manager.login"/>
                    <entry key="purchasing-user" value="purchasing-user"/>
                    <entry key="roles" value="roles[*].name"/>
                    <entry key="sourcing-user" value="sourcing-user"/>
                    <entry key="spend-guard-user" value="spend-guard-user"/>
                    <entry key="sso-identifier" value="sso-identifier"/>
                  </Map>
                </value>
              </entry>
              <entry key="responseCode">
                <value>
                  <List>
                    <String>2**</String>
                  </List>
                </value>
              </entry>
              <entry key="rootPath"/>
              <entry key="sequenceNumberForEndpoint" value="3"/>
              <entry key="uniqueNameForEndPoint" value="Create New Account on Users API"/>
              <entry key="xpathNamespaces"/>
            </Map>
            <Map>
              <entry key="afterRule"/>
              <entry key="beforeRule"/>
              <entry key="body">
                <value>
                  <Map>
                    <entry key="bodyFormData"/>
                    <entry key="bodyFormat" value="raw"/>
                    <entry key="jsonBody"/>
                  </Map>
                </value>
              </entry>
              <entry key="contextUrl" value="/api/users/$plan.nativeIdentity$"/>
              <entry key="header">
                <value>
                  <Map>
                    <entry key="Accept" value="application/json"/>
                    <entry key="Content-Type" value="application/json"/>
                    <entry key="X-COUPA-API-KEY" value="$application.password$"/>
                  </Map>
                </value>
              </entry>
              <entry key="httpMethodType" value="GET"/>
              <entry key="operationType" value="Get Object"/>
              <entry key="paginationSteps"/>
              <entry key="pagingInitialOffset">
                <value>
                  <Integer>0</Integer>
                </value>
              </entry>
              <entry key="pagingSize">
                <value>
                  <Integer>50</Integer>
                </value>
              </entry>
              <entry key="resMappingObj">
                <value>
                  <Map>
                    <entry key="active" value="active"/>
                    <entry key="analytics-user" value="analytics-user"/>
                    <entry key="approval-groups" value="approval-groups[*].name"/>
                    <entry key="authentication-method" value="authentication-method"/>
                    <entry key="content-groups" value="content-groups[*].name"/>
                    <entry key="contracts-user" value="contracts-user"/>
                    <entry key="country-of-residence" value="country-of-residence.code"/>
                    <entry key="default-locale" value="default-locale"/>
                    <entry key="email" value="email"/>
                    <entry key="employee-number" value="employee-number"/>
                    <entry key="expense-user" value="expense-user"/>
                    <entry key="firstname" value="firstname"/>
                    <entry key="id" value="id"/>
                    <entry key="inventory-user" value="inventory-user"/>
                    <entry key="lastname" value="lastname"/>
                    <entry key="login" value="login"/>
                    <entry key="manager" value="manager.login"/>
                    <entry key="purchasing-user" value="purchasing-user"/>
                    <entry key="roles" value="roles[*].name"/>
                    <entry key="sourcing-user" value="sourcing-user"/>
                    <entry key="spend-guard-user" value="spend-guard-user"/>
                    <entry key="sso-identifier" value="sso-identifier"/>
                  </Map>
                </value>
              </entry>
              <entry key="responseCode">
                <value>
                  <List>
                    <String>2**</String>
                  </List>
                </value>
              </entry>
              <entry key="rootPath"/>
              <entry key="sequenceNumberForEndpoint" value="4"/>
              <entry key="uniqueNameForEndPoint" value="Get NativeIdentity"/>
              <entry key="xpathNamespaces"/>
            </Map>
            <Map>
              <entry key="afterRule"/>
              <entry key="beforeRule" value="Coupa AddEntitlement BeforeOperation Rule"/>
              <entry key="body">
                <value>
                  <Map>
                    <entry key="bodyFormData"/>
                    <entry key="bodyFormat" value="raw"/>
                    <entry key="jsonBody" value="{&#10;   &quot;content-groups&quot;: [&#10;        {&#10;            &quot;name&quot;: &quot;$plan.content-groups$&quot;&#10;        }&#10;    ],&#10; &quot;approval-groups&quot;: [&#10;        {&#10;            &quot;name&quot;: &quot;$plan.approval-groups$&quot;&#10;        }&#10;    ],&#10;    &quot;roles&quot;: [&#10;        {&#10;            &quot;name&quot;: &quot;$plan.roles$&quot;&#10;        }&#10;    ],&#10;   &quot;licenses&quot;: &quot;$plan.licenses$&quot;&#10;}"/>
                  </Map>
                </value>
              </entry>
              <entry key="contextUrl" value="/api/users/$plan.nativeIdentity$"/>
              <entry key="header">
                <value>
                  <Map>
                    <entry key="Accept" value="application/json"/>
                    <entry key="Content-Type" value="application/json"/>
                    <entry key="X-COUPA-API-KEY" value="$application.password$"/>
                  </Map>
                </value>
              </entry>
              <entry key="httpMethodType" value="PUT"/>
              <entry key="operationType" value="Add Entitlement"/>
              <entry key="paginationSteps"/>
              <entry key="pagingInitialOffset">
                <value>
                  <Integer>0</Integer>
                </value>
              </entry>
              <entry key="pagingSize">
                <value>
                  <Integer>50</Integer>
                </value>
              </entry>
              <entry key="resMappingObj">
                <value>
                  <Map>
                    <entry key="active" value="active"/>
                    <entry key="analytics-user" value="analytics-user"/>
                    <entry key="approval-groups" value="approval-groups[*].name"/>
                    <entry key="authentication-method" value="authentication-method"/>
                    <entry key="content-groups" value="content-groups[*].name"/>
                    <entry key="contracts-user" value="contracts-user"/>
                    <entry key="country-of-residence" value="country-of-residence.code"/>
                    <entry key="default-locale" value="default-locale"/>
                    <entry key="email" value="email"/>
                    <entry key="employee-number" value="employee-number"/>
                    <entry key="expense-user" value="expense-user"/>
                    <entry key="firstname" value="firstname"/>
                    <entry key="id" value="id"/>
                    <entry key="inventory-user" value="inventory-user"/>
                    <entry key="lastname" value="lastname"/>
                    <entry key="login" value="login"/>
                    <entry key="manager" value="manager.login"/>
                    <entry key="purchasing-user" value="purchasing-user"/>
                    <entry key="roles" value="roles[*].name"/>
                    <entry key="sourcing-user" value="sourcing-user"/>
                    <entry key="spend-guard-user" value="spend-guard-user"/>
                    <entry key="sso-identifier" value="sso-identifier"/>
                  </Map>
                </value>
              </entry>
              <entry key="responseCode">
                <value>
                  <List>
                    <String>2**</String>
                  </List>
                </value>
              </entry>
              <entry key="rootPath"/>
              <entry key="sequenceNumberForEndpoint" value="5"/>
              <entry key="uniqueNameForEndPoint" value="Add Entitlement"/>
              <entry key="xpathNamespaces"/>
            </Map>
            <Map>
              <entry key="afterRule"/>
              <entry key="beforeRule" value="Coupa RemoveEntitlement BeforeOperation Rule"/>
              <entry key="body">
                <value>
                  <Map>
                    <entry key="bodyFormData"/>
                    <entry key="bodyFormat" value="raw"/>
                    <entry key="jsonBody" value="{&#10;  &quot;licenses&quot;: $plan.licenses$,&#10;  &quot;content-groups&quot;: [&#10;    {&#10;        &quot;name&quot;: &quot;$plan.content-groups$&quot;&#10;     }&#10;  ],&#10; &quot;approval-groups&quot;: [&#10;     {&#10;         &quot;name&quot;: &quot;$plan.approval-groups$&quot;&#10;     }&#10;  ],&#10;  &quot;roles&quot;: [&#10;     {&#10;&#9;     &quot;name&quot;: &quot;$plan.roles$&quot;&#10;     }&#10;  ]&#10;}"/>
                  </Map>
                </value>
              </entry>
              <entry key="contextUrl" value="/api/users/$plan.nativeIdentity$"/>
              <entry key="header">
                <value>
                  <Map>
                    <entry key="Accept" value="application/json"/>
                    <entry key="Content-Type" value="application/json"/>
                    <entry key="X-COUPA-API-KEY" value="$application.password$"/>
                  </Map>
                </value>
              </entry>
              <entry key="httpMethodType" value="PUT"/>
              <entry key="operationType" value="Remove Entitlement"/>
              <entry key="paginationSteps"/>
              <entry key="pagingInitialOffset">
                <value>
                  <Integer>0</Integer>
                </value>
              </entry>
              <entry key="pagingSize">
                <value>
                  <Integer>50</Integer>
                </value>
              </entry>
              <entry key="resMappingObj">
                <value>
                  <Map>
                    <entry key="active" value="active"/>
                    <entry key="analytics-user" value="analytics-user"/>
                    <entry key="approval-groups" value="approval-groups[*].name"/>
                    <entry key="authentication-method" value="authentication-method"/>
                    <entry key="content-groups" value="content-groups[*].name"/>
                    <entry key="contracts-user" value="contracts-user"/>
                    <entry key="country-of-residence" value="country-of-residence.code"/>
                    <entry key="default-locale" value="default-locale"/>
                    <entry key="email" value="email"/>
                    <entry key="employee-number" value="employee-number"/>
                    <entry key="expense-user" value="expense-user"/>
                    <entry key="firstname" value="firstname"/>
                    <entry key="id" value="id"/>
                    <entry key="inventory-user" value="inventory-user"/>
                    <entry key="lastname" value="lastname"/>
                    <entry key="login" value="login"/>
                    <entry key="manager" value="manager.login"/>
                    <entry key="purchasing-user" value="purchasing-user"/>
                    <entry key="roles" value="roles[*].name"/>
                    <entry key="sourcing-user" value="sourcing-user"/>
                    <entry key="spend-guard-user" value="spend-guard-user"/>
                    <entry key="sso-identifier" value="sso-identifier"/>
                  </Map>
                </value>
              </entry>
              <entry key="rootPath"/>
              <entry key="sequenceNumberForEndpoint" value="6"/>
              <entry key="uniqueNameForEndPoint" value="Remove Entitlement"/>
              <entry key="xpathNamespaces"/>
            </Map>
            <Map>
              <entry key="afterRule"/>
              <entry key="beforeRule"/>
              <entry key="body">
                <value>
                  <Map>
                    <entry key="bodyFormData"/>
                    <entry key="bodyFormat" value="raw"/>
                    <entry key="jsonBody"
                      value="{&#10;    &quot;login&quot;: &quot;$plan.login$&quot;,&#10;    &quot;firstname&quot;: &quot;$plan.firstname$&quot;,&#10;    &quot;lastname&quot;: &quot;$plan.lastname$&quot;,&#10;    &quot;email&quot;: &quot;$plan.email$&quot;,&#10;    &quot;mention-name&quot;: &quot;$plan.mention-name$&quot;,&#10;    &quot;employee-number&quot;: &quot;$plan.employee-number$&quot;,&#10;    &quot;authentication-method&quot;: &quot;$plan.authentication-method$&quot;,&#10;    &quot;sso-identifier&quot;: &quot;$plan.sso-identifier$&quot;,&#10;    &quot;default-locale&quot;: &quot;$plan.default-locale$&quot;,&#10;    &quot;country-of-residence&quot;: {&#10;        &quot;code&quot;: &quot;$plan.country-of-residence$&quot;&#10;    },&#10;    &quot;active&quot;: $plan.active$,&#10;    &quot;manager&quot;: {&#10;        &quot;id&quot;: &quot;$plan.manager$&quot;&#10;    },&#10;    &quot;default-currency&quot;: {&#10;        &quot;code&quot;: &quot;$plan.default-currency$&quot;&#10;    }&#10;}"/>
                  </Map>
                </value>
              </entry>
              <entry key="contextUrl" value="/api/users/$plan.nativeIdentity$"/>
              <entry key="header">
                <value>
                  <Map>
                    <entry key="Accept" value="application/json"/>
                    <entry key="Content-Type" value="application/json"/>
                    <entry key="X-COUPA-API-KEY" value="$application.password$"/>
                  </Map>
                </value>
              </entry>
              <entry key="httpMethodType" value="PUT"/>
              <entry key="operationType" value="Update Account"/>
              <entry key="paginationSteps"/>
              <entry key="pagingInitialOffset">
                <value>
                  <Integer>0</Integer>
                </value>
              </entry>
              <entry key="pagingSize">
                <value>
                  <Integer>50</Integer>
                </value>
              </entry>
              <entry key="resMappingObj">
                <value>
                  <Map>
                    <entry key="active" value="active"/>
                    <entry key="analytics-user" value="analytics-user"/>
                    <entry key="approval-groups" value="approval-groups[*].name"/>
                    <entry key="authentication-method" value="authentication-method"/>
                    <entry key="content-groups" value="content-groups[*].name"/>
                    <entry key="contracts-user" value="contracts-user"/>
                    <entry key="country-of-residence" value="country-of-residence.code"/>
                    <entry key="default-locale" value="default-locale"/>
                    <entry key="email" value="email"/>
                    <entry key="employee-number" value="employee-number"/>
                    <entry key="expense-user" value="expense-user"/>
                    <entry key="firstname" value="firstname"/>
                    <entry key="id" value="id"/>
                    <entry key="inventory-user" value="inventory-user"/>
                    <entry key="lastname" value="lastname"/>
                    <entry key="login" value="login"/>
                    <entry key="manager" value="manager.login"/>
                    <entry key="purchasing-user" value="purchasing-user"/>
                    <entry key="roles" value="roles[*].name"/>
                    <entry key="sourcing-user" value="sourcing-user"/>
                    <entry key="spend-guard-user" value="spend-guard-user"/>
                    <entry key="sso-identifier" value="sso-identifier"/>
                  </Map>
                </value>
              </entry>
              <entry key="rootPath"/>
              <entry key="sequenceNumberForEndpoint" value="7"/>
              <entry key="uniqueNameForEndPoint" value="Update account using Users API"/>
              <entry key="xpathNamespaces"/>
            </Map>
            <Map>
              <entry key="afterRule"/>
              <entry key="beforeRule"/>
              <entry key="body">
                <value>
                  <Map>
                    <entry key="bodyFormData"/>
                    <entry key="bodyFormat" value="raw"/>
                    <entry key="jsonBody" value="{&quot;active&quot;: true}"/>
                  </Map>
                </value>
              </entry>
              <entry key="contextUrl" value="/api/users/$plan.nativeIdentity$"/>
              <entry key="header">
                <value>
                  <Map>
                    <entry key="Accept" value="application/json"/>
                    <entry key="Content-Type" value="application/json"/>
                    <entry key="X-COUPA-API-KEY" value="$application.password$"/>
                  </Map>
                </value>
              </entry>
              <entry key="httpMethodType" value="PUT"/>
              <entry key="operationType" value="Enable Account"/>
              <entry key="paginationSteps"/>
              <entry key="pagingInitialOffset">
                <value>
                  <Integer>0</Integer>
                </value>
              </entry>
              <entry key="pagingSize">
                <value>
                  <Integer>50</Integer>
                </value>
              </entry>
              <entry key="resMappingObj">
                <value>
                  <Map>
                    <entry key="active" value="active"/>
                    <entry key="analytics-user" value="analytics-user"/>
                    <entry key="approval-groups" value="approval-groups[*].name"/>
                    <entry key="authentication-method" value="authentication-method"/>
                    <entry key="content-groups" value="content-groups[*].name"/>
                    <entry key="contracts-user" value="contracts-user"/>
                    <entry key="country-of-residence" value="country-of-residence.code"/>
                    <entry key="default-locale" value="default-locale"/>
                    <entry key="email" value="email"/>
                    <entry key="employee-number" value="employee-number"/>
                    <entry key="expense-user" value="expense-user"/>
                    <entry key="firstname" value="firstname"/>
                    <entry key="id" value="id"/>
                    <entry key="inventory-user" value="inventory-user"/>
                    <entry key="lastname" value="lastname"/>
                    <entry key="login" value="login"/>
                    <entry key="manager" value="manager.login"/>
                    <entry key="purchasing-user" value="purchasing-user"/>
                    <entry key="roles" value="roles[*].name"/>
                    <entry key="sourcing-user" value="sourcing-user"/>
                    <entry key="spend-guard-user" value="spend-guard-user"/>
                    <entry key="sso-identifier" value="sso-identifier"/>
                  </Map>
                </value>
              </entry>
              <entry key="responseCode">
                <value>
                  <List>
                    <String>2**</String>
                  </List>
                </value>
              </entry>
              <entry key="rootPath"/>
              <entry key="sequenceNumberForEndpoint" value="8"/>
              <entry key="uniqueNameForEndPoint" value="Enable Account"/>
              <entry key="xpathNamespaces"/>
            </Map>
            <Map>
              <entry key="afterRule"/>
              <entry key="beforeRule"/>
              <entry key="body">
                <value>
                  <Map>
                    <entry key="bodyFormData"/>
                    <entry key="bodyFormat" value="raw"/>
                    <entry key="jsonBody" value="{&quot;active&quot;: false}"/>
                  </Map>
                </value>
              </entry>
              <entry key="contextUrl" value="/api/users/$plan.nativeIdentity$"/>
              <entry key="header">
                <value>
                  <Map>
                    <entry key="Accept" value="application/json"/>
                    <entry key="Content-Type" value="application/json"/>
                    <entry key="X-COUPA-API-KEY" value="$application.password$"/>
                  </Map>
                </value>
              </entry>
              <entry key="httpMethodType" value="PUT"/>
              <entry key="operationType" value="Disable Account"/>
              <entry key="paginationSteps"/>
              <entry key="pagingInitialOffset">
                <value>
                  <Integer>0</Integer>
                </value>
              </entry>
              <entry key="pagingSize">
                <value>
                  <Integer>50</Integer>
                </value>
              </entry>
              <entry key="resMappingObj">
                <value>
                  <Map>
                    <entry key="active" value="active"/>
                    <entry key="analytics-user" value="analytics-user"/>
                    <entry key="approval-groups" value="approval-groups[*].name"/>
                    <entry key="authentication-method" value="authentication-method"/>
                    <entry key="content-groups" value="content-groups[*].name"/>
                    <entry key="contracts-user" value="contracts-user"/>
                    <entry key="country-of-residence" value="country-of-residence.code"/>
                    <entry key="default-locale" value="default-locale"/>
                    <entry key="email" value="email"/>
                    <entry key="employee-number" value="employee-number"/>
                    <entry key="expense-user" value="expense-user"/>
                    <entry key="firstname" value="firstname"/>
                    <entry key="id" value="id"/>
                    <entry key="inventory-user" value="inventory-user"/>
                    <entry key="lastname" value="lastname"/>
                    <entry key="login" value="login"/>
                    <entry key="manager" value="manager.login"/>
                    <entry key="purchasing-user" value="purchasing-user"/>
                    <entry key="roles" value="roles[*].name"/>
                    <entry key="sourcing-user" value="sourcing-user"/>
                    <entry key="spend-guard-user" value="spend-guard-user"/>
                    <entry key="sso-identifier" value="sso-identifier"/>
                  </Map>
                </value>
              </entry>
              <entry key="responseCode">
                <value>
                  <List>
                    <String>2**</String>
                  </List>
                </value>
              </entry>
              <entry key="rootPath"/>
              <entry key="sequenceNumberForEndpoint" value="9"/>
              <entry key="uniqueNameForEndPoint" value="Disable Account"/>
              <entry key="xpathNamespaces"/>
            </Map>
            <Map>
              <entry key="afterRule"/>
              <entry key="beforeRule"/>
              <entry key="body">
                <value>
                  <Map>
                    <entry key="bodyFormData"/>
                    <entry key="bodyFormat" value="raw"/>
                    <entry key="jsonBody"/>
                  </Map>
                </value>
              </entry>
              <entry key="contextUrl" value="/api/roles"/>
              <entry key="header">
                <value>
                  <Map>
                    <entry key="Accept" value="application/json"/>
                    <entry key="Content-Type" value="application/json"/>
                    <entry key="X-COUPA-API-KEY" value="$application.password$"/>
                  </Map>
                </value>
              </entry>
              <entry key="httpMethodType" value="GET"/>
              <entry key="operationType" value="Group Aggregation"/>
              <entry key="paginationSteps" value="$nextOffset$ = $nextOffset$ + 50&#10;$endpoint.fullUrl$ = $application.baseUrl$ + $endpoint.relativeUrl$ + &quot;?offset=&quot; + $nextOffset$"/>
              <entry key="pagingInitialOffset">
                <value>
                  <Integer>0</Integer>
                </value>
              </entry>
              <entry key="pagingSize">
                <value>
                  <Integer>50</Integer>
                </value>
              </entry>
              <entry key="resMappingObj">
                <value>
                  <Map>
                    <entry key="description" value="description"/>
                    <entry key="id" value="id"/>
                    <entry key="name" value="name"/>
                  </Map>
                </value>
              </entry>
              <entry key="responseCode">
                <value>
                  <List>
                    <String>2**</String>
                  </List>
                </value>
              </entry>
              <entry key="rootPath" value="$.[*]"/>
              <entry key="sequenceNumberForEndpoint" value="10"/>
              <entry key="uniqueNameForEndPoint" value="Group aggregation from roles endpoint"/>
              <entry key="xpathNamespaces"/>
            </Map>
            <Map>
              <entry key="afterRule"/>
              <entry key="beforeRule"/>
              <entry key="body">
                <value>
                  <Map>
                    <entry key="bodyFormData"/>
                    <entry key="bodyFormat" value="raw"/>
                    <entry key="jsonBody" value="{&#10;    &quot;authentication-method&quot;: &quot;coupa_credentials&quot;,&#10;     &quot;password&quot;: &quot;$plan.password$&quot;&#10;}"/>
                  </Map>
                </value>
              </entry>
              <entry key="contextUrl" value="/api/users/$plan.nativeIdentity$"/>
              <entry key="header">
                <value>
                  <Map>
                    <entry key="Accept" value="application/json"/>
                    <entry key="Content-Type" value="application/json"/>
                    <entry key="X-COUPA-API-KEY" value="$application.password$"/>
                  </Map>
                </value>
              </entry>
              <entry key="httpMethodType" value="PUT"/>
              <entry key="operationType" value="Change Password"/>
              <entry key="paginationSteps"/>
              <entry key="pagingInitialOffset">
                <value>
                  <Integer>0</Integer>
                </value>
              </entry>
              <entry key="pagingSize">
                <value>
                  <Integer>50</Integer>
                </value>
              </entry>
              <entry key="resMappingObj">
                <value>
                  <Map>
                    <entry key="active" value="active"/>
                    <entry key="analytics-user" value="analytics-user"/>
                    <entry key="approval-groups" value="approval-groups[*].name"/>
                    <entry key="authentication-method" value="authentication-method"/>
                    <entry key="content-groups" value="content-groups[*].name"/>
                    <entry key="contracts-user" value="contracts-user"/>
                    <entry key="country-of-residence" value="country-of-residence.code"/>
                    <entry key="default-locale" value="default-locale"/>
                    <entry key="email" value="email"/>
                    <entry key="employee-number" value="employee-number"/>
                    <entry key="expense-user" value="expense-user"/>
                    <entry key="firstname" value="firstname"/>
                    <entry key="id" value="id"/>
                    <entry key="inventory-user" value="inventory-user"/>
                    <entry key="lastname" value="lastname"/>
                    <entry key="login" value="login"/>
                    <entry key="manager" value="manager.login"/>
                    <entry key="purchasing-user" value="purchasing-user"/>
                    <entry key="roles" value="roles[*].name"/>
                    <entry key="sourcing-user" value="sourcing-user"/>
                    <entry key="spend-guard-user" value="spend-guard-user"/>
                    <entry key="sso-identifier" value="sso-identifier"/>
                  </Map>
                </value>
              </entry>
              <entry key="responseCode">
                <value>
                  <List>
                    <String>2**</String>
                  </List>
                </value>
              </entry>
              <entry key="rootPath"/>
              <entry key="sequenceNumberForEndpoint" value="11"/>
              <entry key="uniqueNameForEndPoint" value="Change Password"/>
              <entry key="xpathNamespaces"/>
            </Map>
          </List>
        </value>
      </entry>
      <entry key="coupaLicenseAttributes">
        <value>
          <List>
            <String>contracts-user</String>
            <String>analytics-user</String>
            <String>sourcing-user</String>
            <String>purchasing-user</String>
            <String>expense-user</String>
            <String>inventory-user</String>
            <String>spend-guard-user</String>
          </List>
        </value>
      </entry>
      <entry key="coupaLoginDomainSuffix" value="%%COUPA_LOGIN_DOMAIN_SUFFIX%%"/>
      <entry key="createAccountWithEntReq">
        <value>
          <Boolean>true</Boolean>
        </value>
      </entry>
      <entry key="enableHasMore" value="false"/>
      <entry key="enableStatus" value="active=true"/>
      <entry key="encrypted" value="accesstoken,refresh_token,oauth_token_info,client_secret,private_key,private_key_password,clientCertificate,clientKeySpec"/>
      <entry key="genericWebServiceBaseUrl" value="%%COUPA_BASE_URL%%"/>
      <entry key="grant_type" value="CLIENT_CREDENTIALS"/>
      <entry key="isGetObjectRequiredForPTA">
        <value>
          <Boolean>true</Boolean>
        </value>
      </entry>
      <entry key="isQuotesEnabled">
        <value>
          <Boolean>true</Boolean>
        </value>
      </entry>
      <entry key="nativeChangeDetectionAttributeScope" value="entitlements"/>
      <entry key="nativeChangeDetectionAttributes"/>
      <entry key="nativeChangeDetectionEnabled">
        <value>
          <Boolean/>
        </value>
      </entry>
      <entry key="nativeChangeDetectionOperations"/>
      <entry key="oAuthJwtHeader">
        <value>
          <Map>
            <entry key="alg" value="RS256"/>
          </Map>
        </value>
      </entry>
      <entry key="oAuthJwtPayload">
        <value>
          <Map>
            <entry key="aud"/>
            <entry key="exp" value="15f"/>
            <entry key="iss"/>
            <entry key="sub"/>
          </Map>
        </value>
      </entry>
      <entry key="password" value="%%COUPA_API_KEY%%"/>
      <entry key="private_key_to_update"/>
      <entry key="sysDescriptions">
        <value>
          <Map>
            <entry key="en_US" value="%%APP_COUPA%%"/>
          </Map>
        </value>
      </entry>
      <entry key="templateApplication" value="Web Services"/>
      <entry key="throwProvBeforeRuleException">
        <value>
          <Boolean/>
        </value>
      </entry>
      <entry key="timeoutInSeconds" value="60"/>
      <entry key="username" value="%%COUPA_USERID%%"/>
    </Map>
  </Attributes>
  <CorrelationRule>
    <Reference class="sailpoint.object.Rule" name="Coupa Correlation Rule"/>
  </CorrelationRule>
  <CustomizationRule>
    <Reference class="sailpoint.object.Rule" name="Coupa Customization Rule"/>
  </CustomizationRule>
  <ManagedAttributeCustomizationRule>
    <Reference class="sailpoint.object.Rule" name="Coupa ManagedAttributePromotion Rule"/>
  </ManagedAttributeCustomizationRule>
  <Owner>
    <Reference class="sailpoint.object.Identity" name="spadmin"/>
  </Owner>
  <ProvisioningForms>
    <Form name="Create Account" objectType="account" type="Create">
      <Attributes>
        <Map>
          <entry key="IIQTemplateOwnerDefinition">
            <value>
              <DynamicValue value="IIQApplicationOwner"/>
            </value>
          </entry>
          <entry key="pageTitle" value="Create Account"/>
        </Map>
      </Attributes>
      <Description>coupa_createaccount_form_description</Description>
      <Section label="coupa_createaccount_section_label" name="Create Account">
        <Field displayName="coupa_createaccount_login" name="login" required="true" type="string">
          <OwnerDefinition value="IIQRequester"/>
          <RuleRef>
            <Reference class="sailpoint.object.Rule" name="Coupa CreateAccount FieldValue Rule"/>
          </RuleRef>
        </Field>
        <Field displayName="coupa_createaccount_firstname" name="firstname" required="true" type="string">
          <RuleRef>
            <Reference class="sailpoint.object.Rule" name="Coupa CreateAccount FieldValue Rule"/>
          </RuleRef>
        </Field>
        <Field displayName="coupa_createaccount_lastname" name="lastname" required="true" type="string">
          <RuleRef>
            <Reference class="sailpoint.object.Rule" name="Coupa CreateAccount FieldValue Rule"/>
          </RuleRef>
        </Field>
        <Field displayName="coupa_createaccount_mentionname" name="mention-name" required="true" type="string">
          <RuleRef>
            <Reference class="sailpoint.object.Rule" name="Coupa CreateAccount FieldValue Rule"/>
          </RuleRef>
        </Field>
        <Field displayName="coupa_createaccount_email" name="email" required="true" type="string">
          <RuleRef>
            <Reference class="sailpoint.object.Rule" name="Coupa CreateAccount FieldValue Rule"/>
          </RuleRef>
        </Field>
        <Field displayName="coupa_createaccount_employeenumber" name="employee-number" type="string">
          <RuleRef>
            <Reference class="sailpoint.object.Rule" name="Coupa CreateAccount FieldValue Rule"/>
          </RuleRef>
        </Field>
        <Field displayName="coupa_createaccount_country" name="country-of-residence" type="string">
          <RuleRef>
            <Reference class="sailpoint.object.Rule" name="Coupa CreateAccount FieldValue Rule"/>
          </RuleRef>
        </Field>
        <Field displayName="coupa_createaccount_locale" name="default-locale" type="string">
          <RuleRef>
            <Reference class="sailpoint.object.Rule" name="Coupa CreateAccount FieldValue Rule"/>
          </RuleRef>
        </Field>
        <Field displayName="coupa_createaccount_currency" name="default-currency" type="string">
          <RuleRef>
            <Reference class="sailpoint.object.Rule" name="Coupa CreateAccount FieldValue Rule"/>
          </RuleRef>
        </Field>
        <Field displayName="coupa_createaccount_active" name="active" type="boolean">
          <RuleRef>
            <Reference class="sailpoint.object.Rule" name="Coupa CreateAccount FieldValue Rule"/>
          </RuleRef>
        </Field>
        <Field displayName="coupa_createaccount_authenticationmethod" name="authentication-method" type="string">
          <RuleRef>
            <Reference class="sailpoint.object.Rule" name="Coupa CreateAccount FieldValue Rule"/>
          </RuleRef>
        </Field>
        <Field displayName="coupa_createaccount_ssoidentifier" name="sso-identifier" type="string">
          <RuleRef>
            <Reference class="sailpoint.object.Rule" name="Coupa CreateAccount FieldValue Rule"/>
          </RuleRef>
        </Field>
      </Section>
    </Form>
    <Form name="Enable Account" objectType="account" type="Enable">
      <Attributes>
        <Map>
          <entry key="pageTitle" value="Enable Account"/>
        </Map>
      </Attributes>
      <Description>Enable Account</Description>
      <Section name="Enable Account">
        <Field name="active" type="boolean" value="true">
          <OwnerDefinition>
            <Script>
              <Source><![CDATA[if (identity.getManager() != null) {return identity.getAttribute("manager");} else return "spadmin";]]></Source>
            </Script>
          </OwnerDefinition>
        </Field>
      </Section>
    </Form>
    <Form name="Disable Account" objectType="account" type="Disable">
      <Attributes>
        <Map>
          <entry key="pageTitle" value="Disable Account"/>
        </Map>
      </Attributes>
      <Description>Disable Account</Description>
      <Section name="Disable Account">
        <Field name="active" type="boolean" value="false">
          <OwnerDefinition>
            <Script>
              <Source><![CDATA[if (identity.getManager() != null) {return identity.getAttribute("manager");} else return "spadmin";]]></Source>
            </Script>
          </OwnerDefinition>
        </Field>
      </Section>
    </Form>
  </ProvisioningForms>
  <Schemas>
    <Schema displayAttribute="login" identityAttribute="id" instanceAttribute="" nativeObjectType="user" objectType="account">
      <AttributeDefinition name="id" type="int">
        <Description>id</Description>
      </AttributeDefinition>
      <AttributeDefinition name="login" type="string">
        <Description>login</Description>
      </AttributeDefinition>
      <AttributeDefinition name="firstname" type="string">
        <Description>first name</Description>
      </AttributeDefinition>
      <AttributeDefinition name="lastname" type="string">
        <Description>lastname</Description>
      </AttributeDefinition>
      <AttributeDefinition name="mention-name" type="string">
        <Description>mention name</Description>
      </AttributeDefinition>
      <AttributeDefinition name="email" type="string">
        <Description>email</Description>
      </AttributeDefinition>
      <AttributeDefinition name="employee-number" type="string">
        <Description>employee number</Description>
      </AttributeDefinition>
      <AttributeDefinition name="manager" type="string">
        <Description>manager</Description>
      </AttributeDefinition>
      <AttributeDefinition name="active" type="boolean">
        <Description>status</Description>
      </AttributeDefinition>
      <AttributeDefinition name="country-of-residence" type="string">
        <Description>country of residence</Description>
      </AttributeDefinition>
      <AttributeDefinition name="default-locale" type="string">
        <Description>language preference</Description>
      </AttributeDefinition>
      <AttributeDefinition name="authentication-method" type="string">
        <Description>authentication method</Description>
      </AttributeDefinition>
      <AttributeDefinition name="sso-identifier" type="string">
        <Description>sso identifier, or network id</Description>
      </AttributeDefinition>
      <AttributeDefinition name="purchasing-user" type="boolean">
        <Description>purchasing-user</Description>
      </AttributeDefinition>
      <AttributeDefinition name="analytics-user" type="boolean">
        <Description>analytics-user</Description>
      </AttributeDefinition>
      <AttributeDefinition name="sourcing-user" type="boolean">
        <Description>sourcing-user</Description>
      </AttributeDefinition>
      <AttributeDefinition name="contracts-user" type="boolean">
        <Description>contracts-user</Description>
      </AttributeDefinition>
      <AttributeDefinition name="expense-user" type="boolean">
        <Description>expense-user</Description>
      </AttributeDefinition>
      <AttributeDefinition name="inventory-user" type="boolean">
        <Description>inventory-user</Description>
      </AttributeDefinition>
      <AttributeDefinition name="spend-guard-user" type="boolean">
        <Description>spend-guard-user</Description>
      </AttributeDefinition>
      <AttributeDefinition entitlement="true" managed="true" multi="true" name="licenses" type="string">
        <Description>licenses</Description>
      </AttributeDefinition>
      <AttributeDefinition entitlement="true" managed="true" multi="true" name="content-groups" type="string">
        <Description>content-groups</Description>
      </AttributeDefinition>
      <AttributeDefinition entitlement="true" managed="true" multi="true" name="roles" schemaObjectType="group" type="string">
        <Description>roles</Description>
      </AttributeDefinition>
      <AttributeDefinition entitlement="true" managed="true" multi="true" name="approval-groups" type="string">
        <Description>approval groups</Description>
      </AttributeDefinition>
    </Schema>
    <Schema displayAttribute="name" identityAttribute="name" instanceAttribute="" nativeObjectType="role" objectType="group">
      <AttributeDefinition name="id" type="string">
        <Description/>
      </AttributeDefinition>
      <AttributeDefinition name="name" type="string">
        <Description/>
      </AttributeDefinition>
      <AttributeDefinition name="description" type="string">
        <Description/>
      </AttributeDefinition>
    </Schema>
  </Schemas>
  <ApplicationScorecard/>
</Application>