<?xml version='1.0' encoding='UTF-8'?>
<!DOCTYPE Plugin PUBLIC "sailpoint.dtd" "sailpoint.dtd">
<Plugin certificationLevel="None" displayName="Automated Implementation Review" minSystemVersion="7.2" name="AutomatedImplementationReview" version="1.0" rightRequired="AIRRight">
    <Attributes>
        <Map>
            <entry key="minUpgradableVersion" value="1.0"/>
            <!-- <entry key="restResources">
                <value>
                <List>
                <String>sailpoint.pgp.governanceautomation.rest.GAResource</String>
                </List>
                </value>
                </entry>
                <entry key="serviceExecutors">
                <value>
                <List>
                <String>sailpoint.pgp.governanceautomation.service.GAService</String>
                </List>
                </value>
                </entry> -->
            <entry key="taskExecutors">
                <value>
                    <List>
                        <String>com.sailpoint.pse.plugin.air.task.CodeReviewTask</String>
                        <String>com.sailpoint.pse.plugin.air.task.DeprecationScannerTask</String>
                        <String>com.sailpoint.pse.plugin.air.task.GATask</String>
                    </List>
                </value>
            </entry>
            <entry key="settings">
                <value>
                    <List>
                        <!-- Not available yet
                            <Setting dataType="boolean" helpText="Select this to run a scan on a configured cycle (default 10 seconds)" label="Run Continuous Scan" name="scan" defaultValue="true"/>
                            <Setting dataType="boolean" helpText="Select this to run deprecation checks on java" label="Scan Deprecation Check" name="scanDeprecationCheck" defaultValue="true"/>
                            <Setting dataType="boolean" helpText="Select this to run configuration review checks on java" label="Scan Configuration Review Check" name="scanCodeReviewCheck" defaultValue="true"/>
                        -->
                        <Setting dataType="string" helpText="Fill this in for the absolute file path to the folder representing the base of your SSB" label="Server Build Location"
                            name="serverBuildLocation"/>
                        <Setting dataType="string" helpText="Fill this in for the absolute file path to the folder holding Java Files" label="Server Java Source Location"
                            name="serverJavaSrcLocation"/>
                        <Setting dataType="string" helpText="Fill this in for the absolute file path to the folder holding XML files" label="Server XML File Location"
                            name="serverXMLFileLocation"/>
                        <Setting dataType="string" helpText="Update the name of the Configuration object referencing the Implementation Review configuration if different from the default"
                            label="AIR Source Config" name="configObject" defaultValue="AIR Configuration"/>
                        <!-- Deprecation Scanner Configuration -->
                        <Setting dataType="string" helpText="Deprecation Scanner - Fill this in for the absolute file path to the folder holding XML files used"
                            label="DeprecationScanner XML Folder Location" name="deprecationScannerXMLFileLocation"/>
                        <Setting dataType="string" helpText="Deprecation Scanner - Fill this in for the absolute file path to the folder for outputting reports"
                            label="DeprecationScanner Report Location" name="deprecationScannerReportFileLocation"/>
                        <Setting dataType="string" helpText="Deprecation Scanner - Fill this in for the absolute file path to the folders that should be ignored during scanning"
                            label="DeprecationScanner Ignore Folder list" name="deprecationScannerIgnoreFolderList"/>
                        <Setting dataType="string" helpText="Deprecation Scanner - Fill this in for the absolute file path to the IdentityIQ DTD file"
                            label="DeprecationScanner DTD File Location" name="deprecationScannerDTDFileLocation"/>
                    </List>
                </value>
            </entry>
        </Map>
    </Attributes>
</Plugin>