<?xml version='1.0' encoding='UTF-8'?>
<!DOCTYPE Plugin PUBLIC "sailpoint.dtd" "sailpoint.dtd">
<Plugin certificationLevel="None" displayName="Sample Plugin"
        minSystemVersion="7.3" name="Sample Plugin" version="1.0">
    <Attributes>
        <Map>

            <entry key="fullPage">
                <value>
                    <FullPage title="Sample Plugin"/>
                </value>
            </entry>

            <entry key="restResources">
                <value>
                    <List>
                        <String>sailpoint.plugin.rest.PluginRest</String>
                    </List>
                </value>
            </entry>
        </Map>
    </Attributes>
</Plugin>
