<?xml version='1.0' encoding='UTF-8'?>
<!DOCTYPE sailpoint PUBLIC "sailpoint.dtd" "sailpoint.dtd">
<sailpoint>
  <SPRight name="AdminTrainingPlugin" displayName="Administer Training Plugin Right">
    <Description>Allow users to use the Training Plugin</Description>
  </SPRight>
 
  <Capability name="TrainingPluginAdmin" displayName="Training Plugin Administrator">
    <Description>Administrative user authorized for the Training Plugin</Description>
    <RightRefs>
      <Reference class="sailpoint.object.SPRight" name="AdminTrainingPlugin"/>
     </RightRefs>
  </Capability>
</sailpoint>

