<?xml version='1.0' encoding='UTF-8'?>
<!DOCTYPE TaskDefinition PUBLIC "sailpoint.dtd" "sailpoint.dtd">
<TaskDefinition executor="" name="Search Objects - Training" subType="task_item_type_system" type="System">
  <Attributes>
    <Map>
      <entry key="TaskDefinition.runLengthAverage" value="0"/>
      <entry key="TaskDefinition.runLengthTotal" value="0"/>
      <entry key="TaskDefinition.runs" value="0"/>
      
    </Map>
  </Attributes>
  <Description>Search for instances of a specified string inside objects of a specified type.</Description>
  <Signature>
    <Inputs>
    </Inputs>
    <Returns>
      <Argument name="success" type="boolean">
         <Prompt>Success: </Prompt>
      </Argument>
      <Argument name="messages" type="string">
         <Prompt>Messages: </Prompt>
      </Argument>
    </Returns>
  </Signature>
</TaskDefinition>

