<?xml version="1.0" encoding="UTF-8"?>
<!DOCTYPE Application PUBLIC "sailpoint.dtd" "sailpoint.dtd">
<Application connector="sailpoint.connector.webservices.WebServicesConnector" featuresString="PROVISIONING, ENABLE, PASSWORD, AUTHENTICATE, ADDITIONAL_ACCOUNT_REQUEST, ACCOUNT_ONLY_REQUEST" name="Adobe Creative Cloud" profileClass="" type="Web Services">
  <Attributes>
    <Map>
      <entry key="adobeAccessTokenValidityInMins" value="%%ADOBE_ACCESS_TOKEN_VALIDITY_IN_MINS%%"/>
      <entry key="adobeClientId" value="%%ADOBE_CLIENT_ID%%"/>
      <entry key="adobeClientSecret" value="%%ADOBE_CLIENT_SECRET%%"/>
      <entry key="adobeOAuthAlg" value="RS256"/>
      <entry key="adobeOAuthJwtPayload">
        <value>
          <Map>
            <entry key="aud" value="%%ADOBE_OAUTH_JWT_AUD%%"/>
            <entry key="exp" value="%%ADOBE_OAUTH_JWT_EXP%%"/>
            <entry key="%%ADOBE_OAUTH_JWT_META_URL%%">
              <value>
                <Boolean>true</Boolean>
              </value>
            </entry>
            <entry key="iss" value="%%ADOBE_OAUTH_JWT_ISS%%"/>
            <entry key="sub" value="%%ADOBE_OAUTH_JWT_SUB%%"/>
          </Map>
        </value>
      </entry>
      <entry key="adobeOrganizationId" value="%%ADOBE_OAUTH_JWT_ISS%%"/>
      <entry key="adobePrivateKey" value="%%ADOBE_OAUTH_JWT_PRIVATE_KEY%%"/>
      <entry key="adobePrivateKeyPassword" value="%%ADOBE_OAUTH_JWT_PRIVATE_KEY_PASSWORD%%"/>
      <entry key="adobeTokenUrl" value="%%ADOBE_OAUTH_TOKEN_URL%%"/>
      <entry key="afterProvisioningRule"/>
      <entry key="authenticationMethod" value="No Auth"/>
      <entry key="beforeProvisioningRule"/>
      <entry key="clientCertAuthEnabled">
        <value>
          <Boolean/>
        </value>
      </entry>
      <entry key="compositeDefinition"/>
      <entry key="connectionParameters">
        <value>
          <List>
            <Map>
              <entry key="afterRule"/>
              <entry key="beforeRule" value="Adobe Creative Cloud BeforeRule"/>
              <entry key="body">
                <value>
                  <Map>
                    <entry key="bodyFormData"/>
                    <entry key="bodyFormat" value="raw"/>
                    <entry key="jsonBody"/>
                  </Map>
                </value>
              </entry>
              <entry key="contextUrl" value="/v2/usermanagement/users/%%ADOBE_OAUTH_JWT_ISS%%/$offset$"/>
              <entry key="header">
                <value>
                  <Map>
                    <entry key="Content-Type" value="application/json"/>
                    <entry key="X-Api-Key" value="$application.adobeClientId$"/>
                  </Map>
                </value>
              </entry>
              <entry key="httpMethodType" value="GET"/>
              <entry key="operationType" value="Account Aggregation"/>
              <entry key="paginationSteps" value="TERMINATE_IF $response.lastPage$ == true&#10;$offset$ = $offset$ + 1&#10;$endpoint.fullUrl$ = $application.baseUrl$ + &quot;/v2/usermanagement/users/%%ADOBE_OAUTH_JWT_ISS%%/&quot; + $offset$"/>
              <entry key="pagingInitialOffset">
                <value>
                  <Integer>0</Integer>
                </value>
              </entry>
              <entry key="pagingSize">
                <value>
                  <Integer>200</Integer>
                </value>
              </entry>
              <entry key="resMappingObj">
                <value>
                  <Map>
                    <entry key="country" value="country"/>
                    <entry key="domain" value="domain"/>
                    <entry key="email" value="email"/>
                    <entry key="firstname" value="firstname"/>
                    <entry key="groups" value="groups[*]"/>
                    <entry key="lastname" value="lastname"/>
                    <entry key="status" value="status"/>
                    <entry key="type" value="type"/>
                    <entry key="username" value="username"/>
                  </Map>
                </value>
              </entry>
              <entry key="responseCode">
                <value>
                  <List>
                    <String>2**</String>
                  </List>
                </value>
              </entry>
              <entry key="rootPath" value="$.users"/>
              <entry key="sequenceNumberForEndpoint" value="1"/>
              <entry key="uniqueNameForEndPoint" value="Account Aggregation"/>
              <entry key="xpathNamespaces"/>
            </Map>
            <Map>
              <entry key="afterRule"/>
              <entry key="beforeRule" value="Adobe Creative Cloud BeforeRule"/>
              <entry key="body">
                <value>
                  <Map>
                    <entry key="bodyFormData"/>
                    <entry key="bodyFormat" value="raw"/>
                    <entry key="jsonBody"/>
                  </Map>
                </value>
              </entry>
              <entry key="contextUrl" value="/v2/usermanagement/groups/%%ADOBE_OAUTH_JWT_ISS%%/0"/>
              <entry key="header">
                <value>
                  <Map>
                    <entry key="Content-Type" value="application/json"/>
                    <entry key="X-Api-Key" value="$application.adobeClientId$"/>
                  </Map>
                </value>
              </entry>
              <entry key="httpMethodType" value="GET"/>
              <entry key="operationType" value="Test Connection"/>
              <entry key="paginationSteps"/>
              <entry key="pagingInitialOffset">
                <value>
                  <Integer>0</Integer>
                </value>
              </entry>
              <entry key="pagingSize">
                <value>
                  <Integer>200</Integer>
                </value>
              </entry>
              <entry key="resMappingObj">
                <value>
                  <Map>
                    <entry key="groupName" value="groupName"/>
                  </Map>
                </value>
              </entry>
              <entry key="responseCode">
                <value>
                  <List>
                    <String>2**</String>
                  </List>
                </value>
              </entry>
              <entry key="rootPath" value="$.groups"/>
              <entry key="sequenceNumberForEndpoint" value="1"/>
              <entry key="uniqueNameForEndPoint" value="Test Connection"/>
              <entry key="xpathNamespaces"/>
            </Map>
            <Map>
              <entry key="afterRule"/>
              <entry key="beforeRule" value="Adobe Creative Cloud BeforeRule"/>
              <entry key="body">
                <value>
                  <Map>
                    <entry key="bodyFormData"/>
                    <entry key="bodyFormat" value="raw"/>
                    <entry key="jsonBody"/>
                  </Map>
                </value>
              </entry>
              <entry key="contextUrl" value="/v2/usermanagement/groups/%%ADOBE_OAUTH_JWT_ISS%%/$offset$"/>
              <entry key="header">
                <value>
                  <Map>
                    <entry key="Content-Type" value="application/json"/>
                    <entry key="X-Api-Key" value="$application.adobeClientId$"/>
                  </Map>
                </value>
              </entry>
              <entry key="httpMethodType" value="GET"/>
              <entry key="operationType" value="Group Aggregation"/>
              <entry key="paginationSteps" value="TERMINATE_IF $response.lastPage$ == true&#10;$offset$ = $offset$ + 1&#10;$endpoint.fullUrl$ = $application.baseUrl$ + &quot;/v2/usermanagement/groups/%%ADOBE_OAUTH_JWT_ISS%%/&quot; + $offset$"/>
              <entry key="pagingInitialOffset">
                <value>
                  <Integer>0</Integer>
                </value>
              </entry>
              <entry key="pagingSize">
                <value>
                  <Integer>50</Integer>
                </value>
              </entry>
              <entry key="resMappingObj">
                <value>
                  <Map>
                    <entry key="adminGroupName" value="adminGroupName"/>
                    <entry key="groupName" value="groupName"/>
                    <entry key="licenseQuota" value="licenseQuota"/>
                    <entry key="memberCount" value="memberCount"/>
                    <entry key="productName" value="productName"/>
                    <entry key="profileGroupName" value="profileGroupName"/>
                    <entry key="type" value="type"/>
                  </Map>
                </value>
              </entry>
              <entry key="responseCode">
                <value>
                  <List>
                    <String>2**</String>
                  </List>
                </value>
              </entry>
              <entry key="rootPath" value="$.groups"/>
              <entry key="sequenceNumberForEndpoint" value="3"/>
              <entry key="uniqueNameForEndPoint" value="Group Aggregation"/>
              <entry key="xpathNamespaces"/>
            </Map>
            <Map>
              <entry key="afterRule"/>
              <entry key="beforeRule" value="Adobe Creative Cloud BeforeRule"/>
              <entry key="body">
                <value>
                  <Map>
                    <entry key="bodyFormData"/>
                    <entry key="bodyFormat" value="raw"/>
                    <entry key="jsonBody"/>
                  </Map>
                </value>
              </entry>
              <entry key="contextUrl" value="/v2/usermanagement/organizations/%%ADOBE_OAUTH_JWT_ISS%%/users/$getObject.nativeIdentity$"/>
              <entry key="header">
                <value>
                  <Map>
                    <entry key="Content-Type" value="application/json"/>
                    <entry key="X-Api-Key" value="$application.adobeClientId$"/>
                  </Map>
                </value>
              </entry>
              <entry key="httpMethodType" value="GET"/>
              <entry key="operationType" value="Get Object"/>
              <entry key="paginationSteps"/>
              <entry key="pagingInitialOffset">
                <value>
                  <Integer>0</Integer>
                </value>
              </entry>
              <entry key="pagingSize">
                <value>
                  <Integer>50</Integer>
                </value>
              </entry>
              <entry key="resMappingObj">
                <value>
                  <Map>
                    <entry key="country" value="country"/>
                    <entry key="domain" value="domain"/>
                    <entry key="email" value="email"/>
                    <entry key="firstname" value="firstname"/>
                    <entry key="groups" value="groups[*]"/>
                    <entry key="lastname" value="lastname"/>
                    <entry key="status" value="status"/>
                    <entry key="type" value="type"/>
                    <entry key="username" value="username"/>
                  </Map>
                </value>
              </entry>
              <entry key="responseCode">
                <value>
                  <List>
                    <String>2**</String>
                  </List>
                </value>
              </entry>
              <entry key="rootPath" value="$.user"/>
              <entry key="sequenceNumberForEndpoint" value="4"/>
              <entry key="uniqueNameForEndPoint" value="Get Account Object"/>
              <entry key="xpathNamespaces"/>
            </Map>
            <Map>
              <entry key="afterRule"/>
              <entry key="beforeRule" value="Adobe Creative Cloud BeforeRule"/>
              <entry key="body">
                <value>
                  <Map>
                    <entry key="bodyFormData"/>
                    <entry key="bodyFormat" value="raw"/>
                    <entry key="jsonBody" value="[{&#13;&#10;  &quot;user&quot; : &quot;$plan.nativeIdentity$&quot;,&#13;&#10;  &quot;do&quot; : [{&#13;&#10;&#9; &quot;createFederatedID&quot;: {  &#13;&#10;&#9;    &quot;email&quot;: &quot;$plan.email$&quot;,&#13;&#10;&#9;    &quot;country&quot;: &quot;$plan.country$&quot;,&#13;&#10;&#9;    &quot;firstname&quot;: &quot;$plan.firstname$&quot;,&#13;&#10;&#9;    &quot;lastname&quot;: &quot;$plan.lastname$&quot;,&#13;&#10;&#9;    &quot;option&quot;: &quot;ignoreIfAlreadyExists&quot;&#13;&#10;&#9;  }&#13;&#10;  }]&#13;&#10;}]"/>
                  </Map>
                </value>
              </entry>
              <entry key="contextUrl" value="/v2/usermanagement/action/$application.adobeOrganizationId$"/>
              <entry key="header">
                <value>
                  <Map>
                    <entry key="Content-Type" value="application/json"/>
                    <entry key="X-Api-Key" value="$application.adobeClientId$"/>
                  </Map>
                </value>
              </entry>
              <entry key="httpMethodType" value="POST"/>
              <entry key="operationType" value="Create Account"/>
              <entry key="paginationSteps"/>
              <entry key="pagingInitialOffset">
                <value>
                  <Integer>0</Integer>
                </value>
              </entry>
              <entry key="pagingSize">
                <value>
                  <Integer>50</Integer>
                </value>
              </entry>
              <entry key="resMappingObj"/>
              <entry key="responseCode">
                <value>
                  <List>
                    <String>2**</String>
                  </List>
                </value>
              </entry>
              <entry key="rootPath"/>
              <entry key="sequenceNumberForEndpoint" value="5"/>
              <entry key="uniqueNameForEndPoint" value="Create Account"/>
              <entry key="xpathNamespaces"/>
            </Map>
            <Map>
              <entry key="afterRule"/>
              <entry key="beforeRule" value="Adobe Creative Cloud BeforeRule"/>
              <entry key="body">
                <value>
                  <Map>
                    <entry key="bodyFormData"/>
                    <entry key="bodyFormat" value="raw"/>
                    <entry key="jsonBody" value="[{&#13;&#10;  &quot;user&quot;: &quot;$plan.nativeIdentity$&quot;,&#13;&#10;  &quot;do&quot;: [{&#13;&#10;    &quot;add&quot;: {&#13;&#10;      &quot;group&quot;: [ &#13;&#10;        &quot;$plan.groups$&quot;&#13;&#10;      ]&#13;&#10;    }&#13;&#10;  }]&#13;&#10;}]"/>
                  </Map>
                </value>
              </entry>
              <entry key="contextUrl" value="/v2/usermanagement/action/$application.adobeOrganizationId$"/>
              <entry key="header">
                <value>
                  <Map>
                    <entry key="Content-Type" value="application/json"/>
                    <entry key="X-Api-Key " value="$application.adobeClientId$"/>
                  </Map>
                </value>
              </entry>
              <entry key="httpMethodType" value="POST"/>
              <entry key="operationType" value="Add Entitlement"/>
              <entry key="paginationSteps"/>
              <entry key="pagingInitialOffset">
                <value>
                  <Integer>0</Integer>
                </value>
              </entry>
              <entry key="pagingSize">
                <value>
                  <Integer>50</Integer>
                </value>
              </entry>
              <entry key="resMappingObj"/>
              <entry key="responseCode">
                <value>
                  <List>
                    <String>2**</String>
                  </List>
                </value>
              </entry>
              <entry key="rootPath"/>
              <entry key="sequenceNumberForEndpoint" value="6"/>
              <entry key="uniqueNameForEndPoint" value="Add Entitlement"/>
              <entry key="xpathNamespaces"/>
            </Map>
            <Map>
              <entry key="afterRule"/>
              <entry key="beforeRule" value="Adobe Creative Cloud BeforeRule"/>
              <entry key="body">
                <value>
                  <Map>
                    <entry key="bodyFormData"/>
                    <entry key="bodyFormat" value="raw"/>
                    <entry key="jsonBody" value="[{&#13;&#10;  &quot;user&quot;: &quot;$plan.nativeIdentity$&quot;,&#13;&#10;  &quot;do&quot;: [{&#13;&#10;    &quot;remove&quot;: {&#13;&#10;      &quot;group&quot;: [ &#13;&#10;        &quot;$plan.groups$&quot;&#13;&#10;      ]&#13;&#10;    }&#13;&#10;  }]&#13;&#10;}]"/>
                  </Map>
                </value>
              </entry>
              <entry key="contextUrl" value="/v2/usermanagement/action/$application.adobeOrganizationId$"/>
              <entry key="header">
                <value>
                  <Map>
                    <entry key="Content-Type" value="application/json"/>
                    <entry key="X-Api-Key " value="$application.adobeClientId$"/>
                  </Map>
                </value>
              </entry>
              <entry key="httpMethodType" value="POST"/>
              <entry key="operationType" value="Remove Entitlement"/>
              <entry key="paginationSteps"/>
              <entry key="pagingInitialOffset">
                <value>
                  <Integer>0</Integer>
                </value>
              </entry>
              <entry key="pagingSize">
                <value>
                  <Integer>50</Integer>
                </value>
              </entry>
              <entry key="resMappingObj"/>
              <entry key="responseCode">
                <value>
                  <List>
                    <String>2**</String>
                  </List>
                </value>
              </entry>
              <entry key="rootPath"/>
              <entry key="sequenceNumberForEndpoint" value="7"/>
              <entry key="uniqueNameForEndPoint" value="Remove Entitlement"/>
              <entry key="xpathNamespaces"/>
            </Map>
            <Map>
              <entry key="afterRule"/>
              <entry key="beforeRule" value="Adobe Creative Cloud BeforeRule"/>
              <entry key="body">
                <value>
                  <Map>
                    <entry key="bodyFormData"/>
                    <entry key="bodyFormat" value="raw"/>
                    <entry key="jsonBody" value="[{&#13;&#10;  &quot;user&quot;: &quot;$plan.nativeIdentity$&quot;,&#13;&#10;  &quot;do&quot;: [{&#13;&#10;    &quot;removeFromOrg&quot;: {&#13;&#10;      &quot;deleteAccount&quot;: true&#13;&#10;    }&#13;&#10;  }]&#13;&#10;}]"/>
                  </Map>
                </value>
              </entry>
              <entry key="contextUrl" value="/v2/usermanagement/action/$application.adobeOrganizationId$"/>
              <entry key="header">
                <value>
                  <Map>
                    <entry key="Content-Type" value="application/json"/>
                    <entry key="X-Api-Key " value="$application.adobeClientId$"/>
                  </Map>
                </value>
              </entry>
              <entry key="httpMethodType" value="POST"/>
              <entry key="operationType" value="Delete Account"/>
              <entry key="paginationSteps"/>
              <entry key="pagingInitialOffset">
                <value>
                  <Integer>0</Integer>
                </value>
              </entry>
              <entry key="pagingSize">
                <value>
                  <Integer>50</Integer>
                </value>
              </entry>
              <entry key="resMappingObj"/>
              <entry key="responseCode">
                <value>
                  <List>
                    <String>2**</String>
                  </List>
                </value>
              </entry>
              <entry key="rootPath"/>
              <entry key="sequenceNumberForEndpoint" value="8"/>
              <entry key="uniqueNameForEndPoint" value="Delete Account"/>
              <entry key="xpathNamespaces"/>
            </Map>
            <Map>
              <entry key="afterRule"/>
              <entry key="beforeRule" value="Adobe Creative Cloud BeforeRule"/>
              <entry key="body">
                <value>
                  <Map>
                    <entry key="bodyFormData"/>
                    <entry key="bodyFormat" value="raw"/>
                    <entry key="jsonBody" value="[{&#13;&#10;  &quot;user&quot; : &quot;$plan.nativeIdentity$&quot;,&#13;&#10;  &quot;do&quot; : [{&#13;&#10;&#9; &quot;update&quot;: {  &#13;&#10;&#9;    &quot;firstname&quot;: &quot;$plan.firstname$&quot;,&#13;&#10;&#9;    &quot;lastname&quot;: &quot;$plan.lastname$&quot;&#13;&#10;&#9;  }&#13;&#10;  }]&#13;&#10;}]"/>
                  </Map>
                </value>
              </entry>
              <entry key="contextUrl" value="/v2/usermanagement/action/$application.adobeOrganizationId$"/>
              <entry key="header">
                <value>
                  <Map>
                    <entry key="Content-Type" value="application/json"/>
                    <entry key="X-Api-Key" value="$application.adobeClientId$"/>
                  </Map>
                </value>
              </entry>
              <entry key="httpMethodType" value="POST"/>
              <entry key="operationType" value="Update Account"/>
              <entry key="paginationSteps"/>
              <entry key="pagingInitialOffset">
                <value>
                  <Integer>0</Integer>
                </value>
              </entry>
              <entry key="pagingSize">
                <value>
                  <Integer>50</Integer>
                </value>
              </entry>
              <entry key="resMappingObj"/>
              <entry key="responseCode">
                <value>
                  <List>
                    <String>2**</String>
                  </List>
                </value>
              </entry>
              <entry key="rootPath"/>
              <entry key="sequenceNumberForEndpoint" value="9"/>
              <entry key="uniqueNameForEndPoint" value="Update Account"/>
              <entry key="xpathNamespaces"/>
            </Map>
          </List>
        </value>
      </entry>
      <entry key="createAccountWithEntReq">
        <value>
          <Boolean/>
        </value>
      </entry>
      <entry key="enableHasMore" value="true"/>
      <entry key="enableStatus" value="status=active"/>
      <entry key="encrypted" value="adobeClientSecret,adobePrivateKey,adobePrivateKeyPassword,adobeAccessToken,accesstoken,refresh_token,oauth_token_info,client_secret,private_key,private_key_password,clientCertificate,clientKeySpec,resourceOwnerPassword"/>
      <entry key="genericWebServiceBaseUrl" value="%%ADOBE_BASE_URL%%"/>
      <entry key="httpCookieSpecsStandard" value="true"/>
      <entry key="isGetObjectRequiredForPTA">
        <value>
          <Boolean>true</Boolean>
        </value>
      </entry>
      <entry key="nativeChangeDetectionAttributeScope" value="entitlements"/>
      <entry key="nativeChangeDetectionAttributes"/>
      <entry key="nativeChangeDetectionEnabled">
        <value>
          <Boolean/>
        </value>
      </entry>
      <entry key="nativeChangeDetectionOperations"/>
      <entry key="oAuthJwtHeader">
        <value>
          <Map>
            <entry key="alg" value="RS256"/>
          </Map>
        </value>
      </entry>
      <entry key="oAuthJwtPayload">
        <value>
          <Map>
            <entry key="aud"/>
            <entry key="exp"/>
            <entry key="iss"/>
            <entry key="sub"/>
          </Map>
        </value>
      </entry>
      <entry key="private_key_to_update"/>
      <entry key="sysDescriptions">
        <value>
          <Map>
            <entry key="en_US"/>
          </Map>
        </value>
      </entry>
      <entry key="templateApplication" value="Web Services"/>
      <entry key="throwProvBeforeRuleException">
        <value>
          <Boolean>true</Boolean>
        </value>
      </entry>
      <entry key="timeoutInSeconds"/>
    </Map>
  </Attributes>
  <CorrelationRule>
    <Reference class="sailpoint.object.Rule" name="Adobe Creative Cloud Correlation Rule"/>
  </CorrelationRule>
  <Owner>
    <Reference class="sailpoint.object.Identity" name="spadmin"/>
  </Owner>
  <ProvisioningForms>
    <Form name="Create Account" objectType="account" type="Create">
      <Attributes>
        <Map>
          <entry key="pageTitle" value="Create Account"/>
        </Map>
      </Attributes>
      <Section name="Account">
        <Field displayName="First Name" name="firstname" type="string">
          <RuleRef>
            <Reference class="sailpoint.object.Rule" name="Adobe Creative Cloud Create Account Field Value Rule"/>
          </RuleRef>
        </Field>
        <Field displayName="Username" name="username" type="string">
          <RuleRef>
            <Reference class="sailpoint.object.Rule" name="Adobe Creative Cloud Create Account Field Value Rule"/>
          </RuleRef>
        </Field>
        <Field displayName="Last Name" name="lastname" type="string">
          <RuleRef>
            <Reference class="sailpoint.object.Rule" name="Adobe Creative Cloud Create Account Field Value Rule"/>
          </RuleRef>
        </Field>
        <Field displayName="Email" name="email" type="string">
          <RuleRef>
            <Reference class="sailpoint.object.Rule" name="Adobe Creative Cloud Create Account Field Value Rule"/>
          </RuleRef>
        </Field>
      </Section>
    </Form>
  </ProvisioningForms>
  <Schemas>
    <Schema displayAttribute="username" groupAttribute="" identityAttribute="username" instanceAttribute="" nativeObjectType="user" objectType="account">
      <AttributeDefinition name="username" type="string">
        <Description/>
      </AttributeDefinition>
      <AttributeDefinition name="domain" type="string">
        <Description/>
      </AttributeDefinition>
      <AttributeDefinition name="firstname" type="string">
        <Description/>
      </AttributeDefinition>
      <AttributeDefinition name="lastname" type="string">
        <Description/>
      </AttributeDefinition>
      <AttributeDefinition name="country" type="string">
        <Description/>
      </AttributeDefinition>
      <AttributeDefinition name="type" type="string">
        <Description/>
      </AttributeDefinition>
      <AttributeDefinition entitlement="true" managed="true" multi="true" name="groups" schemaObjectType="group" type="string">
        <Description/>
      </AttributeDefinition>
      <AttributeDefinition name="status" type="string">
        <Description/>
      </AttributeDefinition>
      <AttributeDefinition name="email" type="string">
        <Description/>
      </AttributeDefinition>
    </Schema>
    <Schema descriptionAttribute="" displayAttribute="groupName" identityAttribute="groupName" instanceAttribute="" nativeObjectType="group" objectType="group">
      <AttributeDefinition name="groupName" type="string">
        <Description/>
      </AttributeDefinition>
      <AttributeDefinition name="adminGroupName" type="string">
        <Description/>
      </AttributeDefinition>
      <AttributeDefinition name="type" type="string">
        <Description/>
      </AttributeDefinition>
      <AttributeDefinition name="licenseQuota" type="string">
        <Description/>
      </AttributeDefinition>
      <AttributeDefinition name="productName" type="string">
        <Description/>
      </AttributeDefinition>
      <AttributeDefinition name="profileGroupName" type="string">
        <Description/>
      </AttributeDefinition>
      <AttributeDefinition name="memberCount" type="string">
        <Description/>
      </AttributeDefinition>
    </Schema>
  </Schemas>
  <ApplicationScorecard/>
</Application>
