<assembly xmlns:xsi="http://www.w3.org/2001/XMLSchema-instance" xmlns="http://maven.apache.org/ASSEMBLY/2.0.0" xsi:schemaLocation="http://maven.apache.org/ASSEMBLY/2.0.0 http://maven.apache.org/xsd/assembly-2.0.0.xsd
http://maven.apache.org/ASSEMBLY/2.0.0 ">
  <id>src</id>
  <formats>
    <format>zip</format>
  </formats>
  <includeBaseDirectory>true</includeBaseDirectory>
  <fileSets>
    <fileSet>
      <directory>${project.basedir}</directory>
      <outputDirectory>${file.separator}</outputDirectory>
      <includes>
        <include>README.md</include>
        <include>LICENSE.txt</include>
        <include>NOTICE.txt</include>
      </includes>
    </fileSet>
    <fileSet>
      <directory>${project.basedir}/src/main/java</directory>
      <outputDirectory>src</outputDirectory>
      <includes>
        <include>**/*</include>
      </includes>
    </fileSet>
  </fileSets>
</assembly>