<?xml version='1.0' encoding='UTF-8'?>
<!DOCTYPE EmailTemplate PUBLIC "sailpoint.dtd" "sailpoint.dtd">
<!-- Copyright © 2018 SailPoint Technologies, Inc. All Rights Reserved.
All logos, text, content, and works of authorship, including but not limited to underlying code, programming or scripting language, designs, and/or graphics,
that are used and/or depicted herein are protected under United States and international copyright and trademark laws and treaties,
and may not be used or reproduced without the prior express written permission of SailPoint Technologies, Inc. -->
<EmailTemplate name="EmailTemplate-FrameworkJoinerManager">
   <Body>
<![CDATA[   		 
		#set($ctx = $spTools.class.forName("sailpoint.api.SailPointFactory").getMethod("getFactory", null).invoke(null,null).getCurrentContext())
		#set($reqType = $workflow.requestType)
		#set($ruleObj = $ctx.getObjectByName($spTools.class.forName("sailpoint.object.Rule"), "Rule-Framework-Header-Footer-StyleSheet")) 
		#set($ruleArgs = { 
		    "keyEmailTemplate"  : "styleSheet"
		}) 
		#set($styleSheet = $ctx.runRule($ruleObj, $ruleArgs))
		#if( $ruleObj )
		$ctx.decache($ruleObj)
		#end
		#set($ruleObj = $ctx.getObjectByName($spTools.class.forName("sailpoint.object.Rule"), "Rule-Framework-Header-Footer-StyleSheet")) 
		#set($ruleArgs = { 
		    "keyEmailTemplate"  : "headerTemplate"
		}) 
		#set($headerTemplate = $ctx.runRule($ruleObj, $ruleArgs))
		#if( $ruleObj )
		$ctx.decache($ruleObj)
		#end
		#set($ruleObj = $ctx.getObjectByName($spTools.class.forName("sailpoint.object.Rule"), "Rule-Framework-Header-Footer-StyleSheet")) 
		#set($ruleArgs = { 
		    "keyEmailTemplate"  : "footerTemplate"
		}) 
		#set($footerTemplate = $ctx.runRule($ruleObj, $ruleArgs))
		#if( $ruleObj )
		$ctx.decache($ruleObj)
		#end
		<html>
		<head>
		<meta charset="UTF-8">	    
		#if( $styleSheet )
		$styleSheet
		#end
		</head>	      
	    	<body>
	    	#if( $headerTemplate )
			$headerTemplate
			#end
			<br/>    
			Dear $recipientDisplayName,<br/>
			<p>Joiner Access for Identity '$refIdentityDisplayName' has been granted.</p>
			#if ( $approvalSet && $apDisableStaticManagerEmailContent && $apDisableStaticManagerEmailContent =="False" )
			      <ul>
			      #foreach ($item in $approvalSet.items)
			        #if ( $item.comments)
			          #foreach ($comment in $item.comments)
			            <li>Completion Comments: $comment</li>
			          #end
			        #end
			        <li>Application: $item.applicationName</li>
			        <ul>
			        #if ( $item.nativeIdentity )       
			          <li>Account : $item.nativeIdentity</li>
			        #end           
			        <li>Operation: $item.operation</li>
			        #if ( $item.displayName )          
			          <li>Attribute: $item.displayName</li>
			        #elseif ( $item.name ) 
			          <li>Attribute: $item.name</li>
			        #end
			        #if ( $item.displayValue )
			         <li>Value(s): $item.displayValue</li>
			        #elseif ( $item.csv ) 
			         <li>Value(s): $item.csv</li>
			        #end
			        #if ( $item.requesterComments )
			          <li>Requester Comments: $item.requesterComments</li>
			        #end
			        </ul>
			      #end
				    </ul>
			#end
			#if ($dynamicAppContent)
				<table>
					#if ($apDisableStaticManagerEmailContent && $apDisableStaticManagerEmailContent =="False" )
						#foreach( $key in $dynamicAppContent.keySet() )
						<tr><td>$key</td><td>$dynamicAppContent.get($key)</td></tr>
						#end
					#else
						#foreach( $key in $dynamicAppContent.keySet() )
						<tr><td>$dynamicAppContent.get($key)</td></tr>
						#end
					#end
				</table>
			#end
			#if ( $provisioningErrors )
				The following errors occurred during provisioning:
				<ul>
				#foreach ($error in $provisioningErrors)
				<li>$!error</li>
				#end
				</ul>
			#end
			#if( $footerTemplate )
			$footerTemplate
			#end
			</body>
		</html>
		]]>		
    </Body>
  <Description>
      Email Template for notifying the manager when account creation is completed
    </Description>
  <Signature>
    <Inputs>
      <Argument name="workflow" type="Workflow">
        <Description>The Workflow object being executed.</Description>
      </Argument>
      <Argument name="approvalSet" type="ApprovalSet">
        <Description>The ApprovalSet object contained in the workflow.</Description>
      </Argument>
      <Argument name="refIdentityDisplayName" type="string">
        <Description>The name of the Identity that is registering.</Description>
      </Argument>
      <Argument name="recipientDisplayName" type="string">
        <Description>The display name of the Identity that is registering.</Description>
      </Argument>
      <Argument name="provisioningErrors" type="List">
        <Description>Any provisioning errors that may have occurred.</Description>
      </Argument>
    </Inputs>
  </Signature>
  <Subject>#if($provisioningErrors) Error:#end User '$refIdentityDisplayName' has been onboarded</Subject>
</EmailTemplate>
