<?xml version="1.0" encoding="UTF-8"?>
<!DOCTYPE GroupDefinition PUBLIC "sailpoint.dtd" "sailpoint.dtd">
<!-- Copyright © 2018 SailPoint Technologies, Inc. All Rights Reserved.
All logos, text, content, and works of authorship, including but not limited to underlying code, programming or scripting language, designs, and/or graphics,
that are used and/or depicted herein are protected under United States and international copyright and trademark laws and treaties,
and may not be used or reproduced without the prior express written permission of SailPoint Technologies, Inc. -->
<GroupDefinition indexed="true" name="New Joiner Has At least One Birthright Account" private="true">
<!-- Any identity that has atleast one joiner application-->
  <GroupFilter>
    <CompositeFilter operation="AND">
      <CompositeFilter operation="AND">
        <Filter operation="EQ" property="links.application.joinerEnabled" ignoreCase="true" value="TRUE">
        </Filter>
       <Filter operation="EQ" property="correlated">
        <Value>
          <Boolean>true</Boolean>
        </Value>
      </Filter>
      </CompositeFilter>
    </CompositeFilter>
  </GroupFilter>
  <Owner>
    <Reference class="sailpoint.object.Identity" name="spadmin"/>
  </Owner>
</GroupDefinition>
