<?xml version='1.0' encoding='UTF-8'?>
<!DOCTYPE Workflow PUBLIC "sailpoint.dtd" "sailpoint.dtd">
<!-- Copyright © 2018 SailPoint Technologies, Inc. All Rights Reserved.
All logos, text, content, and works of authorship, including but not limited to underlying code, programming or scripting language, designs, and/or graphics,
that are used and/or depicted herein are protected under United States and international copyright and trademark laws and treaties,
and may not be used or reproduced without the prior express written permission of SailPoint Technologies, Inc. -->
<Workflow explicitTransitions="true" name="Workflow-Lifecycle-Joiner-RequestObject-Wrapper" type="IdentityLifecycle">
 <Description>Accelerator Pack Workflow</Description>
  <Variable input="true" name="trigger">
    <Description>The IdentityTrigger</Description>
  </Variable>
  <Variable input="true" name="event" transient="true">
    <Description>
      The IdentityChangeEvent.  It can be used to build
      the provisioning plan, but does not need to be
      persisted with the case, so marked as transient.
    </Description>
  </Variable>
  <Variable input="true" name="identityName">
    <Description>The name of the identity.</Description>
  </Variable>
    <Variable initializer="false" name="trace">
    <Description>
      Used for debugging this workflow and when set to true trace
      will be sent to stdout.
    </Description>
  </Variable>
    <Variable initializer="true" name="transient">
 </Variable>
  <Step icon="Start"  name="Start" >
    <Transition to="Start Request Manager" />
    <Transition to="Stop"/>
  </Step>
  <Step icon="Task" name="Start Request Manager">
   <Script>
      <Source>
      <![CDATA[
  			import sailpoint.rapidapponboarding.rule.WrapperRuleLibrary;
  			WrapperRuleLibrary.startRequestManager(context,identityName,trigger,event,"Workflow-Lifecycle-Joiner",60,null);
  			 ]]>
  		</Source>
    </Script>
    <Transition to="Stop"/>
  </Step>
  <Step icon="Stop" name="Stop" /> 
</Workflow>
