<?xml version="1.0" encoding="UTF-8"?>
<!DOCTYPE Configuration PUBLIC "sailpoint.dtd" "sailpoint.dtd">
<!-- Copyright © 2018 SailPoint Technologies, Inc. All Rights Reserved.
All logos, text, content, and works of authorship, including but not limited to underlying code, programming or scripting language, designs, and/or graphics,
that are used and/or depicted herein are protected under United States and international copyright and trademark laws and treaties,
and may not be used or reproduced without the prior express written permission of SailPoint Technologies, Inc. -->
<Configuration name="ElectronicSignature">
			<Attributes>
				<Map>
					<entry key="types">
						<value>
							<List>
								<ESignatureType displayName=""
									name="SmartServices Electronic Signature">
									<Map>
										<entry key="en_US"
											value="Electronic Signature Required:  Please provide your user name and password." />
									</Map>
								</ESignatureType>
							</List>
						</value>
					</entry>
				</Map>
			</Attributes>
</Configuration>
