<?xml version="1.0" encoding="UTF-8"?>
<!DOCTYPE DynamicScope PUBLIC "sailpoint.dtd" "sailpoint.dtd">
<!-- Copyright © 2018 SailPoint Technologies, Inc. All Rights Reserved.
All logos, text, content, and works of authorship, including but not limited to underlying code, programming or scripting language, designs, and/or graphics,
that are used and/or depicted herein are protected under United States and international copyright and trademark laws and treaties,
and may not be used or reproduced without the prior express written permission of SailPoint Technologies, Inc. -->
<DynamicScope allowAll="true" name="Self Service">
  <ApplicationRequestControl>
    <Reference class="sailpoint.object.Rule" name="Objects in Requestor's Authorized Scopes"/>
  </ApplicationRequestControl>
  <Description/>
  <ManagedAttributeRequestControl>
    <Reference class="sailpoint.object.Rule" name="Rule-FrameWorkRegularEntitlements"/>
  </ManagedAttributeRequestControl>
  <PopulationRequestAuthority>
    <MatchConfig customControl="(correlated == true)" enableCustomControl="true" matchAll="true"/>
  </PopulationRequestAuthority>
  <RoleRequestControl>
    <Reference class="sailpoint.object.Rule" name="Rule-FrameWorkRegularRoles"/>
  </RoleRequestControl>
</DynamicScope>
