<?xml version='1.0' encoding='UTF-8'?>
<!DOCTYPE sailpoint PUBLIC "sailpoint.dtd" "sailpoint.dtd">
<!-- Copyright © 2018 SailPoint Technologies, Inc. All Rights Reserved.
All logos, text, content, and works of authorship, including but not limited to underlying code, programming or scripting language, designs, and/or graphics,
that are used and/or depicted herein are protected under United States and international copyright and trademark laws and treaties,
and may not be used or reproduced without the prior express written permission of SailPoint Technologies, Inc. -->
<sailpoint>
<ImportAction name='merge'>
<ObjectConfig name="Application">
	<!-- USED BY APPROVAL, PRIVILEGED ACCOUNT-->
	<ObjectAttribute categoryName="Approval"
		displayName="Omit Manager's Approval for Privileged Access"  editMode="Permanent" name="omitmanagerPrivgaccess" type="boolean" defaultValue="">
		<Description>Skip Manager Approval For Privileged Access</Description>
	</ObjectAttribute>
	<!-- USED BY APPROVAL, PRIVILEGED ACCOUNT-->
	<ObjectAttribute categoryName="Approval"
		defaultValue="" displayName="Validate Privileged Access Request" editMode="Permanent" name="enablepsaValidation" type="boolean">
		<Description>Access Request For Privileged Access To Privileged Accounts</Description>
	</ObjectAttribute>
</ObjectConfig>
	</ImportAction>
</sailpoint>
