<?xml version="1.0" encoding="UTF-8"?>
<archetype-descriptor
        xmlns:xsi="http://www.w3.org/2001/XMLSchema-instance"
        xsi:schemaLocation="https://maven.apache.org/plugins/maven-archetype-plugin/archetype-descriptor/1.1.0 http://maven.apache.org/xsd/archetype-descriptor-1.1.0.xsd"
        name="myaccess"
        xmlns="https://maven.apache.org/plugins/maven-archetype-plugin/archetype-descriptor/1.1.0">
    <requiredProperties>
        <requiredProperty key="identityiqVersion">
            <defaultValue>8.1</defaultValue>
        </requiredProperty>
    </requiredProperties>
    <modules>
        <module id="iiq-web" dir="iiq-web" name="iiq-web">
            <fileSets>
                <fileSet filtered="true" encoding="UTF-8">
                    <directory>build-config/assembly</directory>
                    <includes>
                        <include>**/*.xml</include>
                    </includes>
                </fileSet>
                <fileSet filtered="true" encoding="UTF-8">
                    <directory>profiles</directory>
                    <includes>
                        <include>**/*</include>
                    </includes>
                </fileSet>
                <fileSet filtered="true" encoding="UTF-8">
                    <directory>src/main/java</directory>
                    <includes>
                        <include>**/*</include>
                    </includes>
                </fileSet>
                <fileSet filtered="true" encoding="UTF-8">
                    <directory>src/main/resources</directory>
                    <includes>
                        <include>**/*</include>
                    </includes>
                </fileSet>
                <fileSet filtered="true" encoding="UTF-8">
                    <directory>src/main/webapp</directory>
                    <includes>
                        <include>**/*</include>
                    </includes>
                </fileSet>
                <fileSet filtered="true" encoding="UTF-8">
                    <directory>src/test/java</directory>
                    <includes>
                        <include>**/*.java</include>
                    </includes>
                </fileSet>
            </fileSets>
        </module>
        <module id="iiq-xml-config" dir="iiq-xml-config" name="iiq-xml-config">
            <fileSets>
                <fileSet filtered="true" encoding="UTF-8">
                    <directory>build-config/assembly</directory>
                    <includes>
                        <include>**/*.xml</include>
                    </includes>
                </fileSet>
                <fileSet filtered="true" encoding="UTF-8">
                    <directory>build-config/xml-validation</directory>
                    <includes>
                        <include>catalog.xml</include>
                        <include>sailpoint.dtd</include>
                    </includes>
                </fileSet>
                <fileSet filtered="true" encoding="UTF-8">
                    <directory>profiles</directory>
                    <includes>
                        <include>**/*</include>
                    </includes>
                </fileSet>
                <fileSet filtered="true" encoding="UTF-8">
                    <directory>src/main/config</directory>
                    <includes>
                        <include>**/*</include>
                    </includes>
                </fileSet>
                <fileSet filtered="true" encoding="UTF-8">
                    <directory>src/test</directory>
                    <includes>
                        <include>**/*</include>
                    </includes>
                </fileSet>
            </fileSets>
        </module>
        <module id="iiq-plugins" dir="iiq-plugins" name="iiq-plugins"/>
        <module id="iiq-distribution" dir="iiq-distribution" name="iiq-distribution">
            <fileSets>
                <fileSet filtered="true" encoding="UTF-8">
                    <directory>build-config/assembly</directory>
                    <includes>
                        <include>**/*.xml</include>
                    </includes>
                </fileSet>
                <fileSet filtered="true" encoding="UTF-8">
                    <directory>build-config/config</directory>
                    <includes>
                        <include>**/*</include>
                    </includes>
                </fileSet>
            </fileSets>
        </module>
        <module id="iiq-test" dir="iiq-test" name="iiq-test">
            <fileSets>
               <fileSet filtered="true" encoding="UTF-8">
                    <directory>profiles/env-dev</directory>
                    <includes>
                        <include>**/*</include>
                    </includes>
                </fileSet>
                <fileSet filtered="true" encoding="UTF-8">
                    <directory>profiles/env-sandbox</directory>
                    <includes>
                        <include>**/*</include>
                    </includes>
                </fileSet>
                <fileSet filtered="true" encoding="UTF-8">
                    <directory>src/main/java</directory>
                    <includes>
                        <include>**/*.java</include>
                    </includes>
                </fileSet>
                <fileSet filtered="true" encoding="UTF-8">
                    <directory>src/test/java</directory>
                    <includes>
                        <include>**/*.java</include>
                    </includes>
                </fileSet>
            </fileSets>
        </module>
    </modules>
</archetype-descriptor>
