<?xml version="1.0" encoding="UTF-8" standalone="no"?>
<!DOCTYPE sailpoint PUBLIC "sailpoint.dtd" "sailpoint.dtd">
<sailpoint>
    <SPRight displayName="pluginSequenceServiceRight" name="pluginSequenceServiceRight"/>
    <SPRight displayName="sequenceRESTAllow" name="sequenceRESTAllow"/>
    <SPRight displayName="sequenceList" name="sequenceList"/>
    <SPRight displayName="sequenceStatus" name="sequenceStatus"/>
    <SPRight displayName="sequenceNext" name="sequenceNext"/>
    <SPRight displayName="sequenceCreate" name="sequenceCreate"/>
    <SPRight displayName="sequenceUpdate" name="sequenceUpdate"/>
    <SPRight displayName="sequenceDelete" name="sequenceDelete"/>

    <Capability displayName="sequenceUser" name="sequenceUser">
        <RightRefs>
            <Reference class="sailpoint.object.SPRight" name="sequenceRESTAllow"/>
            <Reference class="sailpoint.object.SPRight" name="sequenceNext"/>
            <Reference class="sailpoint.object.SPRight" name="sequenceStatus"/>
            <Reference class="sailpoint.object.SPRight" name="sequenceList"/>
        </RightRefs>
    </Capability>
    <Capability displayName="sequenceAdmin" name="sequenceAdmin">
        <RightRefs>
            <Reference class="sailpoint.object.SPRight" name="sequenceRESTAllow"/>
            <Reference class="sailpoint.object.SPRight" name="sequenceNext"/>
            <Reference class="sailpoint.object.SPRight" name="sequenceStatus"/>
            <Reference class="sailpoint.object.SPRight" name="sequenceList"/>
            <!--  Additional Admin Rights -->
            <Reference class="sailpoint.object.SPRight" name="sequenceCreate"/>
            <Reference class="sailpoint.object.SPRight" name="sequenceUpdate"/>
            <Reference class="sailpoint.object.SPRight" name="sequenceDelete"/>
        </RightRefs>

    </Capability>
</sailpoint>
