<?xml version="1.0" encoding="UTF-8"?>
<!DOCTYPE sailpoint PUBLIC "sailpoint.dtd" "sailpoint.dtd">
<sailpoint>
    <Rule name="TestRule-IDGenerator" language="beanshell">
        <Signature returnType="String">
            <Inputs>
                <Argument name="tenant" type="String" required="true"/>
                <Argument name="name" type="String" required="true"/>
            </Inputs>
        </Signature>
        <ReferencedRules>
            <Reference class="sailpoint.object.Rule" name="IDGenerator - Rule Library"/>
        </ReferencedRules>

        <Source>
            <![CDATA[
import sailpoint.tools.Util;
import org.apache.commons.logging.Log;
 
Log pslabslog=org.apache.commons.logging.LogFactory.getLog("sailpoint.pslabs.plugin.identity.sequence");
  
// If arguments not given as input, the attributes are void not null!
if( void == tenant || Util.isNullOrEmpty(tenant) ) {
  tenant = "client1";
}
if( void == name || Util.isNullOrEmpty(name) ) {
  name = "internals";
}

return RestGetNextSequence( tenant, name ); 
  ]]></Source>
    </Rule>
</sailpoint>
