<assembly xmlns="http://maven.apache.org/ASSEMBLY/2.0.0"
          xmlns:xsi="http://www.w3.org/2001/XMLSchema-instance"
          xsi:schemaLocation="http://maven.apache.org/ASSEMBLY/2.0.0 http://maven.apache.org/xsd/assembly-2.0.0.xsd
http://maven.apache.org/ASSEMBLY/2.0.0 ">
    <id>bin</id>
    <formats>
        <format>zip</format>
    </formats>
    <includeBaseDirectory>false</includeBaseDirectory>
    <dependencySets>
        <dependencySet>
            <outputDirectory>WEB-INF/lib</outputDirectory>
            <includes>
                <include>${project.groupId}:${project.artifactId}:jar</include>
            </includes>
        </dependencySet>
    </dependencySets>
    <fileSets>
        <fileSet>
            <directory>${project.basedir}</directory>
            <outputDirectory>WEB-INF/pslabs/connectors/${project.artifactId}</outputDirectory>
            <includes>
                <include>README.md</include>
                <include>LICENSE.txt</include>
                <include>NOTICE.txt</include>
            </includes>
        </fileSet>
        <fileSet>
            <directory>${project.basedir}/src/main/webapp</directory>
            <outputDirectory>${file.separator}</outputDirectory>
            <includes>
                <include>**/*</include>
            </includes>
        </fileSet>
        <fileSet>
            <directory>${project.basedir}/src/main/connector-resources</directory>
            <outputDirectory>WEB-INF/config/custom/pslabs/connector/${project.artifactId}</outputDirectory>
            <includes>
                <include>**/*.xml</include>
            </includes>
        </fileSet>
    </fileSets>
</assembly>
