<?xml version="1.0" encoding="UTF-8" standalone="no"?>
<!DOCTYPE Plugin PUBLIC "sailpoint.dtd" "sailpoint.dtd">
<Plugin displayName="Bulk Approvals Plugin" minSystemVersion="7.2" name="BulkApprovalsPlugin" version="0.1.1">
  <Attributes>
    <Map>
      <entry key="minUpgradableVersion" value="0.1"/>
      <entry key="fullPage">
        <value>
          <FullPage title="Bulk Approvals"/>
        </value>
      </entry>
      <entry key="restResources">
        <value>
          <List>
            <String>com.sailpoint.pse.plugin.bulkapproval.rest.BulkApprovalsPluginResource</String>
          </List>
        </value>
      </entry>
      <entry key="serviceExecutors">
        <value>
          <List>
            <String>com.sailpoint.pse.plugin.bulkapproval.service.BulkApprovalsPluginService</String>
          </List>
        </value>
      </entry>
      <entry key="settings">
        <value>
          <List>
            <Setting dataType="string" defaultValue="" helpText="Available columns are: ID, Identity_Name, Application, Item, Operation, Account, Value, Description, Approval_Owner, Created, Requester, Manager" label="Columns To Hide From Bulk Approval Table, Comma Seperated Values" name="toHideColumnList"/>
            <Setting dataType="string" defaultValue="" helpText="Add attribute name and NOT display name" label="Additional Columns To Show In Bulk Approval Table, Comma Seperated Values" name="toShowColumnList"/>
          </List>
        </value>
      </entry>
      <entry key="snippets">
        <value>
          <List>
            <Snippet regexPattern="">
              <Scripts>
                <String>ui/js/snippets/header.js</String>
              </Scripts>
            </Snippet>
          </List>
        </value>
      </entry>
    </Map>
  </Attributes>
</Plugin>