<?xml version='1.0' encoding='UTF-8'?>
<!DOCTYPE sailpoint PUBLIC "sailpoint.dtd" "sailpoint.dtd">
<!-- Copyright © 2018 SailPoint Technologies, Inc. All Rights Reserved.
All logos, text, content, and works of authorship, including but not limited to underlying code, programming or scripting language, designs, and/or graphics,
that are used and/or depicted herein are protected under United States and international copyright and trademark laws and treaties,
and may not be used or reproduced without the prior express written permission of SailPoint Technologies, Inc. -->
<sailpoint>
<ImportAction name='merge'>
<ObjectConfig name="Application">
<!-- NATIVE CHANGE -->
	<ObjectAttribute categoryName="Native Change Detection"
		defaultValue="" displayName="Native Change Detection Options"
		editMode="Permanent" namedColumn="true" name="nativeChangeProcess" required="true">
		<AllowedValues>
			<String>Do Nothing</String>
			<String>Automated Recovery and Revocation</String>
			<String>Manager Certification Revocation</String>
			<String>Manager Certification Revocation and Automated Recovery</String>
		</AllowedValues>
		<Description>Native Change Detection Options</Description>
	</ObjectAttribute>
	</ObjectConfig>
	</ImportAction>
</sailpoint>
