<?xml version='1.0' encoding='UTF-8'?>
<!DOCTYPE QuickLink PUBLIC "sailpoint.dtd" "sailpoint.dtd">
<!-- Copyright © 2018 SailPoint Technologies, Inc. All Rights Reserved.
All logos, text, content, and works of authorship, including but not limited to underlying code, programming or scripting language, designs, and/or graphics,
that are used and/or depicted herein are protected under United States and international copyright and trademark laws and treaties,
and may not be used or reproduced without the prior express written permission of SailPoint Technologies, Inc. -->
<QuickLink action="workflow" category="Operations" messageKey="Process Identity Access"
    name="QuickLink-ProcessIdentityLifecycleEvent" enabled="true" ordering="3">
    <Attributes>
        <Map>
            <entry key="forceAllowOthers" value="true" />
            <entry key="forceAllowSelf" value="false" />
            <entry key="hideAllowOthers" value="true" />
            <entry key="hideAllowSelf" value="true" />
            <entry key="requester">
                <value>
                    <Script>
                        <Source>
                            return currentUser.getName();
                        </Source>
                    </Script>
                </value>
            </entry>
            <entry key="workflowName" value="Workflow-QuickLink-Process-Identity-Lifecycle-Event" />
        </Map>
    </Attributes>
    <QuickLinkOptions allowOther="true">
        <Description></Description>
    <DynamicScopeRef>
        <Reference class="sailpoint.object.DynamicScope" name="Operations" />
    </DynamicScopeRef>
    </QuickLinkOptions>
</QuickLink>
