<?xml version="1.0" encoding="UTF-8" standalone="no"?>
<!DOCTYPE Plugin PUBLIC "sailpoint.dtd" "sailpoint.dtd">
<Plugin displayName="Sequences" minSystemVersion="7.3" name="sequence" rightRequired="pluginSequenceServiceRight"
        version="1.0.0">
    <Attributes>
        <Map>
            <entry key="minUpgradableVersion" value="1.0.1"/>
            <entry key="fullPage">
                <value>
                    <FullPage title="Full Page"/>
                </value>
            </entry>
            <entry key="restResources">
                <value>
                    <List>
                        <String>com.sailpoint.pse.plugin.sequences.rest.SequenceResource</String>
                    </List>
                </value>
            </entry>
            <entry key="snippets">
                <value>
                    <List>
                        <Snippet regexPattern=".*/systemSetup/index.jsf" rightRequired="pluginSequenceServiceRight">
                            <Scripts>
                                <String>ui/js/headerInject.js</String>
                            </Scripts>
                        </Snippet>
                    </List>
                </value>
            </entry>
        </Map>
    </Attributes>
</Plugin>