<?xml version="1.0" encoding="UTF-8"?>
<!DOCTYPE Rule PUBLIC "sailpoint.dtd" "sailpoint.dtd">
<Rule language="beanshell" name="Coupa AddEntitlement BeforeOperation Rule" type="WebServiceBeforeOperationRule">
  <Description>Rule to update the multivalued fields and format to target spec.</Description>
  <ReferencedRules>
    <Reference class="sailpoint.object.Rule" name="Coupa ProvisioningUtils RuleLibrary"/>
  </ReferencedRules>
  <Signature returnType="EndPoint">
    <Inputs>
      <Argument name="log">
        <Description>
          The log object associated with the SailPointContext.
        </Description>
      </Argument>
      <Argument name="context">
        <Description>
          A sailpoint.api.SailPointContext object that can be used to query the database if necessary.
        </Description>
      </Argument>
      <Argument name="application">
        <Description>The application whose data file is being processed.</Description>
      </Argument>
      <Argument name="requestEndPoint">
        <Description>The current request information contain header, body, context url, method type, response attribute map,
          successful response code
        </Description>
      </Argument>
      <Argument name="oldResponseMap">
        <Description>earlier response object </Description>
      </Argument>
      <Argument name="restClient">
        <Description>REST Client Object</Description>
      </Argument>
    </Inputs>
    <Returns>
      <Argument name="EndPoint">
        <Description>Updated EndPoint Object</Description>
      </Argument>
    </Returns>
  </Signature>
  <Source><![CDATA[
    import java.util.Map;
    
    import org.apache.commons.logging.Log;
    import org.apache.commons.logging.LogFactory;
    
    import com.google.gson.JsonObject;
    import com.google.gson.JsonParser;
    
    import sailpoint.api.SailPointContext;
    import sailpoint.connector.webservices.EndPoint;
    import sailpoint.connector.webservices.WebServicesClient;
    import sailpoint.object.Application;
    import sailpoint.tools.GeneralException;
    import sailpoint.tools.Util;

    Log rlog = LogFactory.getLog("com.coupa.provisioning.addentitlement.beforeoperationrule");
    boolean isDebugEnabled = rlog.isDebugEnabled();

    if (requestEndPoint == null)
      throw new GeneralException("EndPoint cannot be null");

    String operationType = requestEndPoint.getOperationType();
    Map body = requestEndPoint.getBody();
    String jsonBody = (body != null && !body.isEmpty()) ? (String) body.get("jsonBody") : null;

    if (isDebugEnabled) {
      rlog.debug("Received endpoint " + requestEndPoint);
      rlog.debug("Received body " + body);
      rlog.debug("Received jsonbody " + jsonBody);
    }

    // Need to unwrap each multi valued attribute and send in right format

    if (Util.isNotNullOrEmpty(jsonBody)) {
      JsonParser jsonParser = new JsonParser();
      JsonObject jsonObject = jsonParser.parse(jsonBody).getAsJsonObject();
      jsonObject = updateLicenseElement(operationType, jsonObject, "licenses");
      jsonObject = updateRoleElement(operationType, jsonObject, "roles", "name", "roles[*].name");
      jsonObject = updateContentGroupsElement(operationType, jsonObject, "content-groups", "name", "content-groups[*].name");
      jsonObject = updateApprovalGroupsElement(operationType, jsonObject, "approval-groups", "name", "approval-groups[*].name");
      
      body.put("jsonBody", jsonObject.toString());
      // Replace the existing body
      requestEndPoint.setBody(body);
    }

    if (isDebugEnabled)
      rlog.debug("Updated endpoint " + requestEndPoint);

    return requestEndPoint;
  ]]></Source>
</Rule>
