<?xml version="1.0" encoding="UTF-8"?>
<!DOCTYPE Rule PUBLIC "sailpoint.dtd" "sailpoint.dtd">
<Rule language="beanshell" name="Coupa Correlation Rule" type="Correlation">
  <Description> Identity Correlation Rules are used to find identities to which new accounts can be attached. A correlation rule must return a Map with one of the specified Return arguments.</Description>
  <Signature returnType="Map">
    <Inputs>
      <Argument name="log">
        <Description> The log object associated with the SailPointContext. 
        </Description>
      </Argument>
      <Argument name="context">
        <Description> A sailpoint.api.SailPointContext object that can be used to query the database if necessary. 
        </Description>
      </Argument>
      <Argument name="environment" type="Map">
        <Description> Arguments passed to the aggregation task. 
        </Description>
      </Argument>
      <Argument name="application">
        <Description> Application being aggregated. 
        </Description>
      </Argument>
      <Argument name="account">
        <Description> A sailpoint.object.ResourceObject returned from the collector. 
        </Description>
      </Argument>
      <Argument name="link">
        <Description> Existing link to this account. 
        </Description>
      </Argument>
    </Inputs>
    <Returns>
      <Argument name="identityName">
        <Description> The name of an Identity object. 
        </Description>
      </Argument>
      <Argument name="identity">
        <Description> A fully resolved Identity object if the rule wants to do its own queries to locate the identity. 
        </Description>
      </Argument>
      <Argument name="identityAttributeName">
        <Description> The name of the extended attribute that can be used to locate an existing identity. 
        </Description>
      </Argument>
      <Argument name="identityAttributeValue">
        <Description> The value of the named extended attribute that can be used to locate an existing identity. This attribute is used together with the identityAttributeName argument. 
        </Description>
      </Argument>
    </Returns>
  </Signature>
  <Source><![CDATA[
    import org.apache.commons.logging.Log;
    import org.apache.commons.logging.LogFactory;
    
    import java.util.Map;
    import java.util.HashMap;
    
    Log rlog = LogFactory.getLog("com.coupa.aggregation.correlationrule");
    String login = account.getStringAttribute("login");

    if (rlog.isDebugEnabled())
      rlog.debug("Received login attribute " + login);

    String networkId = login.split("@")[0];

    if (rlog.isDebugEnabled())
      rlog.debug("Returning " + networkId + " to correlate with an existing cube");
      
    Map returnMap = new HashMap();
    returnMap.put("identityAttributeName", "networkId");
    returnMap.put("identityAttributeValue", networkId);

    return returnMap;
  ]]></Source>
</Rule>