<?xml version="1.0" encoding="UTF-8"?>
<!DOCTYPE Rule PUBLIC "sailpoint.dtd" "sailpoint.dtd">
<Rule language="beanshell" name="Coupa BeforeProvisioning Rule" type="BeforeProvisioning">
  <Description>An IdentityIQ server-side rule that is executed before the connector's provisioning method is called. This gives the customer the ability to customize or react to anything in the ProvisioningPlan BEFORE it is sent to the underlying connectors used in provisioning. This rule will be called for any application found in a plan that also has a configured 'beforeProvisioningRule' configured. The plan can be updated directly in the rule by reference and does not need to return the plan.</Description>
  <Signature>
    <Inputs>
      <Argument name="log">
        <Description> The log object associated with the SailPointContext. 
        </Description>
      </Argument>
      <Argument name="context">
        <Description> A sailpoint.api.SailPointContext object that can be used to query the database if necessary. 
        </Description>
      </Argument>
      <Argument name="plan">
        <Description> The ProvisioningPlan object on its way to the Connector. 
        </Description>
      </Argument>
      <Argument name="application">
        <Description> The application object that references this before/after script. 
        </Description>
      </Argument>
    </Inputs>
  </Signature>
  <Source><![CDATA[
    import java.util.ArrayList;
    import java.util.Iterator;
    import java.util.List;
    
    import org.apache.commons.logging.Log;
    import org.apache.commons.logging.LogFactory;
    
    import sailpoint.object.ProvisioningPlan;
    import sailpoint.object.ProvisioningPlan.AccountRequest;
    import sailpoint.object.ProvisioningPlan.AttributeRequest;
    import sailpoint.tools.GeneralException;
  
    Log rlog = LogFactory.getLog("com.coupa.provisioning.beforerule");
    boolean isDebugEnabled = rlog.isDebugEnabled();

    if (isDebugEnabled)
      rlog.debug("Received before provisioning rule " + ((plan != null) ? plan.toXml() : null));

    List<String> attributeRequestNames = new ArrayList();

    // Group the attribute requests
    List<AccountRequest> accountRequests = plan.getAccountRequests();
    if (accountRequests != null && !accountRequests.isEmpty()) {
      for (AccountRequest accountRequest : accountRequests) {
        List<AttributeRequest> attributeRequests = accountRequest.getAttributeRequests();
        if (attributeRequests != null && !attributeRequests.isEmpty()) {
          Iterator attributeRequestIterator = attributeRequests.iterator();
          while (attributeRequestIterator != null && attributeRequestIterator.hasNext()) {
            AttributeRequest attributeRequest = (AttributeRequest) attributeRequestIterator.next();
            Object value = attributeRequest.getValue();
            if (value instanceof List) {
              int size = ((List) value).size();
              if (size == 1) {
                // convert list to string
                String stringvalue = (String) ((List) value).get(0);
                attributeRequest.setValue(stringvalue);
              }
            }
          }
        }
      }
    }

    if (isDebugEnabled)
      rlog.debug("updated provisioning plan in before provisioning rule " + ((plan != null) ? plan.toXml() : null));
  ]]></Source>
</Rule>