<?xml version="1.0" encoding="UTF-8"?>
<!DOCTYPE Rule PUBLIC "sailpoint.dtd" "sailpoint.dtd">
<Rule language="beanshell" name="Coupa RemoveEntitlement BeforeOperation Rule" type="WebServiceBeforeOperationRule">
  <Description>Rule to update the multivalued fields and format to target spec.</Description>
  <ReferencedRules>
    <Reference class="sailpoint.object.Rule" name="Coupa ProvisioningUtils RuleLibrary"/>
  </ReferencedRules>
  <Signature returnType="EndPoint">
    <Inputs>
      <Argument name="log">
        <Description> The log object associated with the SailPointContext. 
        </Description>
      </Argument>
      <Argument name="context">
        <Description> A sailpoint.api.SailPointContext object that can be used to query the database if necessary. 
        </Description>
      </Argument>
      <Argument name="application">
        <Description>The application whose data file is being processed.</Description>
      </Argument>
      <Argument name="requestEndPoint">
        <Description>The current request information contain header, body, context url, method type, response attribute map, successful response code 
        </Description>
      </Argument>
      <Argument name="oldResponseMap">
        <Description>earlier response object </Description>
      </Argument>
      <Argument name="restClient">
        <Description>REST Client Object</Description>
      </Argument>
    </Inputs>
    <Returns>
      <Argument name="EndPoint">
        <Description>Updated EndPoint Object</Description>
      </Argument>
    </Returns>
  </Signature>
  <Source><![CDATA[
    import java.util.Arrays;
    import java.util.List;
    import java.util.Map;
    
    import org.apache.commons.logging.Log;
    import org.apache.commons.logging.LogFactory;
    
    import com.google.gson.JsonElement;
    import com.google.gson.JsonNull;
    import com.google.gson.JsonObject;
    import com.google.gson.JsonParser;
    
    import sailpoint.api.SailPointContext;
    import sailpoint.connector.Connector;
    import sailpoint.connector.ConnectorException;
    import sailpoint.connector.ConnectorFactory;
    import sailpoint.connector.webservices.EndPoint;
    import sailpoint.connector.webservices.WebServicesClient;
    import sailpoint.object.Application;
    import sailpoint.object.ResourceObject;
    import sailpoint.tools.GeneralException;
    import sailpoint.tools.Util;

    Log rlog = LogFactory.getLog("com.coupa.provisioning.removeentitlement.beforeoperationrule");
    boolean isDebugEnabled = rlog.isDebugEnabled();

    if (requestEndPoint == null)
      throw new GeneralException("EndPoint cannot be null");

    String operationType = requestEndPoint.getOperationType();
    Map body = requestEndPoint.getBody();
    String jsonBody = (body != null && !body.isEmpty()) ? (String) body.get("jsonBody") : null;

    if (isDebugEnabled) {
      rlog.debug("Received endpoint " + requestEndPoint);
      rlog.debug("Received body " + body);
      rlog.debug("Received jsonbody " + jsonBody);
    }

    if (Util.isNotNullOrEmpty(jsonBody)) {
      JsonParser jsonParser = new JsonParser();
      JsonObject jsonObject = jsonParser.parse(jsonBody).getAsJsonObject();

      // Json objec to represent the deletion
      JsonObject removeJsonObject = new JsonObject();

      // The nativeIdentity will be the last element
      String fullUrl = requestEndPoint.getFullUrl();
      String[] split = fullUrl.split("/");
      String nativeIdentity = split[split.length - 1];

      // Create a connector instance and call the getObject endpoint
      Connector wsconnector = null;
      ResourceObject rs = null;

      try {
        // Fetch only the element types that should be removed
        List existingRoles = null;
        List existingContentGroups = null;
        List existingApprovalGroups = null;

        List rolesToRemove = getPrimitiveValuesByPath(jsonObject, "roles[*].name", null);
        List contentGroupsToRemove = getPrimitiveValuesByPath(jsonObject, "content-groups[*].name", null);
        List approvalGroupsToRemove = getPrimitiveValuesByPath(jsonObject, "approval-groups[*].name", null);

        wsconnector = ConnectorFactory.getConnector(application, null);
        rs = wsconnector.getObject("account", nativeIdentity, null);
        if (isDebugEnabled)
          rlog.debug("Resource Object after get call " + ((rs != null) ? rs.toXml() : null));

        // Some roles should be removed, so we need to first remove all roles
        // and add roles excluding this list
        if (rolesToRemove != null && !rolesToRemove.isEmpty()) {
          removeJsonObject.add("roles", JsonNull.INSTANCE);
          existingRoles = (List) rs.get("roles");
          if (existingRoles != null) {
            existingRoles.removeAll(rolesToRemove);
            if (isDebugEnabled)
              rlog.debug("Roles to add again " + existingRoles);
          }
        }

        // Some content groups should be removed, so we need to first remove all content groups
        // and add content groups excluding this list
        if (contentGroupsToRemove != null && !contentGroupsToRemove.isEmpty()) {
          removeJsonObject.add("content-groups", JsonNull.INSTANCE);
          existingContentGroups = (List) rs.get("content-groups");
          if (existingContentGroups != null) {
            existingContentGroups.removeAll(contentGroupsToRemove);
            if (isDebugEnabled)
              rlog.debug("ContentGroups to add again " + existingContentGroups);
          }
        }

        // Some approval groups should be removed, so we need to first remove all content groups
        // and add content groups excluding this list
        if (approvalGroupsToRemove != null && !approvalGroupsToRemove.isEmpty()) {
          removeJsonObject.add("approval-groups", JsonNull.INSTANCE);
          existingApprovalGroups = (List) rs.get("approval-groups");
          if (existingContentGroups != null) {
            existingApprovalGroups.removeAll(approvalGroupsToRemove);
            if (isDebugEnabled)
              rlog.debug("ApprovalGroups to add again " + existingApprovalGroups);
          }
        }

        if (isDebugEnabled) {
          rlog.debug("Updated body for removal of access " + body);
          rlog.debug("Current headers " + requestEndPoint.getHeader());
        }

        // Now initiate an addrequest with the same body
        try {
          String out = null;
          if (removeJsonObject != null && !removeJsonObject.isJsonNull()) {
            out = restClient.executePut(requestEndPoint.getFullUrl(), removeJsonObject.toString(), requestEndPoint.getHeader(), Arrays.asList("2**"));
          }

          if (isDebugEnabled)
            rlog.debug("Output from the remove call " + out);

          jsonObject = updateLicenseElement(operationType, jsonObject, "licenses");
          jsonObject = replaceEntitlementsInJsonObject(removeJsonObject, "roles", "name", existingRoles);
          jsonObject = replaceEntitlementsInJsonObject(removeJsonObject, "content-groups", "name", existingContentGroups);
          jsonObject = replaceEntitlementsInJsonObject(removeJsonObject, "approval-groups", "name", existingApprovalGroups);
          
          body.put("jsonBody", jsonObject.toString());
          // Replace the existing body
          requestEndPoint.setBody(body);
        } catch (Exception e) {
          throw e;
        }

      } catch (ConnectorException e) {
        throw e;
      }
    }

    if (isDebugEnabled)
      rlog.debug("Updated endpoint for adding inclusion set " + requestEndPoint);

    return requestEndPoint;
  ]]></Source>
</Rule>