<?xml version="1.0" encoding="UTF-8"?>
<!DOCTYPE Rule PUBLIC "sailpoint.dtd" "sailpoint.dtd">
<Rule language="beanshell" name="Coupa CreateAccount FieldValidation Rule" type="Validation">
  <Description>This rule is used to validate the Field values on a provisioning plan.</Description>
  <ReferencedRules>
    <Reference class="sailpoint.object.Rule" name="Coupa Utils RuleLibrary"/>
  </ReferencedRules>
  <Signature returnType="Object">
    <Inputs>
      <Argument name="log">
        <Description>
          The log object associated with the SailPointContext.
        </Description>
      </Argument>
      <Argument name="context">
        <Description>
          A sailpoint.api.SailPointContext object that can be used to query the database if necessary.
        </Description>
      </Argument>
      <Argument name="identity">
        <Description>
          The Identity object being provisioned.
        </Description>
      </Argument>
      <Argument name="app">
        <Description>
          The Application object being processed.
        </Description>
      </Argument>
      <Argument name="form">
        <Description>
          The Form object being processed.
        </Description>
      </Argument>
      <Argument name="field">
        <Description>
          The Field object being validated.
        </Description>
      </Argument>
      <Argument name="value">
        <Description>
          The Object representing the field value.
        </Description>
      </Argument>
      <Argument name="link" type="Link">
        <Description>
          The sailpoint.object.Link that is being acted upon. If the link is not applicable,
          this value will be null.
        </Description>
      </Argument>
    </Inputs>
    <Returns>
      <Argument name="value">
        <Description>
          An Object (possibly a Collection) of messages resulting from the
          validation rule.
        </Description>
      </Argument>
    </Returns>
  </Signature>
  <Source><![CDATA[
    import java.util.ArrayList;
    import java.util.List;
    
    import org.apache.commons.logging.Log;
    import org.apache.commons.logging.LogFactory;
    
    import sailpoint.api.SailPointContext;
    import sailpoint.object.Application;
    import sailpoint.object.Field;
    import sailpoint.object.Form;
    import sailpoint.object.Identity;
    import sailpoint.object.Link;
    import sailpoint.tools.GeneralException;
    import sailpoint.tools.Util;

    // Logger initialization
    Log rlog = LogFactory.getLog("com.coupa.provisioning.createAccount.fieldvalidationRule");
    boolean isDebugEnabled = rlog.isDebugEnabled();
    
    List errorMessages = null;
    boolean hasErrors = false;
    String fieldName = field.getName();
    
    // Split the field name by :
    // Incase if they are presented as questions
    // first element is Question, second is question number, the last element will be the name,
    if (fieldName.contains(":")) {
      String[] split = fieldName.split(":");
      fieldName = split[2];
    }

    switch (fieldName) {
      case "manager":
        if (Util.isNotNullOrEmpty((String) value)) {
          Identity managerIdentity = context.getObjectById(Identity.class, (String) value);
          if (managerIdentity != null) {
            String managerCoupaId = getCoupaId(context, managerIdentity, app);
            if (Util.isNotNullOrEmpty(managerCoupaId)) {
              if (isDebugEnabled)
                rlog.debug("Setting Coupa id " + managerCoupaId + " on the form for the selected manager " + managerIdentity.getName());
              field.setValue(managerCoupaId);
            }
          } else {
            hasErrors = true;
          }
        } else {
          hasErrors = true;
        }

        if (hasErrors) {
          if (errorMessages == null)
            errorMessages = new ArrayList();

          rlog.warn("Selected manager is not present in the system, Throwing an error");
          errorMessages.add("coupa_createaccount_invalid_manager");
        }
        break;
    }

    // Return list of errors
    // If no errors return null
    return errorMessages;
   ]]></Source>
</Rule>
