<?xml version="1.0" encoding="UTF-8"?>
<!DOCTYPE Rule PUBLIC "sailpoint.dtd" "sailpoint.dtd">
<Rule language="beanshell" name="Coupa Customization Rule" type="ResourceObjectCustomization">
  <Description>
    Updates license information from boolean to multi-valued fields
  </Description>
  <Signature returnType="ResourceObject">
    <Inputs>
      <Argument name="log">
        <Description>
          The log object associated with the SailPointContext.
        </Description>
      </Argument>
      <Argument name="context">
        <Description>
          A sailpoint.api.SailPointContext object that can be used to query the database if necessary.
        </Description>
      </Argument>
      <Argument name="object">
        <Description>
          The ResourceObject built by the connector.
        </Description>
      </Argument>
      <Argument name="application">
        <Description>
          Application that references the connector.
        </Description>
      </Argument>
      <Argument name="connector">
        <Description>
          The connector object.
        </Description>
      </Argument>
      <Argument name="state">
        <Description>
          A Map containing state information.
        </Description>
      </Argument>
    </Inputs>
    <Returns>
      <Argument name="resourceObject">
        <Description>
          The updated resource object.
        </Description>
      </Argument>
    </Returns>
  </Signature>
  <Source><![CDATA[
    import java.util.ArrayList;
    import java.util.List;
    import java.util.Map;
    
    import org.apache.commons.logging.Log;
    import org.apache.commons.logging.LogFactory;
    
    import sailpoint.api.SailPointContext;
    import sailpoint.connector.Connector;
    import sailpoint.object.Application;
    import sailpoint.object.ResourceObject;
  
    Log rlog = LogFactory.getLog("com.coupa.aggregation.customizationrule");
    boolean isDebugEnabled = rlog.isDebugEnabled();
    List licenses = null;

    if (isDebugEnabled)
      rlog.debug("Entering customization rule");

    List licenseAttributes = null;
    
    // Adding the keys to a temp map for faster access
    if (state.containsKey("coupaLicenseAttributes")) {
      licenseAttributes = (List) state.get("coupaLicenseAttributes");  
    } else {
      licenseAttributes = (List) application.getAttributeValue("coupaLicenseAttributes");
      state.put("coupaLicenseAttributes", licenseAttributes);
    }
    
    if (licenseAttributes != null) {
      licenses = new ArrayList();
      for (Object licenseString : licenseAttributes) {
        boolean isLicenseAssigned = object.getBoolAttribute(licenseString.toString());
        if (isLicenseAssigned) {
          // Add licenses to a list of entitlements
          licenses.add(licenseString.toString());
        }
        // Remove individual license boolean values
        object.remove(licenseString.toString());
      }
    }

    if (licenses != null && !licenses.isEmpty()) {
      object.setAttribute("licenses", licenses);
    }

    if (isDebugEnabled)
      rlog.debug("Exiting customization rule");

    return object;
  ]]></Source>
</Rule>
