<?xml version='1.0' encoding='UTF-8'?>
<!DOCTYPE Plugin PUBLIC "sailpoint.dtd" "sailpoint.dtd">
<Plugin certificationLevel="None" displayName="AD GUID Migrator" minSystemVersion="8.0" name="adGUIDMigratorPlugin" version="1.0.0">
  <Attributes>
    <Map>
      <entry key="minUpgradableVersion" value="1.0.0"/>
      <entry key="taskExecutors">
        <value>
          <List>
            <String>com.sailpoint.pse.plugin.adguidmigrator.task.ADGUIDMigrator</String>
          </List>
        </value>
      </entry>
    </Map>
  </Attributes>
</Plugin>