<?xml version='1.0' encoding='UTF-8'?>
<!DOCTYPE Plugin PUBLIC "sailpoint.dtd" "sailpoint.dtd">
<Plugin certificationLevel="None" displayName="Object Pruner Plugin" minSystemVersion="7.2p2" name="ObjectPrunerPlugin" version="1.0.2">
  <Attributes>
    <Map>
      <entry key="minUpgradableVersion" value="1.0.1"/>
      <entry key="taskExecutors">
        <value>
          <List>
            <String>com.sailpoint.pse.plugin.objectpruner.task.MTObjectPruner</String>
          </List>
        </value>
      </entry>
    </Map>
  </Attributes>
</Plugin>