<?xml version="1.0" encoding="UTF-8" standalone="no"?>
<!DOCTYPE Plugin PUBLIC "sailpoint.dtd" "sailpoint.dtd">
<Plugin certificationLevel="None" displayName="Access Request Mandatory Comments Plugin" minSystemVersion="7.2" name="AccessRequestMandatoryCommentsPlugin" version="1.0.6">
  <Attributes>
    <Map>
      <entry key="fullPage"/>
      <entry key="minUpgradableVersion" value="1.0.3"/>
      <entry key="settings">
        <value>
          <List>
            <Setting dataType="boolean" helpText="Select true if providing a custom Help URL" label="Use Custom Help Page" name="isCustomHelpPage" defaultValue="false"/>
            <Setting dataType="string" helpText="Enter a fully qualified URL of the external help page (i.e. http://www.myhelp.org)" label="Help URL" name="helpURL" defaultValue="/contextualhelp?helpKey=manageUserAccessURL"/>
            <Setting dataType="string" helpText="Enter the Review tab text that instructs the requester that red icons indicate missing Justification text which are required" label="Justification Required message" name="justificationHelpMessage" defaultValue=" Comment red icons indicate that justification must be entered."/>
            <Setting dataType="boolean" helpText="Select true if the Review tab Submit button will remain disabled until all mandatory justification comments are entered" label="Disable Submit button" name="isSubmitDisabled" defaultValue="true"/>
            <Setting dataType="boolean" helpText="Select true to enable console logging" label="Console Log enabled?" name="isLogEnabled" defaultValue="false"/>
          </List>
        </value>
      </entry>
      <entry key="snippets">
        <value>
          <List>
            <Snippet regexPattern="/accessRequest/accessRequest.jsf.*" rightRequired="">
              <Scripts>
                <String>ui/js/commentsmandatory.js</String>
                <String>ui/js/commentsdiaglogpopup.js</String>
              </Scripts>
              <StyleSheets>
                <String>/ui/css/commentsmandatory_plugin.css</String>
              </StyleSheets>
            </Snippet>
          </List>
        </value>
      </entry>
      <entry key="restResources">
        <value>
          <List>
            <String>com.sailpoint.pse.plugin.acjustificationrequired.rest.PageConfigResource</String>
          </List>
        </value>
      </entry>
    </Map>
  </Attributes>
</Plugin>
