<?xml version="1.0" encoding="UTF-8" standalone="no"?>
<!DOCTYPE Plugin PUBLIC "sailpoint.dtd" "sailpoint.dtd">
<Plugin displayName="Single Session Plugin" minSystemVersion="7.1" name="SingleSession" rightRequired="" version="7.3.3.1">
    <Attributes>
        <Map>
            <entry key="minUpgradableVersion" value="7.2.0.1"/>
            <entry key="settings">
                <value>
                    <List>
                    </List>
                </value>
            </entry>
            <entry key="snippets">
                <value>
                    <List>
                        <Snippet regexPattern=".*">
                            <Scripts>
                                <String>ui/js/snippets/header.js</String>
                            </Scripts>
                        </Snippet>
                    </List>
                </value>
            </entry>
            <entry key="restResources">
                <value>
                    <List>
                        <String>sailpoint.pse.plugin.singlesession.SingleSessionEnforcer</String>
                    </List>
                </value>
            </entry>
            <entry key="settings">
                <value>
                    <List>
                        <Setting dataType="string" helpText="URL of Authentication page" label="Login pageName"
                                 name="authenticationPage" defaultValue="https://pslabs/identityiq"/>
                    </List>
                </value>
            </entry>
        </Map>
    </Attributes>
</Plugin>