<?xml version='1.0' encoding='UTF-8'?>
<!DOCTYPE Plugin PUBLIC "sailpoint.dtd" "sailpoint.dtd">
<Plugin certificationLevel="None" displayName="FAM Dashboard" minSystemVersion="7.2" name="FAMDashboard" version="1.1"
        rightRequired="FAMSeamlessTransitionRight">
    <Attributes>
        <Map>
            <entry key="settings">
                <value>
                    <List>
                        <Setting dataType="string"
                                 defaultValue="http://ad-resource.seri.sailpointdemo.com:70/securityiqbiz/"
                                 helpText="URL of FAM  Format of http://host:port/securityiqbiz/" label="FAM URL"
                                 name="famUrl"/>
                        <Setting dataType="string" defaultValue="File Dashboard" helpText="Text you want to diplay"
                                 label="FAM Label" name="famLabel"/>
                    </List>
                </value>
            </entry>
            <entry key="snippets">
                <value>
                    <List>
                        <Snippet regexPattern=".*" rightRequired="FAMSeamlessTransitionRight">
                            <Scripts>
                                <String>ui/js/headerInject.js</String>
                            </Scripts>
                        </Snippet>
                    </List>
                </value>
            </entry>
            <entry key="restResources">
                <value>
                    <List>
                        <String>sailpoint.pse.plugin.fam.rest.FAMURLResource</String>
                    </List>
                </value>
            </entry>
        </Map>
    </Attributes>
</Plugin>

