<assembly xmlns="http://maven.apache.org/ASSEMBLY/2.0.0"
          xmlns:xsi="http://www.w3.org/2001/XMLSchema-instance"
          xsi:schemaLocation="http://maven.apache.org/ASSEMBLY/2.0.0 http://maven.apache.org/xsd/assembly-2.0.0.xsd
http://maven.apache.org/ASSEMBLY/2.0.0 ">
    <id>bin</id>
    <formats>
        <format>zip</format>
    </formats>
    <includeBaseDirectory>false</includeBaseDirectory>
    <dependencySets>
        <dependencySet>
            <outputDirectory>WEB-INF/lib</outputDirectory>
            <includes>
                <include>${project.groupId}:${project.artifactId}:jar</include>
            </includes>
        </dependencySet>
    </dependencySets>
    <fileSets>
        <!-- Create an assembly of files to be deployed to the web application -->
        <fileSet>
            <directory>${project.basedir}/src/main/webapp</directory>
            <outputDirectory>${file.separator}</outputDirectory>
            <includes>
                <include>**/*</include>
            </includes>
        </fileSet>
    </fileSets>
</assembly>