<settings>
    <profiles>
        <profile>
            <id>sailpoint-archiva</id>
            <activation>
                <activeByDefault>false</activeByDefault>
            </activation>
            <repositories>
                <repository>
                    <id>sailpoint-core</id>
                    <url>https://archiva01.sailpoint.com:8443/archiva/repository/sailpoint-core</url>
                </repository>
                <repository>
                    <id>sailpoint-pslabs</id>
                    <url>https://archiva01.sailpoint.com:8443/archiva/repository/sailpoint-pslabs</url>
                </repository>
                <repository>
                    <id>sailpoint-ssd</id>
                    <url>https://archiva01.sailpoint.com:8443/archiva/repository/sailpoint-ssd</url>
                </repository>
                <repository>
                    <id>sailpoint-thirdparty</id>
                    <url>https://archiva01.sailpoint.com:8443/archiva/repository/sailpoint-thirdparty</url>
                </repository>
            </repositories>
        </profile>
    </profiles>
    <servers>
        <server>
            <id>sailpoint-core</id>
        </server>
        <server>
            <id>sailpoint-pslabs</id>
        </server>
        <server>
            <id>sailpoint-ssd</id>
        </server>
        <server>
            <id>sailpoint-thirdparty</id>
        </server>
    </servers>
</settings>

