<?xml version='1.0' encoding='UTF-8'?>
<!DOCTYPE TaskDefinition PUBLIC "sailpoint.dtd" "sailpoint.dtd">
<TaskDefinition name="MTObjectPruner" resultAction="Rename" subType="Generic" type="Generic">
  <Attributes>
    <Map>
      <entry key="TaskSchedule.host"/>
      <entry key="perItemClassName" value="com.sailpoint.pse.multithreadedtoolkit.objectpruner.MTObjectPrunerPerItem"/>
      <entry key="queueBuilderClassName" value="com.sailpoint.pse.multithreadedtoolkit.objectpruner.MTObjectPrunerQueueBuilder"/>
      <entry key="ruleConfig" value="objType,WorkItemArchive,filter,type==&quot;Approval&quot;,daysBefore,180"/>
      <entry key="taskCompletionEmailNotify" value="Disabled"/>
      <entry key="taskCompletionEmailRecipients"/>
      <entry key="taskCompletionEmailTemplate"/>
    </Map>
  </Attributes>
  <Description>Launches a MultiThreaded custom task using bean shell rules.</Description>
  <Owner>
    <Reference class="sailpoint.object.Identity" name="spadmin"/>
  </Owner>
  <Parent>
    <Reference class="sailpoint.object.TaskDefinition" name="MultiThreaded Framework Task"/>
  </Parent>
</TaskDefinition>