<?xml version="1.0" encoding="UTF-8" standalone="no"?>
<!DOCTYPE Plugin PUBLIC "sailpoint.dtd" "sailpoint.dtd">
<Plugin displayName="Reporting Rest API Plugin" minSystemVersion="7.3" name="DatabaseRestReportingPlugin" rightRequired="RESTAPIRight" version="0.1">
  <Attributes>
    <Map>
      <entry key="minUpgradableVersion" value="0.1"/>
      <entry key="fullPage">
         <value>
            <FullPage title="Full Page"/>
         </value>
      </entry> 
      <entry key="restResources">
        <value>
          <List>
            <String>com.sailpoint.pse.plugin.restext.rest.SearchResource</String>
          </List>
        </value>
      </entry>
      <entry key="settings">
       <value>
         <List>
           <Setting dataType="int" helpText="The maximum number of objects to search. If there are 1000s or more objects of the type to search, the server could get overloaded" label="Max Objects to Search" name="maxSearchObjectCount" defaultValue="200"/>
           
           <Setting dataType="int" helpText="Maximum active database connections" label="Maximum active database connections" name="MaxActive" defaultValue="50"/>
           <Setting dataType="int" helpText="Minimum idle database connections" label="Minimum idle database connections" name="MinIdle" defaultValue="25"/>
           <Setting dataType="int" helpText="Database connection timeout" label="Database connection timeout" name="ConnectionTimeout" defaultValue="30000"/>
           <Setting dataType="int" helpText="Database connection max lifetime" label="Database connection max lifetime" name="MaxLifetime" defaultValue="30000"/>

           <Setting dataType="string" helpText="DATABASE SERVER NAME" label="DATABASE SERVER NAME" name="DatabaseServer" defaultValue=""/>
           <Setting dataType="string" helpText="DATABASE SERVER PORT" label="DATABASE SERVER PORT" name="DatabaseServerPort" defaultValue=""/>
           <Setting dataType="string" helpText="DATABASE NAME" label="DATABASE NAME" name="DatabaseName" defaultValue=""/>
           <Setting dataType="string" helpText="DATABASE USER NAME" label="DATABASE USER NAME" name="DatabaseUserName" defaultValue=""/>
           <Setting dataType="string" helpText="DATABASE PASSWORD" label="DATABASE PASSWORD" name="DatabasePassword" defaultValue=""/>
         </List>
       </value>
    </entry>
    </Map>
  </Attributes>
</Plugin>
