<?xml version="1.0" encoding="ISO-8859-1"?>
<project xmlns:xsi="http://www.w3.org/2001/XMLSchema-instance" name="SailPoint Professional Services Labs" xmlns="http://maven.apache.org/DECORATION/1.0.0" xsi:schemaLocation="http://maven.apache.org/DECORATION/1.0.0 http://maven.apache.org/xsd/decoration-1.0.0.xsd">
  <publishDate position="right"/>
  <version position="right"/>

  <bannerLeft>
    <name>SailPoint Professional Services Labs</name>
    <src>images/sailpoint-logo.png</src>
    <href>https://www.sailpoint.com</href>
  </bannerLeft>


  <bannerRight>
    <name>SailPoint Technologies</name>
    <src>sailpoint-logo.png</src>
    <href>https://www.sailpoint.com</href>
  </bannerRight>

  <skin>
    <groupId>org.apache.maven.skins</groupId>
    <artifactId>maven-fluido-skin</artifactId>
    <version>1.8</version>
  </skin>

  <custom>
    <fluidoSkin>
      <topBarEnabled>true</topBarEnabled>
      <sideBarEnabled>true</sideBarEnabled>
    </fluidoSkin>
  </custom>

  <body>
    <links>
      <item name="SailPoint" href="https://www.sailpoint.com"/>
    </links>


    <menu ref="modules"/>

    <footer>
            <![CDATA[Copyright &#169; 2019 SailPoint Technologies]]>
    </footer>

  </body>
</project>