<?xml version="1.0" encoding="UTF-8"?>
<!DOCTYPE Form PUBLIC "sailpoint.dtd" "sailpoint.dtd">
<!-- Copyright © 2018 SailPoint Technologies, Inc. All Rights Reserved.
All logos, text, content, and works of authorship, including but not limited to underlying code, programming or scripting language, designs, and/or graphics,
that are used and/or depicted herein are protected under United States and international copyright and trademark laws and treaties,
and may not be used or reproduced without the prior express written permission of SailPoint Technologies, Inc. -->
<Form hidden="true" name="Accelerator Pack Registration Identity" type="RegisterIdentity">
  <Attributes>
    <Map>
      <entry key="pageTitle" value="Self-service Registration Form"/>
      <entry key="subtitle" value="new_user_registration_description"/>
    </Map>
  </Attributes>
  <Description>This form is used to for self-service registration.</Description>
  <Section>
    <Field displayName="Unique Id" name="name" required="true" type="string">
      <ValidationRule>
        <Reference class="sailpoint.object.Rule" name="LCM Validate Identity Name"/>
      </ValidationRule>
    <RuleRef>
	  <Reference class="sailpoint.object.Rule"  name="Rule-FrameWork-Registration-Generate-Unique-Id"/>
    </RuleRef>
    </Field>
    <Field displayName="first_name" name="firstname" required="true" type="string"/>
    <Field displayName="last_name" name="lastname" required="true" type="string"/>
    <Field displayName="Middle Name" name="middleName"  type="string"/>
    <Field displayName="email" name="email" required="true" type="string">
      <Attributes>
        <Map>
          <entry key="vtype" value="email"/>
        </Map>
      </Attributes>
    </Field>
    <Field displayName="Contractor Sponsor Manager" name="manager" required="true" type="sailpoint.object.Identity"/>
    <Field displayName="Contractor Assignment Manager" name="ctrMgr"  type="sailpoint.object.Identity" required="true"/>
  </Section>
  <Button action="next" label="register"/>
  <Button action="cancel" label="nav_cancel"/>
</Form>
