<?xml version='1.0' encoding='UTF-8'?>
<!DOCTYPE sailpoint PUBLIC "sailpoint.dtd" "sailpoint.dtd">
<sailpoint>
	<ImportAction name="merge">
		<Configuration name="ConnectorRegistry">
			<Attributes>
				<Map>
					<entry key="applicationTemplates">
						<value>
							<List>
								<Application connector="sailpoint.pse.connector.PushConnector" featuresString="PROVISIONING, ENABLE, UNLOCK, SEARCH" icon="enterpriseIcon" name="Null Connector" type="Push Connector">
									<Attributes>
										<Map>
											<entry key="formPath" value="pushAppAttribute.xhtml" />
										</Map>
									</Attributes>
									<Schemas>
										<Schema displayAttribute="username" identityAttribute="username" instanceAttribute="" nativeObjectType="Identity" objectType="account" permissionsRemediationModificationType="None">
										</Schema>
									</Schemas>
									<Schemas>
										<Schema displayAttribute="groupname" featuresString="PROVISIONING" identityAttribute="groupname" instanceAttribute="" nativeObjectType="Identity" objectType="group" permissionsRemediationModificationType="None">
										</Schema>
									</Schemas>
								</Application>
							</List>
						</value>
					</entry>
				</Map>
			</Attributes>
		</Configuration>
	</ImportAction>
</sailpoint>
