<?xml version="1.0"?>

<!-- (c) Copyright 2008 SailPoint Technologies, Inc., All Rights Reserved.
-->

<faces-config xmlns="http://xmlns.jcp.org/xml/ns/javaee"
              xmlns:xsi="http://www.w3.org/2001/XMLSchema-instance"
              xsi:schemaLocation="http://xmlns.jcp.org/xml/ns/javaee http://xmlns.jcp.org/xml/ns/javaee/web-facesconfig_2_2.xsd"
              metadata-complete="true"
              version="2.2">
  <managed-bean>
    <description>Debug Pages Bean</description>
    <managed-bean-name>apDebug</managed-bean-name>
    <managed-bean-class>sailpoint.rapidonboarding.web.DebugBean</managed-bean-class>
    <managed-bean-scope>request</managed-bean-scope>
  </managed-bean>
</faces-config>
