<?xml version="1.0" encoding="UTF-8"?>
<!DOCTYPE PasswordPolicy PUBLIC "sailpoint.dtd" "sailpoint.dtd">
<PasswordPolicy description="Oracle EPM Password Policy" name="Oracle EPM Password Policy">
  <PasswordConstraints>
    <Map>
      <entry key="checkCaseSensitive">
        <value>
          <Boolean/>
        </value>
      </entry>
      <entry key="checkPasswordAgainstAccountID">
        <value>
          <Boolean>true</Boolean>
        </value>
      </entry>
      <entry key="checkPasswordAgainstDisplayName">
        <value>
          <Boolean>true</Boolean>
        </value>
      </entry>
      <entry key="checkPasswordTriviality">
        <value>
          <Boolean/>
        </value>
      </entry>
      <entry key="checkPasswordsAgainstAccountAttributes">
        <value>
          <Boolean/>
        </value>
      </entry>
      <entry key="checkPasswordsAgainstDictionary">
        <value>
          <Boolean/>
        </value>
      </entry>
      <entry key="checkPasswordsAgainstIdentityAttributes">
        <value>
          <Boolean>true</Boolean>
        </value>
      </entry>
      <entry key="minAccountIDUniqueChars"/>
      <entry key="minDisplayNameUniqueChars"/>
      <entry key="minHistoryUniqueChars"/>
      <entry key="passwordHistory"/>
      <entry key="passwordMaxLength" value="12"/>
      <entry key="passwordMinAlpha" value="4"/>
      <entry key="passwordMinCharType"/>
      <entry key="passwordMinLength" value="12"/>
      <entry key="passwordMinLower" value="3"/>
      <entry key="passwordMinNumeric" value="3"/>
      <entry key="passwordMinSpecial" value="3"/>
      <entry key="passwordMinUpper" value="3"/>
      <entry key="passwordRepeatedChar" value="2"/>
    </Map>
  </PasswordConstraints>
</PasswordPolicy>
