<?xml version='1.0' encoding='UTF-8'?>
<!DOCTYPE Form PUBLIC "sailpoint.dtd" "sailpoint.dtd">
<Form name="Targeted Aggregation Form" type="Workflow">
	<Attributes>
		<Map>
			<entry key="pageTitle" value="Target Aggregation Form" />
		</Map>
	</Attributes>
	<Button action="next" label="Next" />
	<Button action="cancel" label="Cancel" />
	<Section name="section1" label="Targeted Aggregation Input" columns="3">
		<Field displayName="Input Type" name="inputType" postBack="true" defaultValue="Text Input" required="true" displayType="radio" columnSpan="1" helpKey="Input the native identities as text, pull them from a file, or simulate them by providing their account attributes.">
			<AllowedValuesDefinition> 
				<Script> 
					<Source> 
						<![CDATA[ 
						import java.util.ArrayList;  
 
						List values = new ArrayList(); 		
					
						values.add("Text Input");
						values.add("Local Server File");
						values.add("Simulated Aggregation");
						return values;
						]]> 
					</Source> 
				</Script> 
			</AllowedValuesDefinition>
		</Field>
		<Field displayName="Application" name="selectedApp" required="true" type="Application" columnSpan="1" postBack="true" helpKey="The application that the targeted aggregation will be performed on.">
			<ValidationScript>
		        <Source><![CDATA[
		        	import sailpoint.object.Application;
		        /*	
		        	if(value != null)
		        	{
		        		Application app = context.getObjectByName(Application.class, value);
		        		
		        		if(app != null && app.getType().equalsIgnoreCase("DelimitedFile"))
		        		{
		        			return "Delimited File Applications Not Supported";
		        		}
		        	}
		        */
		        	
			      ]]> </Source>
		      </ValidationScript>  
		</Field>
		<Field displayName="Native Identity Attribute of Application" name="nativeAttribute" readOnly="true" columnSpan="1" displayType="String" dynamic="true" helpKey="This will be the unique native identity attribute on the application selected to aggregate the identity/identities.">
			<Script> 
				<Source> 
					<![CDATA[ 
					import sailpoint.object.Application; 
					import sailpoint.object.Schema;

					if(selectedApp != null)
					{
						Application appObject = context.getObjectByName(Application.class, selectedApp);
						
						List appSchemas = appObject.getSchemas();
						
						if(accountSchema != null)
						{
							for(Schema schema : appSchemas)
							{
								if(schema.getObjectType() != null && schema.getObjectType().equalsIgnoreCase("account"))
								{
									String identityAttribute = schema.getIdentityAttribute();
									
									context.decache(appObject);
									return schema.getIdentityAttribute();
								}
							}
						}
						context.decache(appObject);					
					}
					
					]]> 
				</Source> 
			</Script> 
			<ValidationScript>
		        <Source><![CDATA[
		        	
		        	if(value == null)
		        	{
		        		return "Application has no account schema defined!";
		        	}
		        	
			      ]]> </Source>
		      </ValidationScript>  
		</Field>
	</Section>
	<Section name="section2" columns="3">
		<Field name="nativeId" required="true" displayName="Native ID Of Account" displayType="textarea" dynamic="true" columnSpan="3" helpKey="This will be the native id (upi, distinguishedName, username, etc) IdentityIQ uses for the account on the application selected above">
			<Attributes>
				<Map>
					<entry key="hidden">
						<value>
							<Script>
								<Source>
				                    <![CDATA[
				                    	if(inputType != null && inputType.equalsIgnoreCase("Text Input"))
				                    	{
				                    		return false;				                    	
				                    	}
				                    	
				                    	return true;
				                    ]]>
								</Source>
							</Script>
						</value>
					</entry>
				</Map>
			</Attributes>
		</Field>
		<Field name="nativeIdsfilePath" required="true" displayName="Filepath To Native IDs" displayType="String" columnSpan="2" helpKey="This is the full file path to the file that contains a list (each account on a newline) of the native ids to aggregate from the application selected above">
			<Attributes>
				<Map>
					<entry key="hidden">
						<value>
							<Script>
								<Source>
				                    <![CDATA[
				                    	if(inputType != null && inputType.equalsIgnoreCase("Local Server File"))
				                    	{
				                    		return false;				                    	
				                    	}
				                    	
				                    	return true;
				                    ]]>
								</Source>
							</Script>
						</value>
					</entry>
				</Map>
			</Attributes>
						<ValidationScript>
		        <Source><![CDATA[
		        
		        	if(value != null)
		        	{
						String filePath = value.toString();
											
						filePath.replace("\\", "/");
											
						File file = new File(filePath);
						if(!file.exists())
						{
							return "File does not exist or is unreachable!";
						}
					}
		        	
			      ]]> </Source>
		      </ValidationScript> 
		</Field>
		<Field name="skipFirstLine" required="true" defaultValue="Yes" displayName="Skip First Line in File" displayType="radio" columnSpan="1" helpKey="Skips the first line in the file in case there is a header.">
			<Attributes>
				<Map>
					<entry key="hidden">
						<value>
							<Script>
								<Source>
				                    <![CDATA[
				                    	if(inputType != null && inputType.equalsIgnoreCase("Local Server File"))
				                    	{
				                    		return false;				                    	
				                    	}
				                    	
				                    	return true;
				                    ]]>
								</Source>
							</Script>
						</value>
					</entry>
				</Map>
			</Attributes>
			<AllowedValuesDefinition> 
				<Script> 
					<Source> 
						<![CDATA[ 
						import java.util.ArrayList;  
 
						List values = new ArrayList(); 		
					
						values.add("Yes");
						values.add("No");
						return values;
						]]> 
					</Source> 
				</Script> 
			</AllowedValuesDefinition>
		</Field>
		<Field displayName="Simulated Aggregation Type" name="simulatedAggregationType" postBack="true" defaultValue="Enter Link Attributes" required="true" displayType="radio" columnSpan="1" helpKey="Input the native identities as text, pull them from a file, or simulate them by providing their account attributes.">
			<Attributes>
				<Map>
					<entry key="hidden">
						<value>
							<Script>
								<Source>
				                    <![CDATA[
				                    	if(inputType != null && inputType.equalsIgnoreCase("Simulated Aggregation"))
				                    	{
				                    		return false;				                    	
				                    	}
				                    	
				                    	return true;
				                    ]]>
								</Source>
							</Script>
						</value>
					</entry>
				</Map>
			</Attributes>
			<AllowedValuesDefinition> 
				<Script> 
					<Source> 
						<![CDATA[ 
						import java.util.ArrayList;  
 
						List values = new ArrayList(); 		
					
						values.add("Enter Link Attributes");
						values.add("Local Server CSV File");
						return values;
						]]> 
					</Source> 
				</Script> 
			</AllowedValuesDefinition>
		</Field>
		<Field name="linkAttributes" required="true" displayName="Link Attributes of Account" displayType="textarea" columnSpan="2" helpKey="Copy and paste all the attributes on new lines that would be in a users link in the format: &lt;entry key=&quot;ATTR NAME&quot; value=&quot;VALUE&quot;/>">
			<Attributes>
				<Map>
					<entry key="hidden">
						<value>
							<Script>
								<Source>
				                    <![CDATA[
				                    	if(inputType != null && simulatedAggregationType != null && inputType.equalsIgnoreCase("Simulated Aggregation") && simulatedAggregationType.equalsIgnoreCase("Enter Link Attributes"))
				                    	{
				                    		return false;				                    	
				                    	}
				                    	
				                    	return true;
				                    ]]>
								</Source>
							</Script>
						</value>
					</entry>
				</Map>
			</Attributes>
		</Field>
		<Field name="simulatedFilePath" required="true" displayName="Filepath To Simulated Application Accounts" displayType="String" columnSpan="2" helpKey="This is the full file path to the file that contains a text file in csv format of account attributes to aggregate in. Each row is a row of attributes to be a user's accounts.">
			<Attributes>
				<Map>
					<entry key="hidden">
						<value>
							<Script>
								<Source>
				                    <![CDATA[
				                    	if(inputType != null && simulatedAggregationType != null && inputType.equalsIgnoreCase("Simulated Aggregation") && simulatedAggregationType.equalsIgnoreCase("Local Server CSV File"))
				                    	{
				                    		return false;				                    	
				                    	}
				                    	
				                    	return true;
				                    ]]>
								</Source>
							</Script>
						</value>
					</entry>
				</Map>
			</Attributes>
			<ValidationScript>
		        <Source><![CDATA[
		        
		        	if(value != null)
		        	{
						String filePath = value.toString();
											
						filePath.replace("\\", "/");
						
						//file doesn't exist then send error message
						File file = new File(filePath);
						if(!file.exists())
						{
							return "File does not exist or is unreachable!";
						}
						//file does exist, make sure its a valid file
						else
						{        	
							BufferedReader br= new BufferedReader(new FileReader(filePath));
							
							
							String headerLine = br.readLine();
							
							String[] headerValues = headerLine.split(",");
							int headerCount = headerValues.length;
							      	
							String line = "";
							int lineCount = 0;
							//read over each line
							while((line = br.readLine()) != null )
							{
								String[] lineValues = line.split(",");
								int lineValuesCount = lineValues.length;
								
								if(headerCount != lineValuesCount)
								{
									return "Following line does not match header count: " + lineCount;
								}
								
								lineCount++;
							}
						}
					}
		        	
			      ]]> </Source>
		      </ValidationScript> 
		</Field>
		<Field name="delimitedType" required="true" defaultValue="New Line" displayName="Delimited Type" displayType="String" columnSpan="3" helpKey="For single aggregations this value does not matter. For multiple values, select how the accounts will be seperated. Place quotes around comma delimited account names that contain commas in the native id.">
			<Attributes>
				<Map>
					<entry key="hidden">
						<value>
							<Script>
								<Source>
				                    <![CDATA[
				                    	if(inputType != null && inputType.equalsIgnoreCase("Text Input"))
				                    	{
				                    		return false;				                    	
				                    	}
				                    	
				                    	return true;
				                    ]]>
								</Source>
							</Script>
						</value>
					</entry>
				</Map>
			</Attributes>
			<AllowedValuesDefinition> 
				<Script> 
					<Source> 
						<![CDATA[ 
						import java.util.ArrayList;  
 
						List values = new ArrayList(); 		
					
						values.add("New Line");
						values.add("Pipe Delimited: |");
						values.add("Comma Delimited: ,");
						return values;
						]]> 
					</Source> 
				</Script> 
			</AllowedValuesDefinition>
		</Field>
	</Section>		
</Form>
		