<?xml version='1.0' encoding='UTF-8'?>
<!DOCTYPE QuickLink PUBLIC "sailpoint.dtd" "sailpoint.dtd">
<QuickLink action="workflow" messageKey="Targeted Aggregation" category="Manage" name="Launch Targeted Aggregation" ordering="8">
  <Attributes>
    <Map>
      <entry key="workflowName" value="Start Targeted Aggregation Workflow"/>
      <entry key="flow" value="Target Aggregation"/>
      <entry key="httpSession">
        <value>
          <Script>
            <Source><![CDATA[   
              import javax.faces.context.FacesContext;  
              import javax.servlet.http.HttpSession;   
              
              FacesContext fc = FacesContext.getCurrentInstance();  
              HttpSession session = fc.getExternalContext().getSession(true);  
              return session;
            ]]></Source>
          </Script>
        </value>
      </entry>
    </Map>
  </Attributes>
  <Description>Launches a targeted aggregation.</Description>
  <QuickLinkOptions allowSelf="true">
  	<DynamicScopeRef>
      <Reference class="sailpoint.object.DynamicScope" name="Admins"/>
    </DynamicScopeRef>    
  </QuickLinkOptions>
</QuickLink>
