<?xml version="1.0" encoding="UTF-8"?>
<!DOCTYPE Workflow PUBLIC "sailpoint.dtd" "sailpoint.dtd">
<Workflow explicitTransitions="true" name="Start Targeted Aggregation Workflow">
	<Variable name="confirmationForm" />
	<Variable name="identityModel" />
	<Variable input="true" name="httpSession" transient="true"/>
  	<Variable name="identityName"/>
  	<Variable name="inputType"/>
    <Variable initializer="true" name="transient"/>
  	<Variable initializer="true" name="trace"/>
  	<Variable input="true" name="launcher"/>
  	<Variable initializer="false" name="foregroundProvisioning"/>
	<Description>
		Workflow to do a targeted aggregation on a user.
	</Description>
  <RuleLibraries>
    <Reference class="sailpoint.object.Rule" name="LCM Workflow Library"/>
  </RuleLibraries>
  <Step icon="Start" name="Start">
    <Transition to="GetIdentityModel"/>
  </Step>
  <Step action="call:getIdentityModel" icon="Default" name="GetIdentityModel" posX="225" posY="10" resultVariable="identityModel">
    <Arg name="expandIdentity" value="false"/>
    <Arg name="expandLinks" value="false"/>
    <Description>Get the Identity Model for the user</Description>
    <Transition to="Update IdentityModel"/>
  </Step>
  <Step name="Update IdentityModel">
    <Script>
      <Source><![CDATA[

	]]></Source>
    </Script>
    <Transition to="Show Targeted Aggregation Form"/>
  </Step>
  <Step icon="Approval" name="Show Targeted Aggregation Form">
    <Approval mode="serial" owner="ref:launcher" return="identityModel" send="launcher, identityModel">
      <Arg name="workItemType" value="Form"/>
      <Arg name="workItemDescription" value="GetIdentityModels"/>
      <Arg name="workItemForm" value="Targeted Aggregation Form"/>
      <Arg name="workItemFormBasePath" value="identityModel"/>
    </Approval>
    <Transition to="Build Confirmation Form" when="lastApprovalState.equalsIgnoreCase(&quot;Finished&quot;);"/>
  </Step>
  <Step action="call:buildReadOnlyForm" name="Build Confirmation Form" resultVariable="confirmationForm">
    <Arg name="form" value="Targeted Aggregation Form"/>
    <Arg name="pageTitle" value="Targeted Aggregation Confirmation Form"/>
    <Arg name="nextButtonLabel" value="Launch"/>
    <Description>
	     Create the read-only form to be displayed.
	  </Description>
    <Transition to="Show Targeted Aggregation Confirmation Form"/>
  </Step>
  <Step icon="Approval" name="Show Targeted Aggregation Confirmation Form">
    <Approval mode="serial" owner="ref:launcher" return="identityModel" send="launcher, identityModel">
	    <AfterScript>
	    	<Source>
				<![CDATA[
					import sailpoint.object.Workflow;
					import java.io.File;
					
					//store input type in the workflow
					workflow.put("inputType", identityModel.get("inputType"));		
					
					//replace backslashes with forward slashes for windows paths
					if(identityModel.get("nativeIdsfilePath") != null)
						identityModel.put("nativeIdsfilePath", identityModel.get("nativeIdsfilePath").replace("\\", "/"));
					
					if(identityModel.get("simulatedFilePath") != null)
						identityModel.put("simulatedFilePath", identityModel.get("simulatedFilePath").replace("\\", "/"));
											
				]]>
			</Source>
	  	</AfterScript>
      <Arg name="workItemType" value="Form"/>
      <Arg name="workItemDescription" value="Targeted Aggregation Form"/>
      <Arg name="workItemForm" value="ref:confirmationForm"/>
      <Arg name="workItemFormBasePath" value="identityModel"/>
    </Approval>
    <Transition to="Show Targeted Aggregation Form" when="lastApprovalState.equalsIgnoreCase(&quot;Rejected&quot;);"/>
    <Transition to="Form Submitted Message" when="lastApprovalState.equalsIgnoreCase(&quot;Finished&quot;);"/>
  </Step>
  <Step name="Form Submitted Message">
    <Script>
      <Source><![CDATA[

  		import javax.faces.application.FacesMessage;
        import javax.faces.context.FacesContext;
	  	import org.apache.commons.logging.LogFactory;
      	import org.apache.commons.logging.Log;
        import java.util.List;
        import java.util.ArrayList;
        
        Log logger = LogFactory.getLog("sailpoint.services.targetedAggregation");
        
        //generate the message depending on the inputType
        String message = "";
        if(inputType.equalsIgnoreCase("Text Input"))
        {
        	message = "Targeted Aggregation launched for: " + identityModel.get("nativeId");
        }
        else if(inputType.equalsIgnoreCase("Local Server File"))
        {
        	message = "Targeted Aggregation launched for file: " + identityModel.get("nativeIdsfilePath");
        }
        else if(inputType.equalsIgnoreCase("Simulated Aggregation"))
        {
        	message = "Targeted Aggregation launched for: Simulated Identity(s)";
        }
                
        FacesMessage myMessage = new FacesMessage(FacesMessage.SEVERITY_INFO, message, "This is ignored");
        List myMessages = new ArrayList(); 
		myMessages.add(myMessage);
		
		if(httpSession != null)
		{
			httpSession.setAttribute("sailpoint.web.PageCodeBase.sessionMessages", myMessages);
		}
	]]></Source>
    </Script>
    <Transition to="Launch Simulated Aggregations" when="script:inputType.equalsIgnoreCase(&quot;Simulated Aggregation&quot;)"/>
    <Transition to="Launch Targeted Aggregations"/>
  </Step>
  <Step name="Launch Targeted Aggregations">
    <Script>
      <Source><![CDATA[
		import sailpoint.object.Application;
		import sailpoint.object.Attributes;
		import sailpoint.object.Custom;
		import sailpoint.object.Filter;
		import sailpoint.object.Identity;
		import sailpoint.object.Link;
		import sailpoint.object.QueryOptions;
		import sailpoint.object.ResourceObject;
		import sailpoint.object.TaskResult;
		import sailpoint.object.Rule;
		import sailpoint.object.RequestDefinition;
		import sailpoint.object.Request;
		import sailpoint.connector.JDBCConnector;
		import sailpoint.api.Aggregator;
		import sailpoint.tools.Util;
		import sailpoint.object.ResourceObject;
		import sailpoint.tools.xml.XMLObjectFactory;
		import java.io.BufferedReader;
		import sailpoint.connector.Connector;
		import org.apache.commons.logging.Log;
		import org.apache.commons.logging.LogFactory;
		
        Log logger = LogFactory.getLog("sailpoint.services.targetedAggregation");
		
		//list of accounts to aggregate from app or simulation
		List aggregateAccountList = new ArrayList();
		
		//app name to aggregate from
		String applicationName = identityModel.get("selectedApp");
		String delimitedType = identityModel.get("delimitedType");
		String line = "";
		
		//text input calculations
		if(inputType.equalsIgnoreCase("Text Input"))
        {
        	String accountNames = identityModel.get("nativeId");
        	        	
        	if(delimitedType.equalsIgnoreCase("New Line"))
			{		
				aggregateAccountList = new ArrayList(Arrays.asList(accountNames.split("\n")));
			}
			else if(delimitedType.equalsIgnoreCase("Pipe Delimited: |"))
			{		
				aggregateAccountList = new ArrayList(Arrays.asList(accountNames.split("\\|")));
			}
			else if(delimitedType.equalsIgnoreCase("Comma Delimited: ,"))
			{		
				aggregateAccountList = Util.csvToList(accountNames);
			}
        }
        else if(inputType.equalsIgnoreCase("Local Server File"))
        {
        	String fileName = identityModel.get("nativeIdsfilePath");
        	
			BufferedReader br= new BufferedReader(new FileReader(fileName));
			
			//skip first line if needed				
			if(identityModel.get("skipFirstLine").equalsIgnoreCase("Yes"))
			{
				line = br.readLine();
			}        	
			
			//read over each line
			while((line = br.readLine()) != null )
			{
				aggregateAccountList.add(line);
			}
        }
				
		for(String accountName : aggregateAccountList)
		{			
			if(accountName != null && !accountName.isEmpty())
			{
				RequestDefinition reqDef = context.getObjectByName(RequestDefinition.class, "Workflow Request");
				Request request = new Request(reqDef); 
				String requestName = "Launch Targeted aggregation on: " + accountName;
				request.setName(requestName);
				request.setAttribute("workflow", "Launch Targeted Aggregation Workflow");
				request.setAttribute("accountName", accountName.trim());
				request.setAttribute("launcher", launcher);
				request.setAttribute("applicationName", applicationName);
				
				request.setNextLaunch(new Date());
	            context.saveObject(request);
	            context.commitTransaction();
            }
		}
 		
	]]></Source>
    </Script>
    <Transition to="end"/>
  </Step>
  <Step name="Launch Simulated Aggregations">
    <Script>
      <Source><![CDATA[
		import sailpoint.object.Application;
		import sailpoint.object.Attributes;
		import sailpoint.object.Custom;
		import sailpoint.object.Filter;
		import sailpoint.object.Identity;
		import sailpoint.object.Link;
		import sailpoint.object.QueryOptions;
		import sailpoint.object.ResourceObject;
		import sailpoint.object.TaskResult;
		import sailpoint.object.Rule;
		import sailpoint.object.RequestDefinition;
		import sailpoint.object.Request;
		import sailpoint.connector.JDBCConnector;
		import sailpoint.api.Aggregator;
		import sailpoint.tools.Util;
		import sailpoint.object.ResourceObject;
		import sailpoint.tools.xml.XMLObjectFactory;
		import java.io.BufferedReader;
		import sailpoint.connector.Connector;
		import org.apache.commons.logging.Log;
		import org.apache.commons.logging.LogFactory;
		
        Log logger = LogFactory.getLog("sailpoint.services.targetedAggregation");
		
		//list of accounts to aggregate from app or simulation
		List aggregateAccountList = new ArrayList();
		
		//app name to aggregate from
		String applicationName = identityModel.get("selectedApp");
		String line = "";
		ResourceObject resourceObject = null;
		
		if(identityModel.get("simulatedAggregationType").equalsIgnoreCase("Enter Link Attributes"))
		{
			try 
			{
				//add the entry keys to an attirbutes object
				String linkAttributes = "<Attributes>\n<Map>\n" + identityModel.get("linkAttributes") + "\n</Map>\n</Attributes>"; 
			   
			   	Attributes rObjAttributes = XMLObjectFactory.getInstance().parseXml(context, linkAttributes, false);
			   
			   	//get native identifier of the account from app
			   	String accountName = rObjAttributes.get(identityModel.get("nativeAttribute"));
			   
			   //create resource object with appropriate attributes to aggregate
			    resourceObject = new ResourceObject();
			   
			   	resourceObject.setDisplayName(accountName);
			   	resourceObject.setIdentity(accountName);
			   	resourceObject.setObjectType("account");
			   	resourceObject.setAttributes(rObjAttributes);
			   	
			   	//send request to target aggregation workflow to target aggregate the account
			   	RequestDefinition reqDef = context.getObjectByName(RequestDefinition.class, "Workflow Request");
				Request request = new Request(reqDef); 
				String requestName = "Launch Targeted aggregation on: " + accountName;
				request.setName(requestName);
				request.setAttribute("workflow", "Launch Targeted Aggregation Workflow");
				request.setAttribute("accountName", accountName.trim());
				request.setAttribute("launcher", launcher);
				request.setAttribute("applicationName", applicationName);
				request.setAttribute("resourceObject", resourceObject);
				
				request.setNextLaunch(new Date());
	            context.saveObject(request);
	            context.commitTransaction();
			}
			catch (Exception e)
			{
			 	errorMessage = "Connector could not find account: [" + accountName + "]";
		   		errorMessage += " in application  [" + applicationName + "]";
		   		logger.error(errorMessage);
			}
		}
		else if(identityModel.get("simulatedAggregationType").equalsIgnoreCase("Local Server CSV File"))
		{
			String fileName = identityModel.get("simulatedFilePath");
        	
			BufferedReader br= new BufferedReader(new FileReader(fileName));
			
			//skip first line if needed				
			
			String headerLine = br.readLine();
			String[] headerValues = headerLine.split(",");			      	
			
			//read over each line
			while((line = br.readLine()) != null )
			{
				Map accountAttributesMap = new HashMap();
				
				String[] lineValues = line.split(",");
				
				//add all attributes to map
				for(int i = 0;i < lineValues.length; i++)
				{
					accountAttributesMap.put(headerValues[i], lineValues[i]);
				}
				
				Attributes rObjAttributes = new Attributes(accountAttributesMap);
				
				//get native identifier of the account from app
			   	String accountName = rObjAttributes.get(identityModel.get("nativeAttribute"));
			   	
			   	if(accountName != null)
			   	{
				    //create resource object with appropriate attributes to aggregate
				    resourceObject = new ResourceObject();
				   
				   	resourceObject.setDisplayName(accountName);
				   	resourceObject.setIdentity(accountName);
				   	resourceObject.setObjectType("account");
				   	resourceObject.setAttributes(rObjAttributes);
				   	
				   	//send request to target aggregation workflow to target aggregate the account
				   	RequestDefinition reqDef = context.getObjectByName(RequestDefinition.class, "Workflow Request");
					Request request = new Request(reqDef); 
					String requestName = "Launch Targeted aggregation on: " + accountName;
					request.setName(requestName);
					request.setAttribute("workflow", "Launch Targeted Aggregation Workflow");
					request.setAttribute("accountName", accountName.trim());
					request.setAttribute("launcher", launcher);
					request.setAttribute("applicationName", applicationName);
					request.setAttribute("resourceObject", resourceObject);
					
					request.setNextLaunch(new Date());
		            context.saveObject(request);
		            context.commitTransaction();
	            }
	            else
	            {
	            	logger.error("native id did not exist for line: " + line);
	            }
			}
		}
		else
		{
			logger.error("Did not recongnize simulatedAggregationType value");
		}
			
        
				
		
		
 		
	]]></Source>
    </Script>
    <Transition to="end"/>
  </Step>
  <Step icon="Stop" name="end"/>
</Workflow>
