<?xml version="1.0" encoding="UTF-8"?>
<!DOCTYPE Workflow PUBLIC "sailpoint.dtd" "sailpoint.dtd">
<Workflow explicitTransitions="true" name="Launch Targeted Aggregation Workflow">
  <Variable input="true" name="accountName"/>
  <Variable initializer="true" name="trace"/>
  <Variable input="true" name="applicationName"/>
  <Variable input="true" name="resourceObject"/>
  <Variable name="errorMessage"/>
  <Variable input="true" name="launcher"/>
  <Variable input="true" name="resourceObject"/>
  <Description>
		Workflow to modify group membership
	</Description>
  <RuleLibraries>
    <Reference class="sailpoint.object.Rule" name="LCM Workflow Library"/>
  </RuleLibraries>
  <Step icon="Start" name="Start">
    <Transition to="Do Targeted Aggregation"/>
  </Step>
  <Step name="Do Targeted Aggregation" resultVariable="errorMessage">
    <Script>
      <Source><![CDATA[
		import sailpoint.object.Application;
		import sailpoint.object.Attributes;
		import sailpoint.object.Custom;
		import sailpoint.object.Filter;
		import sailpoint.object.Identity;
		import sailpoint.object.Link;
		import sailpoint.object.QueryOptions;
		import sailpoint.object.ResourceObject;
		import sailpoint.object.TaskResult;
		import sailpoint.object.Rule;
		import sailpoint.connector.JDBCConnector;
		import sailpoint.api.Aggregator;
		import sailpoint.connector.Connector;
		import sailpoint.tools.Message;
		import org.apache.commons.logging.Log;
		import org.apache.commons.logging.LogFactory;
		
		String errorMessage = null; 
		TaskResult taskResult = null;
		
		
		if(context != null && applicationName != null && accountName != null)
  		{
			Application appObject = context.getObjectByName(Application.class, applicationName);
			
			if(appObject != null)
			{
				String appConnName = appObject.getConnector();
				
				if(appConnName != null)
				{
					Connector appConnector = sailpoint.connector.ConnectorFactory.getConnector(appObject, null);
				
					if(appConnector != null)
					{
				
						ResourceObject rObj = null;
						
						try 
						{
							if(resourceObject != null)
							{
								rObj = resourceObject;
							}
							else
							{
			   					rObj = (ResourceObject) appConnector.getObject("account", accountName, null);
			   				}
			   
						} 
						catch (sailpoint.connector.ObjectNotFoundException onfe) 
						{
			   				errorMessage = "Connector could not find account: [" + accountName + "]";
			   				errorMessage += " in application  [" + applicationName + "]";
			   				log.error(errorMessage);
			   				return errorMessage;
						}
						
						if(rObj != null)
						{
							if (log.isDebugEnabled()){
							log.debug("Got raw resourceObject: " + rObj.toXml());
							}
							System.out.println("Got raw resourceObject: " + rObj.toXml());
							// Now we have a raw ResourceObject.  The Application in IdentityIQ may have a 
							// Customization rule defined to transform the ResourceObject.  We need to 
							// honor that configuration, so if the Applicaiton has a Rule then we run it.
							Rule customizationRule = appObject.getCustomizationRule();
							if (null != customizationRule) 
							{
							   if (log.isDebugEnabled()){
							   log.debug("Customization rule found for applicaiton " + applicationName);   
							   }
							   try 
							   {
							      // Pass the mandatory arguments to the Customization rule for the app.
							      HashMap ruleArgs = new HashMap();
							      ruleArgs.put("context",     context);
							      ruleArgs.put("object",      rObj);
							      ruleArgs.put("application", appObject);
							      ruleArgs.put("connector",   appConnector);
							      ruleArgs.put("state",       new HashMap());
							   
							      // Call the customization rule just like a normal aggregation would.
							      ResourceObject newRObj = context.runRule(customizationRule, ruleArgs, null);
							      
							      // Make sure we got a valid resourceObject back from the rule.  
							      if (null != newRObj) 
							      {
							         rObj = newRObj;
							         log.debug("Got post-customization resourceObject: " + rObj.toXml());
							      }    
							      
							   } 
							   catch (Exception ex) 
							   {
							      // Swallow any customization rule errors, the show must go on!
							      log.error("Error while running Customization rule for " + applicationName);
							   }  
							   
								// Next we perform a miniature "Aggregation" using IIQ's built in Aggregator.
								// Create an arguments map for the aggregation task. 
								// To change this (if you need to), the map contains aggregation options and is the same as the 
								// arguments to the acocunt aggregation tasks.  Some suggestied defaults are:
								Attributes argMap = new Attributes();
								argMap.put("promoteAttributes",       "true");
								argMap.put("correlateEntitlements",   "true");
								argMap.put("noOptimizeReaggregation", "true");  // Note: Set to false to disable re-correlation.
			
								// Consturct an aggregator instance.
								Aggregator agg = new Aggregator(context, argMap);
								if (null != agg) 
								{
			  	 					// Invoke the aggregation task by calling the aggregate() method.
									// Note: the aggregate() call may take serveral seconds to complete.
									
									taskResult = agg.aggregate(appObject, rObj);
									
									
									if (null != taskResult) 
									{
			   							if (log.isDebugEnabled())
			   							{
			   								log.debug("TaskResult details: \n" + taskResult.toXml());
			   							}
										context.decache(appObject);
									}
									else
									{	
										errorMessage = "ERROR: Null taskResult returned from aggregate() call.";
			   							log.error(errorMessage);
									}
								}
								else
								{
									errorMessage = "Null Aggregator returned from constructor.  Unable to Aggregate!";
			   						log.error(errorMessage);
								}
							}
						}
						else
						{
							errorMessage = "WARN: Could not get ResourceObject for account: " + accountName;
			   				log.warn(errorMessage);
						}
					}
					else
					{
						errorMessage = "Failed to construct an instance of connector [" + appConnName + "]";
			   			log.error(errorMessage);
					}
				}
				else
				{
					errorMessage = "Failed to construct an instance of connector [" + appConnName + "]";
			   		log.error(errorMessage);				
			   	}
			}
			
			context.decache(appObject);
		}
		
		return errorMessage;
 		
	]]></Source>
    </Script>
    <Transition to="Target Aggregation Error" when="errorMessage != null &amp;&amp; !errorMessage.isEmpty()"/>
    <Transition to="end"/>
  </Step>
  <Step action="call:addMessage" name="Target Aggregation Error" posX="1020" posY="474">
        <Arg name="message" value="ref:errorMessage"/>
        <Arg name="type" value="Error"/>
        <Transition to="end"/>
    </Step>
  <Step icon="Stop" name="end"/>
</Workflow>
