<?xml version='1.0' encoding='UTF-8'?>
<!DOCTYPE sailpoint PUBLIC "sailpoint.dtd" "sailpoint.dtd">
<!-- Copyright © 2018 SailPoint Technologies, Inc. All Rights Reserved.
All logos, text, content, and works of authorship, including but not limited to underlying code, programming or scripting language, designs, and/or graphics,
that are used and/or depicted herein are protected under United States and international copyright and trademark laws and treaties,
and may not be used or reproduced without the prior express written permission of SailPoint Technologies, Inc. -->
<sailpoint>
<ImportAction name='merge'>
<ObjectConfig name="Application">
<!-- AGGREGATION -->
	<ObjectAttribute defaultValue="" categoryName="Aggregate"
		displayName="Account Correlation Identification" editMode="Permanent"
		name="accountCorrelationAttrExpression">
		<Description>SUPPORTED FORMATS: [Cube Attribute Name]#IIQCorrelated#[Schema Attribute Name] OR [Cube Attribute Name]#IIQCorrelated#[Schema Attribute Name]#IIQCorrelated#[Operation]</Description>
	</ObjectAttribute>
	<ObjectAttribute defaultValue="" categoryName="Aggregate"
		displayName="Account Lock Status Identification" editMode="Permanent"
		name="accountLockAttrExpression">
	<Description>SUPPORTED FORMATS: [Schema Attribute Name]#IIQDisabled#[Schema Attribute Value]#IIQDisabled#[Operation] OR [Schema Attribute Name]#IIQDisabled#[Java Regular Expression]</Description>
	</ObjectAttribute>
	<ObjectAttribute defaultValue="" categoryName="Aggregate"
		displayName="Account Disable Status Identification" editMode="Permanent"
		name="accountDisableAttrExpression">
		<Description>SUPPORTED FORMATS: [Schema Attribute Name]#IIQLocked#[Schema Attribute Value]#IIQLocked#[Operation] OR [Schema Attribute Name]#IIQLocked#[Java Regular Expression]</Description>
	</ObjectAttribute>
  	<ObjectAttribute defaultValue="" categoryName="Aggregate"
		displayName="Contractor Authoritative Source" editMode="Permanent"
		name="authoritativeNonEmployee">
		<Description>Contractor Authoritative Source</Description>
	</ObjectAttribute>
	<ObjectAttribute defaultValue="" categoryName="Aggregate"
		displayName="Employee Authoritative Source" editMode="Permanent"
		name="authoritativeEmployee">
		<Description>Employee Authoritative Source</Description>
	</ObjectAttribute>
	</ObjectConfig>
	</ImportAction>
</sailpoint>
