<?xml version="1.0" encoding="UTF-8"?>
<!DOCTYPE Rule PUBLIC "sailpoint.dtd" "sailpoint.dtd">
<!-- Copyright © 2018 SailPoint Technologies, Inc. All Rights Reserved.
All logos, text, content, and works of authorship, including but not limited to underlying code, programming or scripting language, designs, and/or graphics,
that are used and/or depicted herein are protected under United States and international copyright and trademark laws and treaties,
and may not be used or reproduced without the prior express written permission of SailPoint Technologies, Inc. -->
<Rule language="beanshell" name="Rule-FrameWork-Locked" type="LinkAttribute">
  <Description>This rule is used when promoting account attributes from Links during aggregation.</Description>
  <Signature returnType="Object">
    <Inputs>
      <Argument name="log">
        <Description>
          The log object associated with the SailPointContext.
        </Description>
      </Argument>
      <Argument name="context">
        <Description>
          A sailpoint.api.SailPointContext object that can be used to query the database if necessary.
        </Description>
      </Argument>
      <Argument name="environment">
        <Description>
          The optional arguments passed from the task executor, if the rule is running within a task.
        </Description>
      </Argument>
      <Argument name="link">
        <Description>
          The Link whose attribute is being promoted.
        </Description>
      </Argument>
    </Inputs>
    <Returns>
      <Argument name="value">
        <Description>
          An Object to be used as the attribute value.
        </Description>
      </Argument>
    </Returns>
  </Signature>
  <Source>
  	<![CDATA[
	if(link!=null)
	{
		    Boolean locked = ("true".equals(link.getAttribute("IIQLocked")) || link.getAttribute("IIQLocked") == true);
			if(locked)
			{
			return "true";
			}
	}
 	]]>
	</Source>
</Rule>
