<?xml version='1.0' encoding='UTF-8'?>
<!DOCTYPE Form PUBLIC "sailpoint.dtd" "sailpoint.dtd">
<Form name="BGRA Request Remote Access Form" type="Workflow">
	<Attributes>
		<Map>
			<entry key="labelAlign" value="top" />
			<entry key="title" value="Request Remote Access" />
			<entry key="subtitle" value="Fill out form and submit to request remote access" />
		</Map>
	</Attributes>
	<Button action="next" label="Next" />
	<Button action="cancel" label="Cancel" skipValidation="true" />
	<Section columns="1" label="Request Remote Access" name="RemoteAccessForm">
		<Attributes>
	      <Map>
	        <entry key="subtitle" value="Fill out the form to request remote access"/>
	      </Map>
	    </Attributes>
	    
	    <Field name="identityName" hidden="true" />
	    <Field name="requestScope" hidden="true" />
	    <!--  
	    <Field name="requestForSelf" hidden="true" />
	    <Field name="requestForReports" hidden="true" />
	    <Field name="requestForAnyone" hidden="true" />
	    -->
	    <Field name="reqSetSunrise" hidden="true" />
	    <Field name="reqSetSunset" hidden="true" />
	    <Field name="provisionImmediately" hidden="true" />
	    
	    <!-- Identities for All -->
	    
	    <Field displayName="Selected Identities" 
			helpKey="Select the identities that require remote access" readOnly="true" required="true" 
			name="identities" multi="true" type="Identity" >
			<Attributes>
				<Map>
					<entry key="hidden">
						<value>
							<Script>
								<Source>
								<![CDATA[
									import org.apache.commons.logging.Log;
									import org.apache.commons.logging.LogFactory;

									Log logger = LogFactory.getLog("sailpoint.pslabs.plugin.remote.access");
									boolean isHidden = false;
									
									if (requestScope.equals("ForBulk")){
										isHidden=true;
									}
									
									logger.trace("Exit hidden flag script for all identities:  " + isHidden);
									return isHidden;
								]]>
								</Source>
							</Script>
						</value>
					</entry>
				</Map>
			</Attributes>
			<ValidationRule>
	          	<Reference class="sailpoint.object.Rule" name="BGRA Identities Validation Rule"/>
	        </ValidationRule>
		</Field>
		
		<Field displayName="Bulk Identities" 
			helpKey="Paste a list of identity names, each name on a new line" 
			name="bulkIdentity" required="true" displayType="textarea" >
			<Attributes>
		        <Map>
		            <entry key="width" value="500"/>
		            <entry key="rows" value="100"/>
		            <entry key="hidden">
						<value>
							<Script>
								<Source>
								<![CDATA[
									import org.apache.commons.logging.Log;
									import org.apache.commons.logging.LogFactory;

									Log logger = LogFactory.getLog("sailpoint.pslabs.plugin.remote.access");
									boolean isHidden = true;
									
									logger.trace("Enter hidden flag script for bulk identities");
									if (requestScope.equals("ForBulk")){
										isHidden=false;
									}
									
									logger.trace("Exit hidden flag script for bulk identities:  " + isHidden);
									return isHidden;
								]]>
								</Source>
							</Script>
						</value>
					</entry>
		        </Map>
		      </Attributes>
		      <ValidationRule>
	          	<Reference class="sailpoint.object.Rule" name="BGRA Identities Validation Rule"/>
	         </ValidationRule>
		</Field>
		
		<Field displayName="Additional Details" name="userMessage" readOnly="true"></Field>
		
		<Field displayName="Sunrise Date"
			helpKey="Enter the date that the access will be provisioned"
			type="date" name="sunriseDate"  required="true">
			<Attributes>
				<Map>
					<entry key="hidden">
						<value>
							<Script>
								<Source>
								<![CDATA[
									import org.apache.commons.logging.Log;
									import org.apache.commons.logging.LogFactory;

									Log logger = LogFactory.getLog("sailpoint.pslabs.plugin.remote.access");
									boolean isHidden = true;
									
									logger.trace("Enter hidden flag script for set sunrise");
									if (reqSetSunrise != null && reqSetSunrise ) {
										isHidden = false;	
									}
									
									logger.trace("Exit hidden flag script for set sunrise:  " + isHidden);
									return isHidden;
								]]>
								</Source>
							</Script>
						</value>
					</entry>
				</Map>
			</Attributes>			
		</Field>
		
		<Field displayName="Sunrise Date"
			helpKey="Access will be created on the date above"
			type="date" name="calcSunriseDate" readOnly="true">
			<Attributes>
				<Map>
					<entry key="hidden">
						<value>
							<Script>
								<Source>
								<![CDATA[
									import org.apache.commons.logging.Log;
									import org.apache.commons.logging.LogFactory;

									Log logger = LogFactory.getLog("sailpoint.pslabs.plugin.remote.access");
									boolean isHidden = true;
									
									logger.trace("Enter hidden flag script for calc sunrise");
									if ((reqSetSunrise == null || !reqSetSunrise ) && (provisionImmediately == null || !provisionImmediately)) {
										isHidden = false;	
									}
									
									logger.trace("Exit hidden flag script for calc set sunrise:  " + isHidden);
									return isHidden;
								]]>
								</Source>
							</Script>
						</value>
					</entry>
				</Map>
			</Attributes>			
			
		</Field>
		
		<Field displayName="Sunrise Date"
			name="provImMsg" readOnly="true" value="Access will be provisioned immediately upon approval">
			<Attributes>
				<Map>
					<entry key="hidden">
						<value>
							<Script>
								<Source>
								<![CDATA[
									import org.apache.commons.logging.Log;
									import org.apache.commons.logging.LogFactory;

									Log logger = LogFactory.getLog("sailpoint.pslabs.plugin.remote.access");
									boolean isHidden = true;
									
									logger.trace("Enter hidden flag script for prov Im msg");
									if (provisionImmediately != null && provisionImmediately) {
										isHidden = false;	
									}
									
									logger.trace("Exit hidden flag script for prov Im msg:  " + isHidden);
									return isHidden;
								]]>
								</Source>
							</Script>
						</value>
					</entry>
				</Map>
			</Attributes>			
			
		</Field>
		
		<Field displayName="Sunset Date"
			helpKey="Enter the date that the access will be removed"
			type="date" name="sunsetDate"  required="true">
			<Attributes>
				<Map>
					<entry key="hidden">
						<value>
							<Script>
								<Source>
								<![CDATA[
									import org.apache.commons.logging.Log;
									import org.apache.commons.logging.LogFactory;

									Log logger = LogFactory.getLog("sailpoint.pslabs.plugin.remote.access");
									boolean isHidden = true;
									
									logger.trace("Enter hidden flag script for set sunset");
									if (reqSetSunset != null && reqSetSunset ) {
										isHidden = false;	
									}
									
									logger.trace("Exit hidden flag script for set sunset:  " + isHidden);
									return isHidden;
								]]>
								</Source>
							</Script>
						</value>
					</entry>
				</Map>
			</Attributes>			
			
		</Field>
		
		<Field displayName="Sunset Date"
			helpKey="Access will be remove on the date above"
			type="date" name="calcSunsetDate" readOnly="true">
			<Attributes>
				<Map>
					<entry key="hidden">
						<value>
							<Script>
								<Source>
								<![CDATA[
									import org.apache.commons.logging.Log;
									import org.apache.commons.logging.LogFactory;

									Log logger = LogFactory.getLog("sailpoint.pslabs.plugin.remote.access");
									boolean isHidden = true;
									
									logger.trace("Enter hidden flag script for calc set sunset");
									if (reqSetSunset == null || !reqSetSunset ) {
										isHidden = false;	
									}
									
									logger.trace("Exit hidden flag script for calc set sunset:  " + isHidden);
									return isHidden;
								]]>
								</Source>
							</Script>
						</value>
					</entry>
				</Map>
			</Attributes>			
			
		</Field>
		
		
	    
	 </Section>
</Form>