<?xml version="1.0" encoding="UTF-8"?>
<!DOCTYPE Workflow PUBLIC "sailpoint.dtd" "sailpoint.dtd">
<Workflow explicitTransitions="true"
	name="BGRA Configure Remote Access WF">
	
	<Description>Configure Remote Access Workflow</Description>
	<Variable name="transient" initializer="true" >
		<Description>
			Set to false to cause workflow-related objects, such as
			approval
			work items, to be saved in the database even if they are only
			viewed by the person registering.
		</Description>
	</Variable>
	<Variable name="trace" initializer="false" >
		<Description>
			Set to true to enable trace of all workflow steps.
		</Description>
	</Variable>
	<Variable name="formName" initializer="BGRA Configure Remote Access Form">
		<Description>The name of the form used by this request process</Description>
	</Variable>
	<Variable name="confirmFormName" initializer="BGRA Configure Remote Access Confirmation Form">
		<Description>The name of the form used by this request process</Description>
	</Variable>
	<Variable name="submitForm" >
		<Description>Will hold the actual form object </Description>
	</Variable>
	<Variable name="confirmForm" >
		<Description>Will hold the confirmation form object </Description>
	</Variable>

	<Variable name="configModel" />
	
	<Variable name="flow" 				initializer="ConfigureRemoteAccess"/>
	<Variable name="requestType" 		initializer="ConfigureRemoteAccess" />
	<Variable name="source" initializer="RemoteAccess" />
	<RuleLibraries>
		<Reference class="sailpoint.object.Rule" name="BGRA Common Rules Library" />
	</RuleLibraries>

	<Step icon="Start" name="start" posX="114" posY="126">
		<Transition to="Initialize Variables" />
	</Step>

	<Step name="Initialize Variables" resultVariable="configModel">
		<Script>
			<Source>
				return initializeVariablesConfigure(workflow);
			</Source>
		</Script>
		<Transition to="Build Submit Form" />
	</Step>
	
	<Step name="Build Submit Form" resultVariable="submitForm">
		<Script>
			<Source>
				return buildSubmitFormConfigure(workflow);
			</Source>
		</Script>
		<Transition to="Present Configure Form" />
	</Step>
	
	<Step name="Present Configure Form" posX="374" posY="358">
		<Approval owner="ref:launcher" return="configModel"
			send="launcher,configModel">
			<Arg name="workItemType" value="Form" />
			<Arg name="workItemDescription" value="Configure Remote Access Form" />
			<Arg name="workItemForm" value="ref:submitForm" />
			<Arg name="modelBasePath" value="configModel" /> 
			<Arg name="workItemFormBasePath" value="configModel" />
		</Approval>
		<Description>
			Present the config form to the launcher.
			This is simulated as an approval step with launcher himself being the
			approver.
		</Description>
		<Transition to="Build Confirm Form" />
	</Step>
	
	<Step name="Build Confirm Form" resultVariable="confirmForm">
		<Script>
			<Source>
				return buildConfirmFormConfigure(workflow);
			</Source>
		</Script>
		<Transition to="Present Confirmation Form" />
	</Step>
	
	<Step name="Present Confirmation Form" posX="374" posY="358">
		<Approval owner="ref:launcher" return="configModel"
			send="launcher,configModel">
			<Arg name="workItemType" value="Form" />
			<Arg name="workItemDescription" value="Configure Remote Access Confirmation Form" />
			<Arg name="workItemForm" value="ref:confirmForm" />
			<Arg name="modelBasePath" value="configModel" /> 
			<Arg name="workItemFormBasePath" value="configModel" />
		</Approval>
		<Description>
			Present the config form to the launcher.
			This is simulated as an approval step with launcher himself being the
			approver.
		</Description>
		<Transition to="Present Configure Form" when="!approved" />
		<Transition to="Update Configuration" />
	</Step>
	
	<Step name="Update Configuration">
		<Script>
			<Source>
				return updateConfiguration(workflow, configModel);
			</Source>
		</Script>
		<Transition to="end" />
	</Step>
	
	<Step icon="Stop" name="end" posX="2270" posY="126" />
</Workflow>