<?xml version="1.0" encoding="UTF-8"?>
<!DOCTYPE Workflow PUBLIC "sailpoint.dtd" "sailpoint.dtd">
<Workflow explicitTransitions="true"
	name="BGRA Request Remote Access WF">
	
	<Description>Configure Remote Access Workflow</Description>
	<Variable name="transient" initializer="true" >
		<Description>
			Set to false to cause workflow-related objects, such as
			approval
			work items, to be saved in the database even if they are only
			viewed by the person registering.
		</Description>
	</Variable>
	<Variable name="trace" initializer="false" >
		<Description>
			Set to true to enable trace of all workflow steps.
		</Description>
	</Variable>
	<Variable name="formName" initializer="BGRA Request Remote Access Form">
		<Description>The name of the form used by this request process</Description>
	</Variable>
	<Variable name="confirmFormName" initializer="BGRA Request Remote Access Confirmation Form">
		<Description>The name of the form used by this request process</Description>
	</Variable>
	<Variable name="submitForm" >
		<Description>Will hold the actual form object </Description>
	</Variable>
	<Variable name="confirmForm" >
		<Description>Will hold the actual form object </Description>
	</Variable>
	<Variable name="accountSelForm" >
		<Description>Will hold the actual form object </Description>
	</Variable>
	

	<Variable name="identityModel" />
	
	<Variable name="flow" 				initializer="RequestRemoteAccess"/>
	<Variable name="requestType" 		initializer="RequestRemoteAccess" />
	<Variable name="source" 			initializer="RemoteAccess" />
	
	<Variable name="requestScope" 		input="true" />
	<Variable name="launcher" 			input="true" />
	<Variable name="identities" 		input="true" />
	<Variable name="identityName" 		input="true" />
	
	<RuleLibraries>
		<Reference class="sailpoint.object.Rule" name="BGRA Common Rules Library" />
	</RuleLibraries>

	<Step icon="Start" name="start" posX="114" posY="126">
		<Transition to="Initialize Variables" />
	</Step>

	<Step name="Initialize Variables" resultVariable="identityModel">
		<Script>
			<Source>
				return initializeVariablesRequest(workflow);
			</Source>
		</Script>
		<Transition to="Build Submit Form" />
	</Step>
	
	<Step name="Build Submit Form" resultVariable="submitForm">
		<Script>
			<Source>
				return buildSubmitFormRequest(workflow);
			</Source>
		</Script>
		<Transition to="Present Request Form" />
	</Step>
	
	<Step name="Present Request Form" posX="374" posY="358">
		<Approval owner="ref:launcher" return="configModel"
			send="launcher,identityModel">
			<Arg name="workItemType" value="Form" />
			<Arg name="workItemDescription" value="Request Remote Access Form" />
			<Arg name="workItemForm" value="ref:submitForm" />
			<Arg name="modelBasePath" value="identityModel" /> 
			<Arg name="workItemFormBasePath" value="identityModel" />
		</Approval>
		<Description>
			Present the request form to the launcher.
			This is simulated as an approval step with launcher himself being the
			approver.
		</Description>
		<Transition to="Build Confirm Form" />
	</Step>
	
	<Step name="Build Confirm Form" resultVariable="confirmForm">
		<Script>
			<Source>
				return buildConfirmFormRequest(workflow);
			</Source>
		</Script>
		<Transition to="Present Confirmation Form" />
	</Step>
	
	<Step name="Present Confirmation Form" posX="374" posY="358">
		<Approval owner="ref:launcher" return="identityModel"
			send="launcher,identityModel">
			<Arg name="workItemType" value="Form" />
			<Arg name="workItemDescription" value="Request Remote Access Confirmation Form" />
			<Arg name="workItemForm" value="ref:confirmForm" />
			<Arg name="modelBasePath" value="identityModel" /> 
			<Arg name="workItemFormBasePath" value="identityModel" />
		</Approval>
		<Description>
			Present the config form to the launcher.
			This is simulated as an approval step with launcher himself being the
			approver.
		</Description>
		<Transition to="Present Request Form" when="!approved" />
		<Transition to="Build Account Selector Form" />
	</Step>
	
	<Step name="Build Account Selector Form" resultVariable="accountSelForm">
		<Script>
			<Source>
				return buildAccountSelectorForm(workflow, identityModel);
			</Source>
		</Script>
		<Transition to="Present Account Selector Form" when="accountSelForm != null" />
		<Transition to="Launch Workflow Requests" />
	</Step>
	
	<Step name="Present Account Selector Form" posX="374" posY="358">
		<Approval owner="ref:launcher" return="identityModel"
			send="launcher,identityModel">
			<Arg name="workItemType" value="Form" />
			<Arg name="workItemDescription" value="Request Remote Access Account Selector Form" />
			<Arg name="workItemForm" value="ref:accountSelForm" />
			<Arg name="modelBasePath" value="identityModel" /> 
			<Arg name="workItemFormBasePath" value="identityModel" />
		</Approval>
		<Description>
			Present the config form to the launcher.
			This is simulated as an approval step with launcher himself being the
			approver.
		</Description>
		<Transition to="Launch Workflow Requests" />
	</Step>
	
	<Step name="Launch Workflow Requests">
		<Script>
			<Source>
				return launchWorkflowRequests(workflow, identityModel);
			</Source>
		</Script>
		<Transition to="end" />
	</Step>
	
	<Step icon="Stop" name="end" posX="2270" posY="126" />
</Workflow>