<?xml version='1.0' encoding='UTF-8'?>
<!DOCTYPE sailpoint PUBLIC "sailpoint.dtd" "sailpoint.dtd">
<sailpoint>
	<GroupDefinition indexed="true" name="Pop-Remoteaccess-Admins" private="true">
	  	<Description>Population of all Identities that can configure remote access feature</Description>
		<GroupFilter>
			<CompositeFilter operation="OR">
				<CompositeFilter operation="AND">
					<Filter operation="EQ" property="capabilities.name"
						ignoreCase="true" value="Capability-Remote-Access-Admin" />
				</CompositeFilter>
				<CompositeFilter operation="AND">
					<Filter operation="EQ" property="capabilities.name"
						ignoreCase="true" value="SystemAdministrator" />
				</CompositeFilter>
			</CompositeFilter>
		</GroupFilter>
		<Owner>
			<Reference class="sailpoint.object.Identity" name="spadmin" />
		</Owner>
	 </GroupDefinition>
	 <GroupDefinition indexed="true" name="Population-RemoteAccess-SecurityGroup">
	  <GroupFilter>
	    <Filter operation="EQ" property="workgroups.name" value="Remote Access Security Group"/>
	  </GroupFilter>
	  <Owner>
			<Reference class="sailpoint.object.Identity" name="spadmin" />
		</Owner>
	</GroupDefinition>
	<DynamicScope name="DynamicScope-RemoteAccess-Mgmt">
		<PopulationRequestAuthority allowAll="true" />
		<Selector>
			<IdentitySelector>
				<PopulationRef>
					<Reference class="sailpoint.object.GroupDefinition"
						name="Pop-Remoteaccess-Admins" />
				</PopulationRef>
			</IdentitySelector>
		</Selector>
	</DynamicScope>

	<DynamicScope
		name="DynamicScope-RemoteAccess-SecurityGroup">
		<PopulationRequestAuthority allowAll="true" />
		<Selector>
			<IdentitySelector>
				<PopulationRef>
					<Reference class="sailpoint.object.GroupDefinition"
						name="Population-RemoteAccess-SecurityGroup" />
				</PopulationRef>
			</IdentitySelector>
		</Selector>
	</DynamicScope>

	<QuickLink name="QuickLink-RemoteAccess-Configure"
		action="workflow" enabled="true"
		messageKey="Configure Remote Access" category="RemoteAccess">
		<Attributes>
			<Map>
				<entry key="workflowName"
					value="BGRA Configure Remote Access WF" />
				<entry key="workflowSuccess" value="" />
			</Map>
		</Attributes>
		<DynamicScopes>
			<Reference class="sailpoint.object.DynamicScope"
				name="DynamicScope-RemoteAccess-Mgmt" />
		</DynamicScopes>
	</QuickLink>
	
	<!-- TO REMOVE FOR SELF, COMMENT OUT THIS QUICK LINK -->
	
	<QuickLink name="QuickLink-RemoteAccess-Request-ForSelf"
		action="workflow" enabled="true"
		messageKey="Request Remote Access for Self" category="RemoteAccess">
		<Attributes>
			<Map>
				<entry key="workflowName"
					value="BGRA Request Remote Access For Self WF" />
				<entry key="workflowSuccess" value="" />
			</Map>
		</Attributes>
		
		<QuickLinkOptions allowSelf="true">
			<DynamicScopeRef>
				<Reference class="sailpoint.object.DynamicScope"
					name="Everyone" />
			</DynamicScopeRef>
		</QuickLinkOptions>
	</QuickLink>

	<QuickLink name="QuickLink-RemoteAccess-Request-ForOthers"
		action="workflow" enabled="true"
		messageKey="Request Remote Access for Others" category="RemoteAccess">
		<Attributes>
			<Map>
				<entry key="workflowName"
					value="BGRA Request Remote Access For Others WF" />
				<entry key="workflowSuccess" value="" />
			</Map>
		</Attributes>
		
		<QuickLinkOptions allowBulk="true">
			<DynamicScopeRef>
				<Reference class="sailpoint.object.DynamicScope"
					name="Population-RemoteAccess-SecurityGroup" />
			</DynamicScopeRef>
		</QuickLinkOptions>
		<QuickLinkOptions allowBulk="true">
			<DynamicScopeRef>
				<Reference class="sailpoint.object.DynamicScope"
					name="DynamicScope-RemoteAccess-Mgmt" />
			</DynamicScopeRef>
		</QuickLinkOptions>
		
		<!--  TO REMOVE MANAGER FOR DIRECT REPORTS, COMMENT OUT THIS QUICK LINK OPTIONS -->
		<QuickLinkOptions allowBulk="true">
			<DynamicScopeRef>
				<Reference class="sailpoint.object.DynamicScope"
					name="Manager" />
			</DynamicScopeRef>
		</QuickLinkOptions>
	</QuickLink>

	<QuickLink name="QuickLink-RemoteAccess-Request-ForBulk"
		action="workflow" enabled="true"
		messageKey="Request Remote Access in Bulk" category="RemoteAccess">
		<Attributes>
			<Map>
				<entry key="workflowName"
					value="BGRA Request Remote Access For Bulk WF" />
				<entry key="workflowSuccess" value="" />
			</Map>
		</Attributes>
		<QuickLinkOptions allowSelf="true">
			<DynamicScopeRef>
				<Reference class="sailpoint.object.DynamicScope"
					name="Population-RemoteAccess-SecurityGroup" />
			</DynamicScopeRef>
		</QuickLinkOptions>
		<QuickLinkOptions allowSelf="true">
			<DynamicScopeRef>
				<Reference class="sailpoint.object.DynamicScope"
					name="DynamicScope-RemoteAccess-Mgmt" />
			</DynamicScopeRef>
		</QuickLinkOptions>
	</QuickLink>
	 

</sailpoint>