<?xml version="1.0" encoding="UTF-8"?>
<!DOCTYPE Workflow PUBLIC "sailpoint.dtd" "sailpoint.dtd">
<Workflow explicitTransitions="true"
	name="BGRA Request Remote Access For Bulk WF">
	<Description>Wrapper for Request Remote Access Workflow For Self</Description>
	<Variable name="transient" initializer="true" >
		<Description>
			Set to false to cause workflow-related objects, such as
			approval
			work items, to be saved in the database even if they are only
			viewed by the person registering.
		</Description>
	</Variable>
	<Variable name="trace" initializer="false" >
		<Description>
			Set to true to enable trace of all workflow steps.
		</Description>
	</Variable>
	<Variable name="requestScope" 				initializer="ForBulk"/>
	<Variable name="identityname" 				initializer="ref:launcher" />
	<Variable name="identities"		/>
	
	<Step icon="Start" name="start" posX="114" posY="126">
		<Transition to="Get Identities" />
	</Step>

	<Step name="Get Identities" resultVariable="identities">
		<Script>
			<Source>
				import java.util.List;
				List identities = new ArrayList();
				
				
				return identities;
			</Source>
		</Script>
		<Transition to="Call Request Workflow" />
	</Step>
	
	<Step icon="Task" name="Call Request Workflow">  
	    <Description>
	    	Call the main request workflow
	    </Description>
	    <Arg name="identities" 			value="ref:identities"/>
	    <Arg name="requestScope" 		value="ref:requestScope"/>
	    <Arg name="trace" 				value="ref:trace"/>
	    <Arg name="transient" 			value="ref:transient"/>
	    <Arg name="launcher" 			value="ref:launcher"/>
	    <!-- 
	    <Return name="project" to="project"/>
	    -->
	    <WorkflowRef>
	      <Reference class="sailpoint.object.Workflow" name="BGRA Request Remote Access WF"/>
	    </WorkflowRef>
	    <Transition to="end"/>
	</Step>
	
	<Step icon="Stop" name="end" posX="2270" posY="126" />
</Workflow>