<?xml version='1.0' encoding='UTF-8'?>
<!DOCTYPE Form PUBLIC "sailpoint.dtd" "sailpoint.dtd">
<Form name="BGRA Request Remote Access Account Select Form" type="Workflow">
	<Attributes>
		<Map>
			<entry key="labelAlign" value="top" />
			<entry key="title" value="Select Accounts" />
			<entry key="subtitle" value="The following identities have more than one account on the target application(s).  Select the correct account for each identity and Submit. " />
		</Map>
	</Attributes>
	<Button action="next" label="Submit" />
	<Button action="cancel" label="Return Later" skipValidation="true" />
	
</Form>