<?xml version='1.0' encoding='UTF-8'?>
<!DOCTYPE Identity PUBLIC "sailpoint.dtd" "sailpoint.dtd">
<Identity name="Remote Access Security Group" workgroup="true">
  <Attributes>
    <Map>
      <entry key="displayName" value="Remote Access Security Group"/>
      <entry key="email" value="remote_access@sailpoint.com"/>
    </Map>
  </Attributes>
  <Preferences>
    <Map>
      <entry key="workgroupNotificationOption">
        <value>
          <WorkgroupNotifationOption>Both</WorkgroupNotifationOption>
        </value>
      </entry>
    </Map>
  </Preferences>
</Identity>