<?xml version='1.0' encoding='UTF-8'?>
<!DOCTYPE Form PUBLIC "sailpoint.dtd" "sailpoint.dtd">
<Form name="BGRA Configure Remote Access Form" type="Workflow">
	<Attributes>
		<Map>
			<entry key="labelAlign" value="top" />
			<entry key="title" value="Configure Remote Access" />
			<entry key="subtitle" value="Select access to be granted and other options such as sunset and approval workgroup" />
		</Map>
	</Attributes>
	<Button action="next" label="Next" />
	<Button action="cancel" label="Cancel" skipValidation="true" />
	<Section columns="2" label="Select Access" name="RemoteAccessSelector">
		<Attributes>
	      <Map>
	        <entry key="subtitle" value="Select the entitlements from up to 5 different applications that are used to grant remote access"/>
	      </Map>
	    </Attributes>
	    <Field name="appCount" displayName="Application Count"
	    	columnSpan="2" postBack="true" required="true"
	    	helpKey="Select the number of different applications comprising the remote access" defaultValue="1">
	    	<AllowedValues>
	    		<String>1</String>
	    		<String>2</String>
	    		<String>3</String>
	    		<String>4</String>
	    		<String>5</String>
	    	</AllowedValues>
	    </Field>
	    
	    <!-- *********************************************************************************************
		 APP 1 
		 *********************************************************************************************-->
	    
	    <Field name="application1" displayName="Application"
			helpKey="Select application containing remote access"
			type="sailpoint.object.Application" postBack="true" required="true">
			<Attributes>
				<Map>
					<entry key="hidden">
						<value>
							<Script>
								<Source>
								<![CDATA[	
									import org.apache.commons.logging.Log;
									import org.apache.commons.logging.LogFactory;	
									
									Log logger = LogFactory.getLog("sailpoint.pslabs.plugin.remote.access");
									logger.trace("Enter application hidden script");
									
									boolean isHidden = true;
									
									int aCount = 1;
									
									if (appCount != null && appCount != void){
										aCount = Integer.parseInt(appCount);
									}
									
									isHidden = (aCount < 1) ? true : false;
									
									logger.trace("Exit application hidden script: " + isHidden);
									return isHidden;
								]]>
								</Source>
							</Script>
						</value>
					</entry>
				</Map>
			</Attributes> 	
		</Field>
		
		<Field displayName="Create missing accounts for access?" 
			helpKey="If checked, new accounts will be created if a provisioning policy exists on the given application.  If not checked, access will only be provisioned if an account already exists." 
			name="doCreate1" type="boolean">
			<Attributes>
				<Map>
					<entry key="hidden">
						<value>
							<Script>
								<Source>
								<![CDATA[	
									import org.apache.commons.logging.Log;
									import org.apache.commons.logging.LogFactory;	
									
									Log logger = LogFactory.getLog("sailpoint.pslabs.plugin.remote.access");
									logger.trace("Enter doCreate hidden script");
									
									boolean isHidden = true;
									
									int aCount = 1;
									
									if (appCount != null && appCount != void){
										aCount = Integer.parseInt(appCount);
									}
									
									isHidden = (aCount < 1) ? true : false;
									
									logger.trace("Exit doCreate hidden script: " + isHidden);
									return isHidden;
								]]>
								</Source>
							</Script>
						</value>
					</entry>
				</Map>
			</Attributes> 	
		</Field>
		
		<Field name="attribute1" displayName="Attribute"
			helpKey="Select the correct entitlement attribute"
			postBack="true" required="true">
		 	<Attributes>
				<Map>
					<entry key="hidden">
						<value>
							<Script>
								<Source>
								<![CDATA[
									import sailpoint.object.Application;
									import java.util.List;
									import sailpoint.object.Field;
									import org.apache.commons.logging.Log;
									import org.apache.commons.logging.LogFactory;	
									
									Log logger = LogFactory.getLog("sailpoint.pslabs.plugin.remote.access");
									logger.trace("Enter access attr 1 hidden script");
									int aCount = 1;
									
									if (appCount != null && appCount != void){
										aCount = Integer.parseInt(appCount);
									}
									
									boolean isHidden = (application1 == null || aCount < 1) ? true : false;
									
									logger.trace("Have app1: " + application1);
									if (application1 != null && application1 != void){
										Application app = context.getObject(Application.class, application1);
										List ents = app.getEntitlementAttributeNames();
										
										logger.trace("Have ents: " + ents);
										if (ents != null && !ents.isEmpty()){
											field.setAllowedValues(ents);
											
											if (ents.size() == 1){
												field.setValue(ents.get(0));
											}
										}
									}
									
									logger.trace("Exit access attr 1 hidden script: " + isHidden);
									return isHidden;
								]]>
								</Source>
							</Script>
						</value>
					</entry>
				</Map>
			</Attributes> 
		</Field>
		<Field name="entitlements1" displayName="Entitlements"
			helpKey="Select entitlements granting remote access"
			type="ManagedAttribute" dynamic="true"
			multi="true" required="true" postBack="true">
			<Attributes>
				<Map>
					<entry key="hidden">
						<value>
							<Script>
								<Source>
								<![CDATA[
									import sailpoint.object.Filter;
									import java.util.List;
								   	import org.apache.commons.logging.Log;
									import org.apache.commons.logging.LogFactory;	
									
									Log logger = LogFactory.getLog("sailpoint.pslabs.plugin.remote.access");
									logger.trace("Enter entitlement1 hidden script");
									int aCount = 1;
									
									if (appCount != null && appCount != void){
										aCount = Integer.parseInt(appCount);
									}
									
									boolean isHidden = (aCount < 1 || application1 == null || application1 == void || attribute1 == null || attribute1 == void) ? true : false;
									
									logger.trace("Have application1: " +application1);
									logger.trace("Have attribute1: " +attribute1);
								    if(application1 != null && application1 != void && attribute1 != null && attribute1 != void){
								    	logger.trace("Build filter");
								    	List ors = new ArrayList();
								    	ors.add(Filter.eq("application.id",application1));
								    	ors.add(Filter.eq("application.name",application1));
								    	
								    	List ands = new ArrayList();
								    	ands.add(Filter.or(ors));
								    	ands.add(Filter.eq("attribute", attribute1));
								    	
								       	Filter filter =  Filter.and(ands);
								       
								       	logger.trace("Setting filter string: " + filter.toString());
								       	field.setFilterString(filter.toString());
								    }
									
									logger.trace("Exit entitlement1 hidden script: " + isHidden);
									return isHidden;
								]]>
								</Source>
							</Script>
						</value>
					</entry>
				</Map>
			</Attributes> 
		</Field>
		
		<!-- *********************************************************************************************
		 APP 2 
		 *********************************************************************************************-->
		
	    <Field name="application2" displayName="Application"
			helpKey="Select application containing remote access"
			type="sailpoint.object.Application" postBack="true" required="true">
			<Attributes>
				<Map>
					<entry key="hidden">
						<value>
							<Script>
								<Source>
								<![CDATA[	
									import org.apache.commons.logging.Log;
									import org.apache.commons.logging.LogFactory;	
									
									Log logger = LogFactory.getLog("sailpoint.pslabs.plugin.remote.access");
									logger.trace("Enter application hidden script");
									
									boolean isHidden = true;
									
									int aCount = 1;
									
									if (appCount != null && appCount != void){
										aCount = Integer.parseInt(appCount);
									}
									
									isHidden = (aCount < 2) ? true : false;
									
									logger.trace("Exit application hidden script: " + isHidden);
									return isHidden;
								]]>
								</Source>
							</Script>
						</value>
					</entry>
				</Map>
			</Attributes> 	
		</Field>
		
		<Field displayName="Create missing accounts for access?" 
			helpKey="If checked, new accounts will be created if a provisioning policy exists on the given application.  If not checked, access will only be provisioned if an account already exists.  " 
			name="doCreate2" type="boolean">
			<Attributes>
				<Map>
					<entry key="hidden">
						<value>
							<Script>
								<Source>
								<![CDATA[	
									import org.apache.commons.logging.Log;
									import org.apache.commons.logging.LogFactory;	
									
									Log logger = LogFactory.getLog("sailpoint.pslabs.plugin.remote.access");
									logger.trace("Enter doCreate hidden script");
									
									boolean isHidden = true;
									
									int aCount = 1;
									
									if (appCount != null && appCount != void){
										aCount = Integer.parseInt(appCount);
									}
									
									isHidden = (aCount < 2) ? true : false;
									
									logger.trace("Exit doCreate hidden script: " + isHidden);
									return isHidden;
								]]>
								</Source>
							</Script>
						</value>
					</entry>
				</Map>
			</Attributes> 	
		</Field>
		
		<Field name="attribute2" displayName="Attribute"
			helpKey="Select the correct entitlement attribute"
			postBack="true" required="true">
		 	<Attributes>
				<Map>
					<entry key="hidden">
						<value>
							<Script>
								<Source>
								<![CDATA[
									import sailpoint.object.Application;
									import java.util.List;
									import sailpoint.object.Field;
									import org.apache.commons.logging.Log;
									import org.apache.commons.logging.LogFactory;	
									
									Log logger = LogFactory.getLog("sailpoint.pslabs.plugin.remote.access");
									logger.trace("Enter access attr 2 hidden script");
									int aCount = 1;
									
									if (appCount != null && appCount != void){
										aCount = Integer.parseInt(appCount);
									}
									
									boolean isHidden = (application2 == null || aCount < 2) ? true : false;
									
									logger.trace("Have app1: " + application2);
									if (application2 != null && application2 != void){
										Application app = context.getObject(Application.class, application2);
										List ents = app.getEntitlementAttributeNames();
										
										logger.trace("Have ents: " + ents);
										if (ents != null && !ents.isEmpty()){
											field.setAllowedValues(ents);
											
											if (ents.size() == 1){
												field.setValue(ents.get(0));
											}
										}
									}
									
									logger.trace("Exit access attr 2 hidden script: " + isHidden);
									return isHidden;
								]]>
								</Source>
							</Script>
						</value>
					</entry>
				</Map>
			</Attributes> 
		</Field>
		<Field name="entitlements2" displayName="Entitlements"
			helpKey="Select entitlements granting remote access"
			type="ManagedAttribute" dynamic="true"
			multi="true" required="true" postBack="true">
			<Attributes>
				<Map>
					<entry key="hidden">
						<value>
							<Script>
								<Source>
								<![CDATA[
									import sailpoint.object.Filter;
									import java.util.List;
								   	import org.apache.commons.logging.Log;
									import org.apache.commons.logging.LogFactory;	
									
									Log logger = LogFactory.getLog("sailpoint.pslabs.plugin.remote.access");
									logger.trace("Enter entitlement1 hidden script");
									int aCount = 1;
									
									if (appCount != null && appCount != void){
										aCount = Integer.parseInt(appCount);
									}
									
									boolean isHidden = (aCount < 2 || application2 == null || application2 == void || attribute2 == null || attribute2 == void) ? true : false;
									
									logger.trace("Have application2: " +application1);
									logger.trace("Have attribute2: " +attribute1);
								    if(application2 != null && application2 != void && attribute2 != null && attribute2 != void){
								    	logger.trace("Build filter");
								    	List ors = new ArrayList();
								    	ors.add(Filter.eq("application.id",application2));
								    	ors.add(Filter.eq("application.name",application2));
								    	
								    	List ands = new ArrayList();
								    	ands.add(Filter.or(ors));
								    	ands.add(Filter.eq("attribute", attribute2));
								    	
								       	Filter filter =  Filter.and(ands);
								       
								       	logger.trace("Setting filter string: " + filter.toString());
								       	field.setFilterString(filter.toString());
								    }
									
									logger.trace("Exit entitlement1 hidden script: " + isHidden);
									return isHidden;
								]]>
								</Source>
							</Script>
						</value>
					</entry>
				</Map>
			</Attributes> 
		</Field>
		
		<!-- *********************************************************************************************
		 APP 3 
		 *********************************************************************************************-->
		 
	    <Field name="application3" displayName="Application"
			helpKey="Select application containing remote access"
			type="sailpoint.object.Application" postBack="true" required="true">
			<Attributes>
				<Map>
					<entry key="hidden">
						<value>
							<Script>
								<Source>
								<![CDATA[	
									import org.apache.commons.logging.Log;
									import org.apache.commons.logging.LogFactory;	
									
									Log logger = LogFactory.getLog("sailpoint.pslabs.plugin.remote.access");
									logger.trace("Enter application hidden script");
									
									boolean isHidden = true;
									
									int aCount = 1;
									
									if (appCount != null && appCount != void){
										aCount = Integer.parseInt(appCount);
									}
									
									isHidden = (aCount < 3) ? true : false;
									
									logger.trace("Exit application hidden script: " + isHidden);
									return isHidden;
								]]>
								</Source>
							</Script>
						</value>
					</entry>
				</Map>
			</Attributes> 	
		</Field>
		
		<Field displayName="Create missing accounts for access?" 
			helpKey="If checked, new accounts will be created if a provisioning policy exists on the given application.  If not checked, access will only be provisioned if an account already exists.  " 
			name="doCreate3" type="boolean">
			<Attributes>
				<Map>
					<entry key="hidden">
						<value>
							<Script>
								<Source>
								<![CDATA[	
									import org.apache.commons.logging.Log;
									import org.apache.commons.logging.LogFactory;	
									
									Log logger = LogFactory.getLog("sailpoint.pslabs.plugin.remote.access");
									logger.trace("Enter doCreate hidden script");
									
									boolean isHidden = true;
									
									int aCount = 1;
									
									if (appCount != null && appCount != void){
										aCount = Integer.parseInt(appCount);
									}
									
									isHidden = (aCount < 3) ? true : false;
									
									logger.trace("Exit doCreate hidden script: " + isHidden);
									return isHidden;
								]]>
								</Source>
							</Script>
						</value>
					</entry>
				</Map>
			</Attributes> 	
		</Field>
		
		<Field name="attribute3" displayName="Attribute"
			helpKey="Select the correct entitlement attribute"
			postBack="true" required="true">
		 	<Attributes>
				<Map>
					<entry key="hidden">
						<value>
							<Script>
								<Source>
								<![CDATA[
									import sailpoint.object.Application;
									import java.util.List;
									import sailpoint.object.Field;
									import org.apache.commons.logging.Log;
									import org.apache.commons.logging.LogFactory;	
									
									Log logger = LogFactory.getLog("sailpoint.pslabs.plugin.remote.access");
									logger.trace("Enter access attr 3 hidden script");
									int aCount = 1;
									
									if (appCount != null && appCount != void){
										aCount = Integer.parseInt(appCount);
									}
									
									boolean isHidden = (application3 == null || aCount < 3) ? true : false;
									
									logger.trace("Have app3: " + application3);
									if (application3 != null && application3 != void){
										Application app = context.getObject(Application.class, application3);
										List ents = app.getEntitlementAttributeNames();
										
										logger.trace("Have ents: " + ents);
										if (ents != null && !ents.isEmpty()){
											field.setAllowedValues(ents);
											
											if (ents.size() == 1){
												field.setValue(ents.get(0));
											}
										}
									}
									
									logger.trace("Exit access attr 3 hidden script: " + isHidden);
									return isHidden;
								]]>
								</Source>
							</Script>
						</value>
					</entry>
				</Map>
			</Attributes> 
		</Field>
		<Field name="entitlements3" displayName="Entitlements"
			helpKey="Select entitlements granting remote access"
			type="ManagedAttribute" dynamic="true"
			multi="true" required="true" postBack="true">
			<Attributes>
				<Map>
					<entry key="hidden">
						<value>
							<Script>
								<Source>
								<![CDATA[
									import sailpoint.object.Filter;
									import java.util.List;
								   	import org.apache.commons.logging.Log;
									import org.apache.commons.logging.LogFactory;	
									
									Log logger = LogFactory.getLog("sailpoint.pslabs.plugin.remote.access");
									logger.trace("Enter entitlement3 hidden script");
									int aCount = 1;
									
									if (appCount != null && appCount != void){
										aCount = Integer.parseInt(appCount);
									}
									
									boolean isHidden = (aCount < 3 || application3 == null || application3 == void || attribute3 == null || attribute3 == void) ? true : false;
									
									logger.trace("Have application1: " +application3);
									logger.trace("Have attribute1: " +attribute3);
								    if(application3 != null && application3 != void && attribute3 != null && attribute3 != void){
								    	logger.trace("Build filter");
								    	List ors = new ArrayList();
								    	ors.add(Filter.eq("application.id",application3));
								    	ors.add(Filter.eq("application.name",application3));
								    	
								    	List ands = new ArrayList();
								    	ands.add(Filter.or(ors));
								    	ands.add(Filter.eq("attribute", attribute3));
								    	
								       	Filter filter =  Filter.and(ands);
								       
								       	logger.trace("Setting filter string: " + filter.toString());
								       	field.setFilterString(filter.toString());
								    }
									
									logger.trace("Exit entitlement3 hidden script: " + isHidden);
									return isHidden;
								]]>
								</Source>
							</Script>
						</value>
					</entry>
				</Map>
			</Attributes> 
		</Field>
		
		<!-- *********************************************************************************************
		 APP 4
		 *********************************************************************************************-->
		
	    <Field name="application4" displayName="Application"
			helpKey="Select application containing remote access"
			type="sailpoint.object.Application" postBack="true" required="true">
			<Attributes>
				<Map>
					<entry key="hidden">
						<value>
							<Script>
								<Source>
								<![CDATA[	
									import org.apache.commons.logging.Log;
									import org.apache.commons.logging.LogFactory;	
									
									Log logger = LogFactory.getLog("sailpoint.pslabs.plugin.remote.access");
									logger.trace("Enter application hidden script");
									
									boolean isHidden = true;
									
									int aCount = 1;
									
									if (appCount != null && appCount != void){
										aCount = Integer.parseInt(appCount);
									}
									
									isHidden = (aCount < 4) ? true : false;
									
									logger.trace("Exit application hidden script: " + isHidden);
									return isHidden;
								]]>
								</Source>
							</Script>
						</value>
					</entry>
				</Map>
			</Attributes> 	
		</Field>
		
		<Field displayName="Create missing accounts for access?" 
			helpKey="If checked, new accounts will be created if a provisioning policy exists on the given application.  If not checked, access will only be provisioned if an account already exists.  " 
			name="doCreate4" type="boolean">
			<Attributes>
				<Map>
					<entry key="hidden">
						<value>
							<Script>
								<Source>
								<![CDATA[	
									import org.apache.commons.logging.Log;
									import org.apache.commons.logging.LogFactory;	
									
									Log logger = LogFactory.getLog("sailpoint.pslabs.plugin.remote.access");
									logger.trace("Enter doCreate hidden script");
									
									boolean isHidden = true;
									
									int aCount = 1;
									
									if (appCount != null && appCount != void){
										aCount = Integer.parseInt(appCount);
									}
									
									isHidden = (aCount < 4) ? true : false;
									
									logger.trace("Exit doCreate hidden script: " + isHidden);
									return isHidden;
								]]>
								</Source>
							</Script>
						</value>
					</entry>
				</Map>
			</Attributes> 	
		</Field>
		
		<Field name="attribute4" displayName="Attribute"
			helpKey="Select the correct entitlement attribute"
			postBack="true" required="true">
		 	<Attributes>
				<Map>
					<entry key="hidden">
						<value>
							<Script>
								<Source>
								<![CDATA[
									import sailpoint.object.Application;
									import java.util.List;
									import sailpoint.object.Field;
									import org.apache.commons.logging.Log;
									import org.apache.commons.logging.LogFactory;	
									
									Log logger = LogFactory.getLog("sailpoint.pslabs.plugin.remote.access");
									logger.trace("Enter access attr 4 hidden script");
									int aCount = 1;
									
									if (appCount != null && appCount != void){
										aCount = Integer.parseInt(appCount);
									}
									
									boolean isHidden = (application4 == null || aCount < 4) ? true : false;
									
									logger.trace("Have app4: " + application4);
									if (application4 != null && application4 != void){
										Application app = context.getObject(Application.class, application4);
										List ents = app.getEntitlementAttributeNames();
										
										logger.trace("Have ents: " + ents);
										if (ents != null && !ents.isEmpty()){
											field.setAllowedValues(ents);
											
											if (ents.size() == 1){
												field.setValue(ents.get(0));
											}
										}
									}
									
									logger.trace("Exit access attr 4 hidden script: " + isHidden);
									return isHidden;
								]]>
								</Source>
							</Script>
						</value>
					</entry>
				</Map>
			</Attributes> 
		</Field>
		<Field name="entitlements4" displayName="Entitlements"
			helpKey="Select entitlements granting remote access"
			type="ManagedAttribute" dynamic="true"
			multi="true" required="true" postBack="true">
			<Attributes>
				<Map>
					<entry key="hidden">
						<value>
							<Script>
								<Source>
								<![CDATA[
									import sailpoint.object.Filter;
									import java.util.List;
								   	import org.apache.commons.logging.Log;
									import org.apache.commons.logging.LogFactory;	
									
									Log logger = LogFactory.getLog("sailpoint.pslabs.plugin.remote.access");
									logger.trace("Enter entitlement4 hidden script");
									int aCount = 1;
									
									if (appCount != null && appCount != void){
										aCount = Integer.parseInt(appCount);
									}
									
									boolean isHidden = (aCount < 4 || application4 == null || application4 == void || attribute4 == null || attribute4 == void) ? true : false;
									
									logger.trace("Have application1: " +application4);
									logger.trace("Have attribute1: " +attribute4);
								    if(application4 != null && application4 != void && attribute4 != null && attribute4 != void){
								    	logger.trace("Build filter");
								    	List ors = new ArrayList();
								    	ors.add(Filter.eq("application.id",application4));
								    	ors.add(Filter.eq("application.name",application4));
								    	
								    	List ands = new ArrayList();
								    	ands.add(Filter.or(ors));
								    	ands.add(Filter.eq("attribute", attribute4));
								    	
								       	Filter filter =  Filter.and(ands);
								       
								       	logger.trace("Setting filter string: " + filter.toString());
								       	field.setFilterString(filter.toString());
								    }
									
									logger.trace("Exit entitlement4 hidden script: " + isHidden);
									return isHidden;
								]]>
								</Source>
							</Script>
						</value>
					</entry>
				</Map>
			</Attributes> 
		</Field>
		
		<!-- *********************************************************************************************
		 APP 5 
		 *********************************************************************************************-->
		 
	    <Field name="application5" displayName="Application"
			helpKey="Select application containing remote access"
			type="sailpoint.object.Application" postBack="true" required="true">
			<Attributes>
				<Map>
					<entry key="hidden">
						<value>
							<Script>
								<Source>
								<![CDATA[	
									import org.apache.commons.logging.Log;
									import org.apache.commons.logging.LogFactory;	
									
									Log logger = LogFactory.getLog("sailpoint.pslabs.plugin.remote.access");
									logger.trace("Enter application hidden script");
									
									boolean isHidden = true;
									
									int aCount = 1;
									
									if (appCount != null && appCount != void){
										aCount = Integer.parseInt(appCount);
									}
									
									isHidden = (aCount < 5) ? true : false;
									
									logger.trace("Exit application hidden script: " + isHidden);
									return isHidden;
								]]>
								</Source>
							</Script>
						</value>
					</entry>
				</Map>
			</Attributes> 	
		</Field>
		
		<Field displayName="Create missing accounts for access?" 
			helpKey="If checked, new accounts will be created if a provisioning policy exists on the given application.  If not checked, access will only be provisioned if an account already exists.  " 
			name="doCreate5" type="boolean">
			<Attributes>
				<Map>
					<entry key="hidden">
						<value>
							<Script>
								<Source>
								<![CDATA[	
									import org.apache.commons.logging.Log;
									import org.apache.commons.logging.LogFactory;	
									
									Log logger = LogFactory.getLog("sailpoint.pslabs.plugin.remote.access");
									logger.trace("Enter doCreate hidden script");
									
									boolean isHidden = true;
									
									int aCount = 1;
									
									if (appCount != null && appCount != void){
										aCount = Integer.parseInt(appCount);
									}
									
									isHidden = (aCount < 5) ? true : false;
									
									logger.trace("Exit doCreate hidden script: " + isHidden);
									return isHidden;
								]]>
								</Source>
							</Script>
						</value>
					</entry>
				</Map>
			</Attributes> 	
		</Field>
		
		<Field name="attribute5" displayName="Attribute"
			helpKey="Select the correct entitlement attribute"
			postBack="true" required="true">
		 	<Attributes>
				<Map>
					<entry key="hidden">
						<value>
							<Script>
								<Source>
								<![CDATA[
									import sailpoint.object.Application;
									import java.util.List;
									import sailpoint.object.Field;
									import org.apache.commons.logging.Log;
									import org.apache.commons.logging.LogFactory;	
									
									Log logger = LogFactory.getLog("sailpoint.pslabs.plugin.remote.access");
									logger.trace("Enter access attr 5 hidden script");
									int aCount = 1;
									
									if (appCount != null && appCount != void){
										aCount = Integer.parseInt(appCount);
									}
									
									boolean isHidden = (application5 == null || aCount < 1) ? true : false;
									
									logger.trace("Have app1: " + application5);
									if (application5 != null && application5 != void){
										Application app = context.getObject(Application.class, application5);
										List ents = app.getEntitlementAttributeNames();
										
										logger.trace("Have ents: " + ents);
										if (ents != null && !ents.isEmpty()){
											field.setAllowedValues(ents);
											
											if (ents.size() == 1){
												field.setValue(ents.get(0));
											}
										}
									}
									
									logger.trace("Exit access attr 5 hidden script: " + isHidden);
									return isHidden;
								]]>
								</Source>
							</Script>
						</value>
					</entry>
				</Map>
			</Attributes> 
		</Field>
		<Field name="entitlements5" displayName="Entitlements"
			helpKey="Select entitlements granting remote access"
			type="ManagedAttribute" dynamic="true"
			multi="true" required="true" postBack="true">
			<Attributes>
				<Map>
					<entry key="hidden">
						<value>
							<Script>
								<Source>
								<![CDATA[
									import sailpoint.object.Filter;
									import java.util.List;
								   	import org.apache.commons.logging.Log;
									import org.apache.commons.logging.LogFactory;	
									
									Log logger = LogFactory.getLog("sailpoint.pslabs.plugin.remote.access");
									logger.trace("Enter entitlement1 hidden script");
									int aCount = 1;
									
									if (appCount != null && appCount != void){
										aCount = Integer.parseInt(appCount);
									}
									
									boolean isHidden = (aCount < 5 || application5 == null || application5 == void || attribute5 == null || attribute5 == void) ? true : false;
									
									logger.trace("Have application5: " +application5);
									logger.trace("Have attribute5: " +attribute5);
								    if(application5 != null && application5 != void && attribute5 != null && attribute5 != void){
								    	logger.trace("Build filter");
								    	List ors = new ArrayList();
								    	ors.add(Filter.eq("application.id",application5));
								    	ors.add(Filter.eq("application.name",application5));
								    	
								    	List ands = new ArrayList();
								    	ands.add(Filter.or(ors));
								    	ands.add(Filter.eq("attribute", attribute5));
								    	
								       	Filter filter =  Filter.and(ands);
								       
								       	logger.trace("Setting filter string: " + filter.toString());
								       	field.setFilterString(filter.toString());
								    }
									
									logger.trace("Exit entitlement5 hidden script: " + isHidden);
									return isHidden;
								]]>
								</Source>
							</Script>
						</value>
					</entry>
				</Map>
			</Attributes> 
		</Field>
		
		
	</Section>
	<Section  label="Behavior" name="RemoteAccessBehavior">
		<Attributes>
	      <Map>
	        <entry key="subtitle" value="Configure request capabilities, approvals, and sunrise/sunset requirements"/>
	      </Map>
	    </Attributes>
	    <Field displayName="Required Approvals" 
			helpKey="Select the correct approval flow" 
			name="requiredApprovals" required="true">
			<AllowedValues>
				<String>None</String>
				<String>Manager</String>
				<String>Security Workgroup</String>
				<String>Manager and Security Workgroup</String>
			</AllowedValues>
		</Field>
		
		<Field displayName="Security Workgroup Name" 
			helpKey="Enter the new workgroup name" 
			name="workgroupName" required="true" readOnly="true" defaultValue="Remote Access Security Group">
		</Field>
		
		<Field displayName="Workgroup Members" 
			helpKey="Select the members of the new workgroup" multi="true"
			name="workgroupMembers" required="true" type="Identity" filterString="workgroup == false">
		</Field>
		
		
		<Field displayName="Group email" 
			helpKey="Enter the group email"
			name="workgroupEmail" required="true" >
		</Field>
		
		<Field displayName="Notification Style" 
			helpKey="Determine where to send notifications for approval work items"
			name="workgroupNotificationStyle" required="true" >
			<AllowedValues>
				<String>Notify members and group email</String>
				<String>Notify group email only</String>
				<String>Notify members only</String>
				<String>Disable notifications</String>
			</AllowedValues>
		</Field>
		
		<Field displayName="Sunrise Mode" 
			helpKey="Select when access will be provisioned:  immediately, upon the default sunset date (below), or upon a date selected by the requester" 
			name="sunriseSelectionMode" required="true" postBack="true">
			<AllowedValues>
				<String>Provision Immediately Once Request Approved</String>
				<String>Provision Upon Default Sunrise Date</String>
				<String>Provision Upon Requester Selected Date</String>
			</AllowedValues>
		</Field>
		
		<Field displayName="Default Sunrise Date"
			helpKey="Enter a default date access will be enabled"
			type="date" name="defSunriseDate" required="true" >
			<Attributes>
				<Map>
					<entry key="hidden">
						<value>
							<Script>
								<Source>
									return (!"Provision Upon Default Sunrise Date".equalsIgnoreCase(sunriseSelectionMode)) ? true : false;
								</Source>
							</Script>
						</value>
					</entry>
				</Map>
			</Attributes>
		</Field>
		<Field displayName="Sunset Mode" 
			helpKey="Select when access will be removed:  based on a default number of days, based on a default date, based on a date selected by the requester" 
			name="sunsetSelectionMode" required="true" postBack="true">
			<AllowedValues>
				<String>Remove Access Based on Default Number of Days</String>
				<String>Remove Access Based on Default Date</String>
				<String>Remove Access Based on Requester Selected Date</String>
			</AllowedValues>
		</Field>
		<Field displayName="Sunset Max Days" 
			helpKey="Enter the max number of days the access will be available" 
			name="sunsetMaxDays" required="true" >
			<Attributes>
				<Map>
					<entry key="hidden">
						<value>
							<Script>
								<Source>
									return (!"Remove Access Based on Default Number of Days".equalsIgnoreCase(sunsetSelectionMode)) ? true : false;
								</Source>
							</Script>
						</value>
					</entry>
				</Map>
			</Attributes>
		</Field>
		<Field displayName="Default Sunset Date"
			helpKey="Enter a default date access be removed"
			type="date" name="defSunsetDate" required="true">
			<Attributes>
				<Map>
					<entry key="hidden">
						<value>
							<Script>
								<Source>
									return (!"Remove Access Based on Default Date".equalsIgnoreCase(sunsetSelectionMode)) ? true : false;
								</Source>
							</Script>
						</value>
					</entry>
				</Map>
			</Attributes>
		</Field>
	 </Section>
	 <Section label="Additional Details" name="AdditionalDetails">
	 	<Field displayName="Request For Self Message" 
			helpKey="Enter any details that should be communicated to users when requesting for self" 
			name="ForSelfMessage" displayType="textarea" >
			<Attributes>
		        <Map>
		            <entry key="width" value="500"/>
		            <entry key="rows" value="100"/>
		        </Map>
		      </Attributes>
		</Field>
		<Field displayName="Request For Others Message" 
			helpKey="Enter any details that should be communicated to users when requesting for others" 
			name="ForOthersMessage" displayType="textarea" >
			<Attributes>
		        <Map>
		            <entry key="width" value="500"/>
		            <entry key="rows" value="100"/>
		        </Map>
		      </Attributes>
		</Field>
		<Field displayName="Request For Bulk Message" 
			helpKey="Enter any details that should be communicated to users when requesting in bulk" 
			name="ForBulkMessage" displayType="textarea" >
			<Attributes>
		        <Map>
		            <entry key="width" value="500"/>
		            <entry key="rows" value="100"/>
		        </Map>
		      </Attributes>
		</Field>
	 </Section>
</Form>