<?xml version="1.0" encoding="UTF-8" standalone="no"?>
<!DOCTYPE Plugin PUBLIC "sailpoint.dtd" "sailpoint.dtd">
<Plugin displayName="Business Application Request" minSystemVersion="7.3" name="iiqpluginapplicationrequest"
        version="2.2.5">
    <Attributes>
        <Map>
            <entry key="minUpgradableVersion" value="2.2.6"/>
            <entry key="fullPage">
                <value>
                    <FullPage title="Application Access Request"/>
                </value>
            </entry>
            <entry key="restResources">
                <value>
                    <List>
                        <String>com.sailpoint.pse.plugin.tiles.ApplicationRequestResource</String>
                    </List>
                </value>
            </entry>
            <entry key="snippets">
                <value>
                    <List>
                        <Snippet regexPattern=".*home.jsf">
                            <Scripts>
                                <String>ui/js/snippets/AppRequestPluginWidgetModule.js</String>
                            </Scripts>
                        </Snippet>
                    </List>
                </value>
            </entry>
        </Map>
    </Attributes>
</Plugin>