<?xml version='1.0' encoding='UTF-8'?>
<!DOCTYPE sailpoint PUBLIC "sailpoint.dtd" "sailpoint.dtd">
<sailpoint>
    <SPRight displayName="PushPlugin - Full Access All Operations" name="PushPlugin-FullAccessAllOperations">
        <Description>Allow all operations</Description>
    </SPRight>
    <SPRight displayName="PushPlugin - Operation Delete" name="PushPlugin-OperationDelete">
        <Description>Allow delete operation</Description>
    </SPRight>
    <SPRight displayName="PushPlugin - Push Operations" name="PushPlugin-OperationPush">
        <Description>Allow push/aggregate operation</Description>
    </SPRight>
    <SPRight displayName="PushPlugin - Read All Operations" name="PushPlugin-OperationReadAll">
        <Description>Allow read all operation</Description>
    </SPRight>
    <SPRight displayName="PushPlugin - Read Single Operations" name="PushPlugin-OperationReadSingle">
        <Description>Allow read single operation</Description>
    </SPRight>

    <Capability displayName="PushPlugin - Full Access" name="PushPlugin-FullAccess">
        <Description>Allow full default access</Description>
        <RightRefs>
            <Reference class="sailpoint.object.SPRight" name="PushPlugin-FullAccessAllOperations"/>
            <Reference class="sailpoint.object.SPRight" name="PushPlugin-OperationDelete"/>
            <Reference class="sailpoint.object.SPRight" name="PushPlugin-OperationPush"/>
            <Reference class="sailpoint.object.SPRight" name="PushPlugin-OperationReadAll"/>
            <Reference class="sailpoint.object.SPRight" name="PushPlugin-OperationReadSingle"/>
            <Reference class="sailpoint.object.SPRight" name="PushPlugin-Schema"/>
        </RightRefs>
    </Capability>

    <Capability displayName="PushPlugin - Write Access" name="PushPlugin-WriteAccess">
        <Description>Allow full default access</Description>
        <RightRefs>
            <Reference class="sailpoint.object.SPRight" name="PushPlugin-OperationPush"/>
        </RightRefs>
    </Capability>

    <Capability displayName="PushPlugin - Delete Access" name="PushPlugin-DeleteAccess">
        <Description>Allow full default access</Description>
        <RightRefs>
            <Reference class="sailpoint.object.SPRight" name="PushPlugin-OperationDelete"/>
        </RightRefs>
    </Capability>

    <Capability displayName="PushPlugin - Read Access" name="PushPlugin-ReadAccess">
        <Description>Allow full default access</Description>
        <RightRefs>
            <Reference class="sailpoint.object.SPRight" name="PushPlugin-OperationReadAll"/>
            <Reference class="sailpoint.object.SPRight" name="PushPlugin-OperationReadSingle"/>
        </RightRefs>
    </Capability>

</sailpoint>

