<?xml version='1.0' encoding='UTF-8'?>
<!DOCTYPE Configuration PUBLIC "sailpoint.dtd" "sailpoint.dtd">
<Configuration name="KPIs definitions FAM">
    <Attributes>
        <Map>
            <entry key="FAM - Last week events">
                <value>
                    <Map>
                        <entry key="query"
                               value="select count(*) as result from whiteops.all_events where timestamp > DATEADD(day, -7, CURRENT_TIMESTAMP);"/>
                        <entry key="isActive" value="true"/>
                        <entry key="familly" value="FAM"/>
                        <entry key="description"
                               value="This KPI is counting the number of events in all FAM application from the last week."/>
                        <entry key="url" value="http://seri.sailpointdemo.com:70/securityiqbiz/"/>
                    </Map>
                </value>
            </entry>
            <entry key="FAM - Classification policies result">
                <value>
                    <Map>
                        <entry key="name" value="{$bam_name} - {$policy_name}"/>
                        <entry key="query"
                               value="select number_of_results as result,policy_name,bam_name from whiteops.dashboard_active_data_classification_policies;"/>
                        <entry key="isActive" value="true"/>
                        <entry key="familly" value="FAM"/>
                        <entry key="description"
                               value="This KPI is counting the number of FAM classification per Application and classification policy."/>
                        <entry key="url" value="http://seri.sailpointdemo.com:70/securityiqbiz/"/>
                    </Map>
                </value>
            </entry>
            <entry key="FAM - Pending Tasks">
                <value>
                    <Map>
                        <entry key="name" value="{$task_type}"/>
                        <entry key="query"
                               value="select sum(number_of_access_requests) as result, 'Number of Access Request' as task_type from whiteops.dashboard_pending_tasks union select sum(number_of_campaigns) as result, 'Number of Campaigns' as task_type from  whiteops.dashboard_pending_tasks union select sum(number_of_pending_tasks) as result, 'Number of Pending Tasks' as task_type from whiteops.dashboard_pending_tasks;"/>
                        <entry key="isActive" value="true"/>
                        <entry key="familly" value="FAM"/>
                        <entry key="description" value="This KPI is counting the number of pending tasks in FAM."/>
                        <entry key="url" value="http://seri.sailpointdemo.com:70/securityiqbiz/"/>
                    </Map>
                </value>
            </entry>
            <entry key="FAM - Overexposed sensitive resources">
                <value>
                    <Map>
                        <entry key="query"
                               value="select count as result from whiteops.dashboard_overexposed_sensitive_resources;"/>
                        <entry key="isActive" value="true"/>
                        <entry key="familly" value="FAM"/>
                        <entry key="description"
                               value="This KPI is counting the number overexposed resources in the FAM applications."/>
                        <entry key="url" value="http://seri.sailpointdemo.com:70/securityiqbiz/"/>
                    </Map>
                </value>
            </entry>
            <entry key="FAM - Classified ressources with no owner">
                <value>
                    <Map>
                        <entry key="query"
                               value="select count as result from whiteops.dashboard_resource_classification_no_ownership;"/>
                        <entry key="isActive" value="true"/>
                        <entry key="familly" value="FAM"/>
                        <entry key="description"
                               value="This KPI is counting the number of Classified resources in FAM but without owner defined."/>
                        <entry key="url" value="http://seri.sailpointdemo.com:70/securityiqbiz/"/>
                    </Map>
                </value>
            </entry>
        </Map>
    </Attributes>
</Configuration>
