<?xml version='1.0' encoding='UTF-8'?>
<!DOCTYPE Configuration PUBLIC "sailpoint.dtd" "sailpoint.dtd">
<Configuration name="KPIs definitions">
    <Attributes>
        <Map>
            <entry key="Identities - Active Identities">
                <value>
                    <Map>
                        <entry key="class" value="sailpoint.object.Identity"/>
                        <entry key="filter" value="inactive == false"/>
                        <entry key="isActive" value="true"/>
                        <entry key="familly" value="Identities"/>
                        <entry key="description" value="This KPI is counting the number of active Identities."/>
                        <entry key="url"
                               value="/identityiq/identities/identities.jsf#/quickLinks/View%20Identity/identities"/>
                    </Map>
                </value>
            </entry>
            <entry key="Identities - All Identities">
                <value>
                    <Map>
                        <entry key="class" value="sailpoint.object.Identity"/>
                        <entry key="isActive" value="true"/>
                        <entry key="familly" value="Identities"/>
                        <entry key="description"
                               value="This KPI is counting the number of Identities including inactives ones."/>
                        <entry key="url"
                               value="/identityiq/identities/identities.jsf#/quickLinks/View%20Identity/identities"/>
                    </Map>
                </value>
            </entry>
            <entry key="Applications">
                <value>
                    <Map>
                        <entry key="class" value="sailpoint.object.Application"/>
                        <entry key="isActive" value="true"/>
                        <entry key="familly" value="Applications"/>
                        <entry key="description" value="This KPI is counting the number of Applications."/>
                        <entry key="url" value="/identityiq/define/applications/applications.jsf"/>
                    </Map>
                </value>
            </entry>
            <entry key="Accounts - Number of Accounts per application">
                <value>
                    <Map>
                        <entry key="name" value="{$name} Accounts"/>
                        <entry key="class" value="sailpoint.object.Link"/>
                        <entry key="filter" value="application.name == &quot;{$name}&quot;"/>
                        <entry key="isActive" value="true"/>
                        <entry key="familly" value="Accounts"/>
                        <entry key="loopClass" value="sailpoint.object.Application"/>
                        <entry key="description" value="This KPI is counting the number Accounts per Application."/>
                        <entry key="url" value="/identityiq/define/applications/applications.jsf"/>
                    </Map>
                </value>
            </entry>
            <entry key="Accounts - Number of Privileged Accounts per application">
                <value>
                    <Map>
                        <entry key="name" value="{$name} Privileged Accounts"/>
                        <entry key="class" value="sailpoint.object.Link"/>
                        <entry key="filter"
                               value="application.name == &quot;{$name}&quot; &amp;&amp; privileged == true"/>
                        <entry key="isActive" value="true"/>
                        <entry key="familly" value="Accounts"/>
                        <entry key="loopClass" value="sailpoint.object.Application"/>
                        <entry key="description"
                               value="This KPI is counting the number Accounts with the privileged flag set to true per Application."/>
                        <entry key="url" value="/identityiq/define/applications/applications.jsf"/>
                    </Map>
                </value>
            </entry>
            <entry key="Accounts - Number of Service Accounts per application">
                <value>
                    <Map>
                        <entry key="name" value="{$name} Service Accounts"/>
                        <entry key="class" value="sailpoint.object.Link"/>
                        <entry key="filter" value="application.name == &quot;{$name}&quot; &amp;&amp; service == true"/>
                        <entry key="isActive" value="true"/>
                        <entry key="familly" value="Accounts"/>
                        <entry key="loopClass" value="sailpoint.object.Application"/>
                        <entry key="description"
                               value="This KPI is counting the number Accounts with the service flag set to true per Application."/>
                        <entry key="url" value="/identityiq/define/applications/applications.jsf"/>
                    </Map>
                </value>
            </entry>
            <entry key="Roles - Business Roles">
                <value>
                    <Map>
                        <entry key="class" value="sailpoint.object.Bundle"/>
                        <entry key="filter" value="type ==  &quot;business&quot;"/>
                        <entry key="isActive" value="true"/>
                        <entry key="familly" value="Roles"/>
                        <entry key="description" value="This KPI is counting the number of Business Roles."/>
                        <entry key="url" value="/identityiq/define/roles/roleTabs.jsf"/>
                    </Map>
                </value>
            </entry>
            <entry key="Entitlements - Number of Entitlements per application">
                <value>
                    <Map>
                        <entry key="name" value="{$name} Entitlements"/>
                        <entry key="class" value="sailpoint.object.ManagedAttribute"/>
                        <entry key="filter" value="application.name == &quot;{$name}&quot;"/>
                        <entry key="isActive" value="true"/>
                        <entry key="familly" value="Entitlements"/>
                        <entry key="loopClass" value="sailpoint.object.Application"/>
                        <entry key="loopFilter"
                               value="(name == &quot;Active Directory&quot; || name == &quot;Oracle EBS&quot; || name == &quot;TRAKK&quot;)"/>
                        <entry key="description"
                               value="This KPI is counting the number of entitlements per Application. Only for Active Directory, Oracle EBS and TRAKK applications."/>
                        <entry key="url" value="/identityiq/define/groups/accountGroups.jsf"/>
                    </Map>
                </value>
            </entry>
            <entry key="Entitlements - Number of Entitlements Assignments per Application">
                <value>
                    <Map>
                        <entry key="name" value="{$name} Entitlements Assignments"/>
                        <entry key="class" value="sailpoint.object.IdentityEntitlement"/>
                        <entry key="filter" value="application.name == &quot;{$name}&quot;"/>
                        <entry key="isActive" value="true"/>
                        <entry key="familly" value="Entitlements"/>
                        <entry key="loopClass" value="sailpoint.object.Application"/>
                        <entry key="loopFilter"
                               value="(name == &quot;Active Directory&quot; || name == &quot;Oracle EBS&quot; || name == &quot;TRAKK&quot;)"/>
                        <entry key="description"
                               value="This KPI is counting the number of entitlements assignement (number of time an entitlement is assigned to an account) per Application. Only for Active Directory, Oracle EBS and TRAKK applications."/>
                    </Map>
                </value>
            </entry>
            <entry key="Accounts - Number of Identity Cubes with uncorrelated flag">
                <value>
                    <Map>
                        <entry key="name" value="Uncorrelated accounts"/>
                        <entry key="class" value="sailpoint.object.Identity"/>
                        <entry key="filter" value="correlated == false"/>
                        <entry key="isActive" value="true"/>
                        <entry key="familly" value="Accounts"/>
                        <entry key="max" value="10"/>
                        <entry key="description"
                               value="This KPI is counting the number of Orphan accounts. Orphan accounts are accounts that have not been assigned to an Identity either by the correlation logic or manually. In an healthy system, there should be no orphan accounts. Personnal accounts should be assigned to the corresponding Identity. For other types of accounts please refer to the DOC-4980 in compass web site."/>
                        <entry key="url" value="/identityiq/manage/correlation/manualCorrelation.jsf"/>
                    </Map>
                </value>
            </entry>
            <entry key="Identities - Team size">
                <value>
                    <Map>
                        <entry key="name" value="{$email} Team size"/>
                        <entry key="class" value="sailpoint.object.Identity"/>
                        <entry key="filter" value="manager.name == &quot;{$name}&quot;"/>
                        <entry key="isActive" value="true"/>
                        <entry key="familly" value="Identities"/>
                        <entry key="loopClass" value="sailpoint.object.Identity"/>
                        <entry key="loopFilter" value="managerStatus == true"/>
                        <entry key="description"
                               value="This KPI is counting the number of people reporting to each manager. We recomend setting a filter on this one to avoid to many results."/>
                    </Map>
                </value>
            </entry>
            <entry key="Identities - Number of active Identities per department and job title">
                <value>
                    <Map>
                        <entry key="name" value="{$department} - {$jobTitle} - Active Identities"/>
                        <entry key="class" value="sailpoint.object.Identity"/>
                        <entry key="filter"
                               value="inactive == false &amp;&amp; department == &quot;{$department}&quot; &amp;&amp; jobTitle == &quot;{$jobTitle}&quot;"/>
                        <entry key="isActive" value="true"/>
                        <entry key="familly" value="Identities"/>
                        <entry key="loopClass" value="sailpoint.object.Identity"/>
                        <entry key="loopFilter" value="inactive == false"/>
                        <entry key="description"
                               value="This KPI is counting the number of active Identities per department name and per job title. Empty values are replaced by an empty string."/>
                    </Map>
                </value>
            </entry>
        </Map>
    </Attributes>
</Configuration>
