<?xml version='1.0' encoding='UTF-8'?>
<!DOCTYPE Configuration PUBLIC "sailpoint.dtd" "sailpoint.dtd">
<Configuration name="KPIs definitions Plugin SQL Plugin">
    <Attributes>
        <Map>
            <entry key="KPIs - Number of KPIs">
                <value>
                    <Map>
                        <entry key="query" value="SELECT count(*) as result FROM kpis;"/>
                        <entry key="isActive" value="true"/>
                        <entry key="familly" value="KPIs"/>
                        <entry key="description" value="This KPI is counting the number KPIs.... Yes I know"/>
                        <entry key="url" value="/identityiq/plugins/pluginPage.jsf?pn=KPIsPlugin"/>
                    </Map>
                </value>
            </entry>
        </Map>
    </Attributes>
</Configuration>
