<?xml version='1.0' encoding='UTF-8'?>
<!DOCTYPE Configuration PUBLIC "sailpoint.dtd" "sailpoint.dtd">
<Configuration name="KPIs definitions Sample">
    <Attributes>
        <Map>
            <entry key="- Identities - Active Identities">
                <value>
                    <Map>
                        <entry key="description" value="This KPI is counting the number of active Identities."/>
                    </Map>
                </value>
            </entry>
            <entry key="- Accounts - Number of Identity Cubes with uncorrelated flag">
                <value>
                    <Map>
                        <entry key="description"
                               value="This KPI is counting the number of Orphan accounts. Orphan accounts are accounts that have not been assigned to an Identity either by the correlation logic or manually. In an healthy system, there should be no orphan accounts. Personnal accounts should be assigned to the corresponding Identity. For other types of accounts please refer to the DOC-4980 in compass web site."/>
                    </Map>
                </value>
            </entry>
            <entry key="- Accounts - Number of Accounts per application">
                <value>
                    <Map>
                        <entry key="description" value="This KPI is counting the number of accounts per application."/>
                    </Map>
                </value>
            </entry>
            <entry key="- Assignments - Number of Entitlements Assignments per Application">
                <value>
                    <Map>
                        <entry key="description"
                               value="This KPI is counting the number of entitlement assigned to an account per application."/>
                    </Map>
                </value>
            </entry>
            <entry key="- Entitlements - Number of Entitlements per Application">
                <value>
                    <Map>
                        <entry key="description"
                               value="This KPI is counting the number of entitlement defined in the entitlement catalog per application."/>
                    </Map>
                </value>
            </entry>
            <entry key="- Accounts - Dormant Accounts per Application">
                <value>
                    <Map>
                        <entry key="description"
                               value="This KPI is counting the number of IdentityIQ dormant accounts."/>
                    </Map>
                </value>
            </entry>
            <entry key="- Entitlements - Rogue Entitlements">
                <value>
                    <Map>
                        <entry key="description"
                               value="This KPI is counting the number of entitlement assigned without reason per application. The detected role application represent the number of roles detected but that have never been assigned."/>
                    </Map>
                </value>
            </entry>
        </Map>
    </Attributes>
</Configuration>
