<?xml version='1.0' encoding='UTF-8'?>
<!DOCTYPE Configuration PUBLIC "sailpoint.dtd" "sailpoint.dtd">
<Configuration name="KPIs definitions SQL - SQLServer">
    <Attributes>
        <Map>
            <entry key="Access Requests - Average hours to process an Access Request">
                <value>
                    <Map>
                        <entry key="description"
                               value="This KPI is counting the average number of hours to process a task during the last week."/>
                        <entry key="familly" value="Access Requests"/>
                        <entry key="isActive" value="true"/>
                        <entry key="query"
                               value="select ROUND(AVG(((end_date-created)/1000)/3600),1) as result from spt_identity_request where state=&apos;End&apos; and created > DATEDIFF(ss, &apos;1970-01-01&apos;, DATEADD(MONTH, -1, GETDATE()));"/>
                        <entry key="url" value="/identityiq/identityRequest/identityRequest.jsf#/requests"/>
                    </Map>
                </value>
            </entry>
            <entry key="Access Requests - Number of Access Request during the last month">
                <value>
                    <Map>
                        <entry key="description"
                               value="This KPI is counting the number of Access Requests raised during the last month."/>
                        <entry key="familly" value="Access Requests"/>
                        <entry key="isActive" value="true"/>
                        <entry key="max" value="5"/>
                        <entry key="min" value="3"/>
                        <entry key="name" value="Access Request for {$department} department"/>
                        <entry key="query"
                               value="select count(r.id) as result, i.department as &apos;Department&apos; from spt_identity_request r,spt_identity i where i.id=r.target_id and r.created > DATEDIFF(ss, &apos;1970-01-01&apos;, DATEADD(MONTH, -1, GETDATE())) and i.department is not null group by i.department;"/>
                        <entry key="url" value="/identityiq/identityRequest/identityRequest.jsf#/requests"/>
                    </Map>
                </value>
            </entry>
            <entry key="Accounts - IdentityIQ Dormant Acounts">
                <value>
                    <Map>
                        <entry key="description"
                               value="This KPI is counting the number of dormant accounts in IdentityIQ. The IdentityIQ last login date is used. We use 3 categories, Identities that never logged in, Identities that logged in last Month, Identities that logged in between 1 and 3 monthes, and Identities that have logged in during the last 3 monthes."/>
                        <entry key="familly" value="Accounts"/>
                        <entry key="isActive" value="true"/>
                        <entry key="name" value="Last login to IdentityIQ was: {$LastLogin}"/>
                        <entry key="query"
                               value="SELECT count(*) as result,CASE WHEN datediff(s, GETDATE(),dateadd(s, last_login/1000, &apos;1/1/1970&apos;)) is null THEN &apos;Never logged in&apos; WHEN datediff(s, GETDATE(),dateadd(s, last_login/1000, &apos;1/1/1970&apos;)) &lt; 31 THEN &apos;Last Month&apos; WHEN datediff(s, GETDATE(),dateadd(s, last_login/1000, &apos;1/1/1970&apos;)) &lt; 90 AND datediff(s, GETDATE(),dateadd(s, last_login/1000, &apos;1/1/1970&apos;)) >= 31 THEN &apos;Between 1 and 3 Monthes&apos; WHEN datediff(s, GETDATE(),dateadd(s, last_login/1000, &apos;1/1/1970&apos;)) >= 90 THEN &apos;More than 3 Monthes&apos;   END as &apos;LastLogin&apos; FROM identityiq.spt_identity group by CASE WHEN datediff(s, GETDATE(),dateadd(s, last_login/1000, &apos;1/1/1970&apos;)) is null THEN &apos;Never logged in&apos; WHEN datediff(s, GETDATE(),dateadd(s, last_login/1000, &apos;1/1/1970&apos;)) &lt; 31 THEN &apos;Last Month&apos; WHEN datediff(s, GETDATE(),dateadd(s, last_login/1000, &apos;1/1/1970&apos;)) &lt; 90 AND datediff(s, GETDATE(),dateadd(s, last_login/1000, &apos;1/1/1970&apos;)) >= 31 THEN &apos;Between 1 and 3 Monthes&apos; WHEN datediff(s, GETDATE(),dateadd(s, last_login/1000, &apos;1/1/1970&apos;)) >= 90 THEN &apos;More than 3 Monthes&apos; END;"/>
                    </Map>
                </value>
            </entry>
            <entry key="Accounts - Number of Accounts created in last week">
                <value>
                    <Map>
                        <entry key="description"
                               value="This KPI is counting the number of Accounts created during the last week per application."/>
                        <entry key="familly" value="Accounts"/>
                        <entry key="isActive" value="true"/>
                        <entry key="name" value="{$application_name} Accounts"/>
                        <entry key="query"
                               value="select a.name as application_name,count(*) as result from spt_link l, spt_application a where a.id = l.application and l.created > DATEDIFF(s, &apos;1970-01-01&apos;, DATEADD(DAY, -7, GETDATE())) group by a.name;"/>
                    </Map>
                </value>
            </entry>
            <entry key="Entitlements - Rogue Entitlements">
                <value>
                    <Map>
                        <entry key="description"
                               value="This KPI is counting the number of entitlements assigned without reasons - those entitlement have been detected during the aggregation process."/>
                        <entry key="familly" value="Entitlements"/>
                        <entry key="isActive" value="true"/>
                        <entry key="name" value="{$name} {$type}"/>
                        <entry key="query"
                               value="SELECT count(*) as result,CASE WHEN ie.type is null THEN &apos;Detected Role&apos; ELSE ie.type END as type, a.name FROM spt_identity_entitlement ie left join spt_application a on application = a.id WHERE ie.granted_by_role=0 and ie.allowed=0 and (ie.source=&apos;Aggregation&apos; or ie.source is null) and ie.request_item is null and ie.certification_item is null group by CASE WHEN ie.type is null THEN &apos;Detected Role&apos; ELSE ie.type END,a.name;"/>
                    </Map>
                </value>
            </entry>
            <entry key="Identities - Active identities per office_location">
                <value>
                    <Map>
                        <entry key="description"
                               value="This KPI is counting the number of active Identities per office_location."/>
                        <entry key="familly" value="Identities"/>
                        <entry key="isActive" value="true"/>
                        <entry key="name" value="{$office_location} - Active Identities"/>
                        <entry key="query"
                               value="SELECT count(*) as result,case WHEN office_location is null THEN &apos;-&apos; ELSE office_location END as office_location FROM spt_identity where inactive=0 group by office_location order by office_location;"/>
                    </Map>
                </value>
            </entry>
            <entry key="Identities - Number of Identities per status and type">
                <value>
                    <Map>
                        <entry key="description"
                               value="This KPI is counting the number of Identities per status and per type."/>
                        <entry key="familly" value="Identities"/>
                        <entry key="isActive" value="true"/>
                        <entry key="name" value="{$status} {$type} identities"/>
                        <entry key="query"
                               value="SELECT count(*) as result,CASE WHEN inactive=&apos;1&apos; THEN &apos;Inactive&apos; ELSE &apos;Active&apos; END as status,employee_type FROM spt_identity group by employee_type,CASE WHEN inactive=&apos;1&apos; THEN &apos;Inactive&apos; ELSE &apos;Active&apos; END;"/>
                    </Map>
                </value>
            </entry>
            <entry key="Identities - Number of active Identities per department and job title">
                <value>
                    <Map>
                        <entry key="description"
                               value="This KPI is counting the number of active Identities per department name and per job title. Empty values are replaced by a - string. Already seen that..."/>
                        <entry key="familly" value="Identities"/>
                        <entry key="isActive" value="false"/>
                        <entry key="name" value="{$department} - {$job_title} - Active Identities"/>
                        <entry key="query"
                               value="SELECT count(*) as result,CASE WHEN department is null THEN &apos;-&apos; ELSE department END as department,CASE WHEN job_title is null THEN &apos;-&apos; ELSE job_title END as job_title FROM spt_identity where inactive=0 group by department,job_title order by department,job_title;"/>
                    </Map>
                </value>
            </entry>
            <entry key="Password - Number of passwords changed last week">
                <value>
                    <Map>
                        <entry key="description"
                               value="This KPI is counting the number of password reset during the last week."/>
                        <entry key="familly" value="Passwords"/>
                        <entry key="isActive" value="true"/>
                        <entry key="query"
                               value="select count(*) as result from spt_audit_event where action = &apos;PasswordChange&apos; and created > DATEDIFF(s, &apos;1970-01-01&apos;, DATEADD(DAY, -7, GETDATE()));"/>
                    </Map>
                </value>
            </entry>
            <entry key="Roles - Number of active IT roles with a single member">
                <value>
                    <Map>
                        <entry key="description"
                               value="This KPI is counting the number of active IT roles with a single member."/>
                        <entry key="familly" value="Roles"/>
                        <entry key="isActive" value="true"/>
                        <entry key="query"
                               value="select count(*) as result from (SELECT distinct ib.bundle as result FROM spt_identity_bundles ib, spt_bundle b where ib.bundle = b.id and type = &apos;it&apos; and disabled = 0 group by ib.bundle having count(*) &lt; 2) as notUsedITRoles;"/>
                        <entry key="url" value="/identityiq/define/roles/roleTabs.jsf"/>
                    </Map>
                </value>
            </entry>
            <entry key="Roles - Number of active IT roles without member">
                <value>
                    <Map>
                        <entry key="description"
                               value="This KPI is counting the number of active IT roles without member."/>
                        <entry key="familly" value="Roles"/>
                        <entry key="isActive" value="true"/>
                        <entry key="query"
                               value="select count(*) as result from (SELECT b.name,b.disabled from spt_bundle b where b.type=&apos;it&apos; and b.disabled=0 and b.id not in (SELECT distinct bundle from spt_identity_bundles)) as roleWithoutMembers;"/>
                        <entry key="url" value="/identityiq/define/roles/roleTabs.jsf"/>
                    </Map>
                </value>
            </entry>
            <entry key="Tasks - Failed in the last week">
                <value>
                    <Map>
                        <entry key="description"
                               value="This KPI is counting the number of failed tasks executions during the last week."/>
                        <entry key="familly" value="Tasks"/>
                        <entry key="isActive" value="true"/>
                        <entry key="max" value="0"/>
                        <entry key="query"
                               value="select count(*) as result FROM spt_task_result where completion_status = &apos;Error&apos; AND launched > DATEDIFF(ss, &apos;1970-01-01&apos;, DATEADD(DAY, -7, GETDATE())) group by completion_status;"/>
                        <entry key="url" value="/identityiq/adminConsole/index.jsf#/taskManagement/completed"/>
                    </Map>
                </value>
            </entry>
            <entry key="Tasks - Last week average run time (second) per task">
                <value>
                    <Map>
                        <entry key="description"
                               value="This KPI is counting the average run time of tasks during the last week."/>
                        <entry key="familly" value="Tasks"/>
                        <entry key="isActive" value="true"/>
                        <entry key="name" value="Run time for {$name} task"/>
                        <entry key="query"
                               value="select round(avg(run_length),0) as result, name FROM spt_task_result where completion_status = &apos;Success&apos; AND launched > DATEDIFF(ss, &apos;1970-01-01&apos;, DATEADD(DAY, -7, GETDATE())) group by name;"/>
                        <entry key="url" value="/identityiq/adminConsole/index.jsf#/taskManagement/completed"/>
                    </Map>
                </value>
            </entry>
            <entry key="Tasks - Number of task run per completion status during Last week">
                <value>
                    <Map>
                        <entry key="description"
                               value="This KPI is counting the number of task run per run status during the last week."/>
                        <entry key="familly" value="Tasks"/>
                        <entry key="isActive" value="true"/>
                        <entry key="name" value="{$completion_status}"/>
                        <entry key="query"
                               value="select count(*) as result, completion_status FROM spt_task_result where completion_status is not NULL AND launched > DATEDIFF(ss, &apos;1970-01-01&apos;, DATEADD(DAY, -7, GETDATE())) group by completion_status;"/>
                        <entry key="url" value="/identityiq/adminConsole/index.jsf#/taskManagement/completed"/>
                    </Map>
                </value>
            </entry>
            <entry key="Violations - Open Violations">
                <value>
                    <Map>
                        <entry key="description" value="This KPI is counting the number of open violations."/>
                        <entry key="familly" value="Violations"/>
                        <entry key="isActive" value="true"/>
                        <entry key="max" value="0"/>
                        <entry key="query"
                               value="SELECT count(*) as result FROM spt_policy_violation where status=&apos;Open&apos;;"/>
                        <entry key="url" value="/identityiq/policyViolation/policyViolation.jsf"/>
                    </Map>
                </value>
            </entry>
        </Map>
    </Attributes>
</Configuration>
