<?xml version='1.0' encoding='UTF-8'?>
<!DOCTYPE TaskDefinition PUBLIC "sailpoint.dtd" "sailpoint.dtd">
<TaskDefinition formPath="/monitor/tasks/sequentialTask.xhtml" name="KPI Plugin - Run all tasks" resultAction="Delete"
                subType="task_item_type_generic" type="Generic">
    <Attributes>
        <Map>
            <entry key="TaskSchedule.host"/>
            <entry key="exitOnError" value="false"/>
            <entry key="taskCompletionEmailNotify" value="Disabled"/>
            <entry key="taskCompletionEmailRecipients"/>
            <entry key="taskCompletionEmailTemplate"/>
            <entry key="taskList"
                   value="KPI Plugin - Prune KPIs, KPI Plugin - Create KPIs - IdentityIQ, KPI Plugin - Create KPIs SQL - IdentityIQ, KPI Plugin - Create KPIs SQL - FAM, KPI Plugin - Create KPIs SQL - Plugin"/>
            <entry key="trace" value="false"/>
        </Map>
    </Attributes>
    <Description>Runs all KPIs default tasks.</Description>
    <Owner>
        <Reference class="sailpoint.object.Identity" name="spadmin"/>
    </Owner>
    <Parent>
        <Reference class="sailpoint.object.TaskDefinition" name="Sequential Task Launcher"/>
    </Parent>
</TaskDefinition>
