<?xml version='1.0' encoding='UTF-8'?>
<!DOCTYPE sailpoint PUBLIC "sailpoint.dtd" "sailpoint.dtd">

<sailpoint>

    <TaskDefinition name="KPI Plugin - Create KPIs - IdentityIQ" resultAction="Delete" subType="task_item_type_generic"
                    type="Generic">
        <Description>
            Task which insert KPI values in the database.
        </Description>
        <Attributes>
            <Map>
                <entry key="pluginName" value="KPIsPlugin"/>
                <entry key="configurationName" value="KPIs definitions"/>
                <entry key="dateFormat" value="yyyy-MM-dd"/>
            </Map>
        </Attributes>
        <Parent>
            <Reference class="sailpoint.object.TaskDefinition" name="KPI Plugin - Create KPIs"/>
        </Parent>
    </TaskDefinition>
</sailpoint>

