<?xml version='1.0' encoding='UTF-8'?>
<!DOCTYPE sailpoint PUBLIC "sailpoint.dtd" "sailpoint.dtd">

<sailpoint>

    <TaskDefinition name="KPI Plugin - Create KPIs" executor="com.sailpoint.pse.plugin.kpi.task.KPIstaskExecutor"
                    template="true" resultAction="Delete" subType="task_item_type_generic" type="Generic">
        <Description>
            Task which insert KPI values in the database.
        </Description>
        <Attributes>
            <Map>
                <entry key="pluginName" value="KPIsPlugin"/>
                <entry key="TaskSchedule.host"/>
	            <entry key="exitOnError" value="false"/>
	            <entry key="taskCompletionEmailNotify" value="Disabled"/>
	            <entry key="taskCompletionEmailRecipients"/>
	            <entry key="taskCompletionEmailTemplate"/>
	            <entry key="trace" value="true"/>
            </Map>
        </Attributes>
        
        <Signature>
            <Inputs>
                <Argument name="configurationName" type="string">
                    <Prompt>Name of the configuration object containing the KPIs definitions.</Prompt>
                </Argument>
                <Argument name="dateFormat" type="string">
                    <Prompt>Date format accepted by the database (defaut value yyyy-MM-dd)</Prompt>
                </Argument>
            </Inputs>
            <Returns>
                <Argument name="numKPIsCreated" type="int">
                    <Prompt>Total KPIs Created</Prompt>
                </Argument>
            </Returns>
        </Signature>
    </TaskDefinition>

</sailpoint>

