<?xml version='1.0' encoding='UTF-8'?>
<!DOCTYPE sailpoint PUBLIC "sailpoint.dtd" "sailpoint.dtd">

<sailpoint>

    <TaskDefinition name="KPI Plugin - Create KPIs SQL" executor="com.sailpoint.pse.plugin.kpi.task.KPIstaskExecutorSQL"
                    template="true" resultAction="Delete" subType="task_item_type_generic" type="Generic">
        <Description>
            Task which insert KPI values in the database.
        </Description>
        <Attributes>
            <Map>
                <entry key="pluginName" value="KPIsPlugin"/>
            </Map>
        </Attributes>
        <Signature>
            <Inputs>
                <Argument name="configurationName" type="string">
                    <Prompt>Name of the configuration object containing the KPIs definitions.</Prompt>
                </Argument>
                <Argument name="dateFormat" type="string">
                    <Prompt>Date format accepted by the database (defaut value yyyy-MM-dd)</Prompt>
                </Argument>
                <Argument name="schemaType" type="string">
                    <Prompt>The type of database (IdentityIQ, Plugin, FAM or JDBC). IdentityIQ for the main IdentityIQ
                        database, Plugin for the IdentityIQ plugin database, FAM for the SecurityIQ application type
                        (IdentityIQ version 7.3) and JDBC for any other database defined as a JDBC database.
                    </Prompt>
                </Argument>
                <Argument name="applicationName" type="string">
                    <Prompt>Application Name</Prompt>
                </Argument>
            </Inputs>
            <Returns>
                <Argument name="numKPIsCreated" type="int">
                    <Prompt>Total KPIs Created</Prompt>
                </Argument>
            </Returns>
        </Signature>
    </TaskDefinition>

</sailpoint>

