<?xml version='1.0' encoding='UTF-8'?>
<!DOCTYPE sailpoint PUBLIC "sailpoint.dtd" "sailpoint.dtd">

<sailpoint>

    <TaskDefinition name="KPI Plugin - Prune KPIs" executor="com.sailpoint.pse.plugin.kpi.task.KPIsPruneTaskExecutor"
                    resultAction="Delete" subType="task_item_type_generic" type="Generic">
        <Description>
            Task delete KPI values from the database.
        </Description>
        <Attributes>
            <Map>
                <entry key="pluginName" value="KPIsPlugin"/>
                <entry key="pruneDays" value="364"/>
            </Map>
        </Attributes>
        <Signature>
            <Inputs>
                <Argument name="pruneDays" required="true" type="int">
                    <Prompt>Ages in days of KPI to be deleted.</Prompt>
                </Argument>
                <Argument name="kpiFamilly" type="string">
                    <Prompt>Deleting only kpi with familly that starts with</Prompt>
                </Argument>
                <Argument name="kpiCategory" type="string">
                    <Prompt>Deleting only kpi with categories that starts with</Prompt>
                </Argument>
                <Argument name="kpiName" type="string">
                    <Prompt>Deleting only kpi with names that starts with</Prompt>
                </Argument>
            </Inputs>
        </Signature>
    </TaskDefinition>

</sailpoint>

