<?xml version='1.0' encoding='UTF-8'?>
<!DOCTYPE Custom PUBLIC "sailpoint.dtd" "sailpoint.dtd">
<!-- Copyright © 2018 SailPoint Technologies, Inc. All Rights Reserved.
All logos, text, content, and works of authorship, including but not limited to underlying code, programming or scripting language, designs, and/or graphics,
that are used and/or depicted herein are protected under United States and international copyright and trademark laws and treaties,
and may not be used or reproduced without the prior express written permission of SailPoint Technologies, Inc. -->
<Custom name="Custom-Triggers-User-Interface-Form">
	<Description></Description>
	<Attributes>
	<Map>
		<entry key="joinerProcess" value="JOINER FEATURE" />
		<entry key="rehireProcess" value="JOINER REHIRE FEATURE" />
		<entry key="reverseleaverProcess" value="REVERSE LEAVER FEATURE" />
		<entry key="rtwltdProcess" value="JOINER LTD FEATURE" />
		<entry key="rtwloaProcess" value="JOINER LOA FEATURE" />
		<entry key="moverProcess" value="MOVER FEATURE" />
		<entry key="terminationProcess" value="LEAVER FEATURE" />
		<entry key="loaProcess" value="LEAVER LOA FEATURE" />
		<entry key="ltdProcess" value="LEAVER LTD FEATURE" />
	</Map>
	</Attributes>
</Custom>
