<?xml version="1.0" encoding="UTF-8"?>
<!DOCTYPE TaskDefinition PUBLIC "sailpoint.dtd" "sailpoint.dtd">
<!-- Copyright © 2018 SailPoint Technologies, Inc. All Rights Reserved.
All logos, text, content, and works of authorship, including but not limited to underlying code, programming or scripting language, designs, and/or graphics,
that are used and/or depicted herein are protected under United States and international copyright and trademark laws and treaties,
and may not be used or reproduced without the prior express written permission of SailPoint Technologies, Inc. -->
<TaskDefinition name="HighWater Mark Scan" resultAction="Rename" subType="task_item_type_generic" type="Generic">
  <Attributes>
    <Map>
      <entry key="TaskDefinition.runLengthAverage" value="0"/>
      <entry key="TaskDefinition.runLengthTotal" value="0"/>
      <entry key="TaskDefinition.runs" value="0"/>
      <entry key="TaskSchedule.host"/>
      <entry key="ruleName" value="HighWater Mark Scan"/>
      <entry key="taskCompletionEmailNotify" value="Failure"/>
      <entry key="taskCompletionEmailRecipients"/>
      <entry key="taskCompletionEmailTemplate" value="EmailTemplate-Framework-TaskStatus"/>
    </Map>
  </Attributes>
  <Description>A task that can be used to run an arbitrary rule.</Description>
  <Owner>
    <Reference class="sailpoint.object.Identity" name="spadmin"/>
  </Owner>
  <Parent>
    <Reference class="sailpoint.object.TaskDefinition" name="Run Rule"/>
  </Parent>
  <Signature>
  </Signature>
</TaskDefinition>
