<?xml version='1.0' encoding='UTF-8'?>
<!DOCTYPE TaskDefinition PUBLIC "sailpoint.dtd" "sailpoint.dtd">
<TaskDefinition executor="sailpoint.pse.plugin.task.ConditionalTaskLauncher" name="Conditional Task Launcher" progressInterval="5000" progressMode="String" subType="task_item_type_generic" template="true" type="Generic">
	<Attributes>
		<Map>
			<entry key="pluginName" value="conditional_task_launcher_plugin" />
		</Map>
	</Attributes>
	<Description>Template for creating a task that runs a task depending on the outcome of a rule.</Description>
	<Signature>
		<Inputs>
			<Argument name="taskConditionRule" type="Rule">
				<Prompt>Rule to check conditions</Prompt>
			</Argument>
			<Argument name="taskToLaunch" type="TaskDefinition" filterString="template != true">
				<Prompt>Task to launch conditionally</Prompt>
			</Argument>
			<Argument name="warnOnDecisionFalse" type="boolean">
				<Prompt>Warn if decision to launch is false.</Prompt>
			</Argument>
		</Inputs>
	</Signature>
</TaskDefinition>