<?xml version="1.0" encoding="UTF-8"?>
<archetype-descriptor
        xsi:schemaLocation="http://maven.apache.org/plugins/maven-archetype-plugin/archetype-descriptor/1.0.0 http://maven.apache.org/xsd/archetype-descriptor-1.0.0.xsd"
        name="identityiq-customizations-template"
        xmlns="http://maven.apache.org/plugins/maven-archetype-plugin/archetype-descriptor/1.0.0"
        xmlns:xsi="http://www.w3.org/2001/XMLSchema-instance">
    <fileSets>
        <fileSet filtered="true" encoding="UTF-8">
            <directory>build-config</directory>
            <includes>
                <include>**/*</include>
            </includes>
        </fileSet>
        <fileSet filtered="true" encoding="UTF-8">
            <directory>src/main/plugin-resources</directory>
            <includes>
                <include>**/*</include>
            </includes>
        </fileSet>
        <fileSet filtered="true" encoding="UTF-8">
            <directory>src/main/java</directory>
            <includes>
                <include>**/*.java</include>
            </includes>
        </fileSet>
        <fileSet encoding="UTF-8">
            <directory>src/main/webapp</directory>
            <includes>
                <include>**/*</include>
            </includes>
        </fileSet>
        <fileSet encoding="UTF-8">
            <directory>src/test/java</directory>
            <includes>
                <include>**/*.java</include>
            </includes>
        </fileSet>
    </fileSets>
    <requiredProperties>
        <requiredProperty key="pluginName"/>
        <requiredProperty key="pluginDescription"/>
        <requiredProperty key="pluginDisplayName"/>
        <requiredProperty key="minSystemVersion"/>
        <requiredProperty key="maxSystemVersion"/>
    </requiredProperties>
</archetype-descriptor>
