<assembly xmlns="http://maven.apache.org/ASSEMBLY/2.0.0" xmlns:xsi="http://www.w3.org/2001/XMLSchema-instance" xsi:schemaLocation="http://maven.apache.org/ASSEMBLY/2.0.0 http://maven.apache.org/xsd/assembly-2.0.0.xsd
http://maven.apache.org/ASSEMBLY/2.0.0 ">
  <id>bin</id>
  <formats>
    <format>zip</format>
  </formats>
  <includeBaseDirectory>false</includeBaseDirectory>
  <dependencySets>
    <dependencySet>
      <outputDirectory>lib</outputDirectory>
      <includes>
        <include>${project.groupId}:${project.artifactId}:jar</include>
      </includes>
    </dependencySet>
  </dependencySets>
  <fileSets>
    <fileSet>
      <directory>${project.basedir}</directory>
      <outputDirectory>${file.separator}</outputDirectory>
      <includes>
        <include>README.md</include>
        <include>LICENSE.txt</include>
        <include>NOTICE.txt</include>
      </includes>
    </fileSet>
    <fileSet>
      <directory>${project.basedir}/src/main/webapp</directory>
      <outputDirectory>${file.separator}</outputDirectory>
      <includes>
        <include>ui/**/*</include>
      </includes>
    </fileSet>
    <fileSet>
      <directory>${project.basedir}/src/main/plugin-resources</directory>
      <outputDirectory>${file.separator}</outputDirectory>
      <includes>
        <include>**/*</include>
      </includes>
    </fileSet>
  </fileSets>
</assembly>