<?xml version='1.0' encoding='UTF-8'?>
<!DOCTYPE sailpoint PUBLIC "sailpoint.dtd" "sailpoint.dtd">
<sailpoint>
	<!--  
		(c) Copyright 2019 SailPoint Technologies, Inc., All Rights Reserved.
	 -->

	<SPRight displayName="Identity Refresh Plugin Right" name="IdentityRefreshPluginRight">
		<Description>Access to the Identity Refresh Plugin</Description>
	</SPRight>

	<Capability displayName="Identity Refresh Plugin Access" name="IdentityRefreshPluginAccess">
		<RightRefs>
			<Reference class="sailpoint.object.SPRight" name="IdentityRefreshPluginRight" />
		</RightRefs>
	</Capability>

</sailpoint>
