<?xml version='1.0' encoding='UTF-8'?>
<!DOCTYPE EmailTemplate PUBLIC "sailpoint.dtd" "sailpoint.dtd">
<!-- Copyright © 2018 SailPoint Technologies, Inc. All Rights Reserved.
All logos, text, content, and works of authorship, including but not limited to underlying code, programming or scripting language, designs, and/or graphics,
that are used and/or depicted herein are protected under United States and international copyright and trademark laws and treaties,
and may not be used or reproduced without the prior express written permission of SailPoint Technologies, Inc. -->
<EmailTemplate  name="EmailTemplate-FrameworkPSAPasswordExpiration">
  <Body>
  <![CDATA[
  		#set($ctx = $spTools.class.forName("sailpoint.api.SailPointFactory").getMethod("getFactory", null).invoke(null,null).getCurrentContext())
		#set($ruleObj = $ctx.getObjectByName($spTools.class.forName("sailpoint.object.Rule"), "Rule-Framework-Header-Footer-StyleSheet")) 
		#set($ruleArgs = { 
		    "keyEmailTemplate"  : "styleSheet"
		}) 
		#set($styleSheet = $ctx.runRule($ruleObj, $ruleArgs))
		#if( $ruleObj )
		$ctx.decache($ruleObj)
		#end
		#set($ruleObj = $ctx.getObjectByName($spTools.class.forName("sailpoint.object.Rule"), "Rule-Framework-Header-Footer-StyleSheet")) 
		#set($ruleArgs = { 
		    "keyEmailTemplate"  : "headerTemplate"
		}) 
		#set($headerTemplate = $ctx.runRule($ruleObj, $ruleArgs))
		#if( $ruleObj )
		$ctx.decache($ruleObj)
		#end
		#set($ruleObj = $ctx.getObjectByName($spTools.class.forName("sailpoint.object.Rule"), "Rule-Framework-Header-Footer-StyleSheet")) 
		#set($ruleArgs = { 
		    "keyEmailTemplate"  : "footerTemplate"
		}) 
		#set($footerTemplate = $ctx.runRule($ruleObj, $ruleArgs))
		#if( $ruleObj )
		$ctx.decache($ruleObj)
		#end
		<html>
	    <head>
		<meta charset="UTF-8">	    
		#if( $styleSheet )
		$styleSheet
		#end    
		</head>	      
	    	<body>
	    	#if( $headerTemplate )
			$headerTemplate
			#end
			<br/>    
		    #if ($identityDisplayName) 
	          Dear $identityDisplayName, <br/>
	        #else
	          Dear $identityName,<br/>
	        #end<br/>  
	        #if ($isExpired) 
	          <p>The password for your account $accountName on application $appName expired $daysBeforePwdExpires day(s) ago and this $action has been taken.</p>
	        #elseif ($daysBeforePwdExpires == 0)
	          <p>The password for your account $accountName on application $appName expires today.</p>
	        #else
	          <p>The password for your account $accountName on application $appName will expire in $daysBeforePwdExpires day(s).</p>
	        #end
			#if ($dynamicAppContent)
			<table>
			#foreach( $key in $dynamicAppContent.keySet() )
			<tr><td>$key</td><td>$dynamicAppContent.get($key)</td></tr>
			#end
			</table>
			#end
			#if( $footerTemplate )
			$footerTemplate
			#end
			</body>
		</html>
]]>
    </Body>
  <Description>
      Email Template for notifying users for Privileged Account account password reset
    </Description>
  <Signature>
    <Inputs>
      <Argument name="workItemName" type="string">
        <Description>The description property of the delegation WorkItem.</Description>
      </Argument>
      <Argument name="certification" type="Certification">
        <Description>The Certification object containing the delegated item.</Description>
      </Argument>
      <Argument name="delegateeName" type="string">
        <Description>The display name of the Identity that finished the delegation.</Description>
      </Argument>
    </Inputs>
  </Signature>
  <Subject>Password Expiration Notification Action</Subject>
</EmailTemplate>
