<?xml version="1.0" encoding="UTF-8"?>
<!DOCTYPE EmailTemplate PUBLIC "sailpoint.dtd" "sailpoint.dtd">
<EmailTemplate name="Oracle EPM Remove Accounts Email Template">
  <Body><![CDATA[
    <html>
    <p>The following accounts were submitted for account removal by the Oracle EPM Remove accounts job</p>
    <ul>
    #foreach ($account in $accounts)
    <li>$account</li>
    #end
    </ul>
    </html>
  ]]></Body>
  <Description>
    Email Template to use for sending Oracle EPM account removal notifications
  </Description>
  <Signature>
    <Inputs>
      <Argument name="accounts" type="java.util.List">
        <Description>Accounts being removed</Description>
      </Argument>
    </Inputs>
  </Signature>
  <Subject>Accounts removed by the Oracle EPM Account Removal job</Subject>
</EmailTemplate>
