<?xml version='1.0' encoding='UTF-8'?>
<!DOCTYPE EmailTemplate PUBLIC "sailpoint.dtd" "sailpoint.dtd">
<!-- Copyright © 2018 SailPoint Technologies, Inc. All Rights Reserved.
All logos, text, content, and works of authorship, including but not limited to underlying code, programming or scripting language, designs, and/or graphics,
that are used and/or depicted herein are protected under United States and international copyright and trademark laws and treaties,
and may not be used or reproduced without the prior express written permission of SailPoint Technologies, Inc. -->
<EmailTemplate name="EmailTemplate-FrameworkAutoRejection">
   <Body>
	<![CDATA[   		 
		#set($ctx = $spTools.class.forName("sailpoint.api.SailPointFactory").getMethod("getFactory", null).invoke(null,null).getCurrentContext())
		#set($launcherIdentity = $ctx.getObjectByName($spTools.class.forName("sailpoint.object.Identity"),$launcher))
    	#set($requesteeIdentity = $ctx.getObjectByName($spTools.class.forName("sailpoint.object.Identity"),$identityName))
		#set($reqType = $workflow.requestType)
    	#set($accessReqNumber = $identityRequestId)
 		#set($ruleObj = $ctx.getObjectByName($spTools.class.forName("sailpoint.object.Rule"), "Rule-Framework-Header-Footer-StyleSheet")) 
		#set($ruleArgs = { 
		    "keyEmailTemplate"  : "styleSheet"
		}) 
		#set($styleSheet = $ctx.runRule($ruleObj, $ruleArgs))
		#if( $ruleObj )
		$ctx.decache($ruleObj)
		#end
		#set($ruleObj = $ctx.getObjectByName($spTools.class.forName("sailpoint.object.Rule"), "Rule-Framework-Header-Footer-StyleSheet")) 
		#set($ruleArgs = { 
		    "keyEmailTemplate"  : "headerTemplate"
		}) 
		#set($headerTemplate = $ctx.runRule($ruleObj, $ruleArgs))
		#if( $ruleObj )
		$ctx.decache($ruleObj)
		#end
		#set($ruleObj = $ctx.getObjectByName($spTools.class.forName("sailpoint.object.Rule"), "Rule-Framework-Header-Footer-StyleSheet")) 
		#set($ruleArgs = { 
		    "keyEmailTemplate"  : "footerTemplate"
		}) 
		#set($footerTemplate = $ctx.runRule($ruleObj, $ruleArgs))
		#if( $ruleObj )
		$ctx.decache($ruleObj)
		#end
		<html>
	    <head>
		<meta charset="UTF-8">	    
		#if( $styleSheet )
		$styleSheet
		#end	    
		</head>	      
	    	<body>
	    	#if( $headerTemplate )
			$headerTemplate
			#end
			<br/>    
		#if ( $approvalSet )
	    Dear $recipientDisplayName,<br/>
        This is a notification of a request that has expired due to inactivity.<br/>
        Request Number:  $accessReqNumber<br/>
        Request For Identity Name:  <strong>$identityName</strong><br/>
        Request For Identity Display Name:  <strong>$refIdentityDisplayName</strong><br/>
        Request:<br/>
			#foreach ($item in $approvalSet.getItems())
			  #if ( $item.displayValue )          
			    <strong>$!item.operation $item.displayValue</strong><br/>
			  #elseif ($item.value && $item.name && $item.application)
				#set($ruleObj = $ctx.getObjectByName($spTools.class.forName("sailpoint.object.Rule"), "Rule-Framework-ManagedAttribute-GetDisplayValue")) 
				#set($ruleArgs = { 
				    "attrName"  : $item.name, 
				    "attrValue" : $item.value,
				    "attrApp"   : $item.application 
				}) 
				#set($attrDisplayValue = $ctx.runRule($ruleObj, $ruleArgs)) 
				#if( $ruleObj )
				$ctx.decache($ruleObj)
				#end
				<strong>$!item.operation $attrDisplayValue</strong><br/>
			  #elseif ($item.value.class.name == "java.util.List" || $item.value.class.name == "java.util.ArrayList")
				<strong>$!item.operation $item.value.get(0)</strong><br/>
			 #elseif($item.value)
			 <strong>$!item.operation  $item.value</strong><br/>
			#elseif($item.application)
			<strong>$!item.operation  Account on $item.application</strong><br/>
			  #end
			#end
		#end
    		#if ($dynamicAppContent)
			<table>
			#foreach( $key in $dynamicAppContent.keySet() )
			<tr><td>$key</td><td>$dynamicAppContent.get($key)</td></tr>
			#end
			</table>
			#end
    		#if( $footerTemplate )
			$footerTemplate
			#end
			#if( $launcherIdentity )
			$ctx.decache($launcherIdentity)
			#end
			#if( $requesteeIdentity )
			$ctx.decache($requesteeIdentity)
			#end
			</body>
		</html>
		]]>		
    </Body>
  <Description>
      Email Template for notifying users when approval items were auto-rejected.
      Note that in addition to the declared arguments, all workflow variables,
      Step arguments, and Approval arguments defined in the Workflow are
      also available.
    </Description>
  <Signature>
    <Inputs>
      <Argument name="workflow" type="Workflow">
        <Description>The Workflow object being executed.</Description>
      </Argument>
      <Argument name="approvalSet" type="ApprovalSet">
        <Description>The ApprovalSet object contained in the workflow.</Description>
      </Argument>
      <Argument name="recipientDisplayName" type="string">
        <Description>The name of the Identity that launched the workflow.</Description>
      </Argument>
      <Argument name="refIdentityDisplayName" type="string">
        <Description>The display name of the Identity that is registering. </Description>
      </Argument>
    </Inputs>
  </Signature>
  <Subject>Access Request Expired</Subject>
</EmailTemplate>
