<?xml version='1.0' encoding='UTF-8'?>
<!DOCTYPE EmailTemplate PUBLIC "sailpoint.dtd" "sailpoint.dtd">
<!-- Copyright © 2018 SailPoint Technologies, Inc. All Rights Reserved.
All logos, text, content, and works of authorship, including but not limited to underlying code, programming or scripting language, designs, and/or graphics,
that are used and/or depicted herein are protected under United States and international copyright and trademark laws and treaties,
and may not be used or reproduced without the prior express written permission of SailPoint Technologies, Inc. -->
<EmailTemplate name="EmailTemplate-FrameworkApproval">
	<Body>
		<![CDATA[
		#set($ctx = $spTools.class.forName("sailpoint.api.SailPointFactory").getMethod("getFactory", null).invoke(null,null).getCurrentContext())
		#set($launcherIdentity = $ctx.getObjectByName($spTools.class.forName("sailpoint.object.Identity"),$launcher))
		#set($requesteeIdentity = $ctx.getObjectByName($spTools.class.forName("sailpoint.object.Identity"),$identityName))
		#set($ownerIdentity = $ctx.getObjectByName($spTools.class.forName("sailpoint.object.Identity"),$item.owner.name))
		#set($reqType = $workflow.requestType)
		#set($accessReqNumber = $identityRequestId)
		#set($ruleObj = $ctx.getObjectByName($spTools.class.forName("sailpoint.object.Rule"), "Rule-Framework-Header-Footer-StyleSheet")) 
		#set($ruleArgs = { 
		    "keyEmailTemplate"  : "styleSheet"
		}) 
		#set($styleSheet = $ctx.runRule($ruleObj, $ruleArgs))
		#if( $ruleObj )
		$ctx.decache($ruleObj)
		#end
		#set($ruleObj = $ctx.getObjectByName($spTools.class.forName("sailpoint.object.Rule"), "Rule-Framework-Header-Footer-StyleSheet")) 
		#set($ruleArgs = { 
		    "keyEmailTemplate"  : "headerTemplate"
		}) 
		#set($headerTemplate = $ctx.runRule($ruleObj, $ruleArgs))
		#if( $ruleObj )
		$ctx.decache($ruleObj)
		#end
		#set($ruleObj = $ctx.getObjectByName($spTools.class.forName("sailpoint.object.Rule"), "Rule-Framework-Header-Footer-StyleSheet")) 
		#set($ruleArgs = { 
		    "keyEmailTemplate"  : "footerTemplate"
		}) 
		#set($footerTemplate = $ctx.runRule($ruleObj, $ruleArgs))
		#if( $ruleObj )
		$ctx.decache($ruleObj)
		#end
		#set($ruleObj = $ctx.getObjectByName($spTools.class.forName("sailpoint.object.Rule"), "Rule-Server-Root-Path")) 
		#set($ruleArgs = {})
		#set($rootPath = $ctx.runRule($ruleObj, $ruleArgs))
		#if( $ruleObj )
		$ctx.decache($ruleObj)
		#end
		<html>
	    <head>
		<meta charset="UTF-8">	    
		#if( $styleSheet )
		$styleSheet
		#end    
		</head>	      
	    	<body>
	    	#if( $headerTemplate )
			$headerTemplate
			#end
			<br/>    
	    		#if($ownerIdentity.getDisplayName()) 
					Dear $ownerIdentity.getDisplayName(),<br/>
				#elseif($ownerIdentity.getFirstname())
					Dear $ownerIdentity.getFirstname(),<br/>
				#else
					Dear $ownerIdentity.getName(),<br/>
				#end<br/> 	
				<p>Please review and provide your access decision.  <a href="$rootPath/workitem/workItem.jsf?id=$workItem.id">Click here</a></p>
        <br/>
        Request Number:  $accessReqNumber<br/>
        Request For Identity Name:  <strong>$identityName</strong><br/>
        Request For Identity Display Name:  <strong>$identityDisplayName</strong><br/>
        Request:<br/>
				#if ( $approvalSet.items )
					#foreach ($approvalItem in $approvalSet.items)
						#if ( $approvalItem.displayValue )
							<strong>$!approvalItem.operation $approvalItem.displayValue</strong><br/>
						#elseif ($approvalItem.value && $approvalItem.name && $approvalItem.application)
							#set($ruleObj = $ctx.getObjectByName($spTools.class.forName("sailpoint.object.Rule"), "Rule-Framework-ManagedAttribute-GetDisplayValue")) 
							#set($ruleArgs = { 
							    "attrName"  : $approvalItem.name, 
							    "attrValue" : $approvalItem.value,
							    "attrApp"   : $approvalItem.application 
							})
							#set($attrDisplayValue = $ctx.runRule($ruleObj, $ruleArgs))
							#if( $ruleObj )
							$ctx.decache($ruleObj)
							#end
							<strong>$!approvalItem.operation $attrDisplayValue</strong><br/>
						#elseif ($approvalItem.value.class.name == "java.util.List" || $approvalItem.value.class.name == "java.util.ArrayList")
							<strong>$!approvalItem.operation $approvalItem.value.get(0)</strong><br/>
						#elseif($approvalItem.value)
							<strong>$!approvalItem.operation  $approvalItem.value</strong><br/>
						#elseif($approvalItem.application)
						<strong>$!approvalItem.operation  Account on $approvalItem.application</strong><br/>
						#end
					#end
					</ul>
				#end
			#if ($dynamicAppContent)
			<table>
			#foreach( $key in $dynamicAppContent.keySet() )
			<tr><td>$key</td><td>$dynamicAppContent.get($key)</td></tr>
			#end
			</table>
			#end
			#if( $footerTemplate )
			$footerTemplate
			#end
			#if( $launcherIdentity )
			$ctx.decache($launcherIdentity)
			#end
			#if( $requesteeIdentity )
			$ctx.decache($requesteeIdentity)
			#end
			#if( $ownerIdentity )
			$ctx.decache($ownerIdentity)
			#end
			</body>
		</html>
		]]>
	</Body>
	<Description>
		Email Template for notifying approvers when they need to approve a request
		made through LCM.
		Note that in addition to the declared arguments, all workflow variables,
		Step arguments, and Approval arguments defined in the Workflow are
		also available.
	</Description>
	<Signature>
		<Inputs>
			<Argument name="workflow" type="Workflow">
				<Description>The Workflow object being executed.</Description>
			</Argument>
			<Argument name="item" type="WorkItem">
				<Description>The WorkItem representing the review.</Description>
			</Argument>
			<Argument name="approvalSet" type="ApprovalSet">
				<Description>The ApprovalSet object contained in the work item.</Description>
			</Argument>
			<Argument name="launcher" type="string">
				<Description>The name of the Identity that launched the workflow.</Description>
			</Argument>
			<Argument name="identityName" type="string">
				<Description>The name of the Identity that is being changed.</Description>
			</Argument>
			<Argument name="identityDisplayName" type="string">
				<Description>The display name of the Identity that is being changed. </Description>
			</Argument>
		</Inputs>
	</Signature>
	<Subject>Action Required: Request Awaiting Approval</Subject>
</EmailTemplate>
