<?xml version='1.0' encoding='UTF-8'?>
<!DOCTYPE EmailTemplate PUBLIC "sailpoint.dtd" "sailpoint.dtd">
<!-- Copyright © 2018 SailPoint Technologies, Inc. All Rights Reserved.
All logos, text, content, and works of authorship, including but not limited to underlying code, programming or scripting language, designs, and/or graphics,
that are used and/or depicted herein are protected under United States and international copyright and trademark laws and treaties,
and may not be used or reproduced without the prior express written permission of SailPoint Technologies, Inc. -->
<EmailTemplate name="EmailTemplate-FrameworkEscalation">
	<Body>
		<![CDATA[
		#set($ctx = $spTools.class.forName("sailpoint.api.SailPointFactory").getMethod("getFactory", null).invoke(null,null).getCurrentContext())
		#set($ownerIdentity = $ctx.getObjectByName($spTools.class.forName("sailpoint.object.Identity"),$ownerName))
		#set($launcherIdentity = $ctx.getObjectByName($spTools.class.forName("sailpoint.object.Identity"),$launcher))
		#set($requesteeIdentity = $ctx.getObjectByName($spTools.class.forName("sailpoint.object.Identity"),$identityName))
		#set($reqType = $workflow.requestType)
    	#set($accessReqNumber =$workItem.identityRequestId)
		#set($ruleObj = $ctx.getObjectByName($spTools.class.forName("sailpoint.object.Rule"), "Rule-Framework-Header-Footer-StyleSheet")) 
		#set($ruleArgs = { 
		    "keyEmailTemplate"  : "styleSheet"
		}) 
		#set($styleSheet = $ctx.runRule($ruleObj, $ruleArgs))
		#if( $ruleObj )
		$ctx.decache($ruleObj)
		#end
		#set($ruleObj = $ctx.getObjectByName($spTools.class.forName("sailpoint.object.Rule"), "Rule-Framework-Header-Footer-StyleSheet")) 
		#set($ruleArgs = { 
		    "keyEmailTemplate"  : "headerTemplate"
		}) 
		#set($headerTemplate = $ctx.runRule($ruleObj, $ruleArgs))
		#if( $ruleObj )
		$ctx.decache($ruleObj)
		#end
		#set($ruleObj = $ctx.getObjectByName($spTools.class.forName("sailpoint.object.Rule"), "Rule-Framework-Header-Footer-StyleSheet")) 
		#set($ruleArgs = { 
		    "keyEmailTemplate"  : "footerTemplate"
		}) 
		#set($footerTemplate = $ctx.runRule($ruleObj, $ruleArgs))
		#if( $ruleObj )
		$ctx.decache($ruleObj)
		#end
		#set($ruleObj = $ctx.getObjectByName($spTools.class.forName("sailpoint.object.Rule"), "Rule-Server-Root-Path")) 
		#set($ruleArgs = {})
		#set($rootPath = $ctx.runRule($ruleObj, $ruleArgs))
		#if( $ruleObj )
		$ctx.decache($ruleObj)
		#end
		<html>
	    <head>
		<meta charset="UTF-8">	    
		#if( $styleSheet )
		$styleSheet
		#end    
		</head>	      
	    	<body>
	    	#if( $headerTemplate )
			$headerTemplate
			#end
			<br/>    
				#if ($ownerIdentity.getDisplayName()) 
					Dear $ownerIdentity.getDisplayName(), <br/>
				#elseif($ownerIdentity.getFirstname())
					Dear $ownerIdentity.getFirstname(),<br/>
				#else
					Dear $ownerIdentity.getName(),<br/>
				#end<br/> 	
				<p>This is a notification of an open request that has been escalated and requires your attention.</p>
				<p>Please review and provide your access decision. <a href="$rootPath/workitem/workItem.jsf?id=$workItem.id">Click here</a></p>
        Request Number:  $accessReqNumber<br/>
        Request For Identity Name:  <strong>$identityName</strong><br/>
        Request For Identity Display Name:  <strong>$identityDisplayName</strong><br/>
        Request:<br/>
				#if ( $workItem.approvalSet.items )
					#foreach ($approvalItem in $workItem.approvalSet.items)				
						#if ( $approvalItem.displayValue )
							<strong>$!approvalItem.operation $approvalItem.displayValue</strong><br/>
						#elseif ($approvalItem.value && $approvalItem.name && $approvalItem.application)
							#set($ruleObj = $ctx.getObjectByName($spTools.class.forName("sailpoint.object.Rule"), "Rule-Framework-ManagedAttribute-GetDisplayValue")) 
							#set($ruleArgs = { 
							    "attrName"  : $approvalItem.name, 
							    "attrValue" : $approvalItem.value,
							    "attrApp"   : $approvalItem.application 
							}) 
							#set($attrDisplayValue = $ctx.runRule($ruleObj, $ruleArgs))
							#if( $ruleObj )
							$ctx.decache($ruleObj)
							#end
							<strong>$!approvalItem.operation $attrDisplayValue</strong><br/>
						#elseif ($approvalItem.value.class.name == "java.util.List" || $approvalItem.value.class.name == "java.util.ArrayList")
							<strong>$!approvalItem.operation $approvalItem.value.get(0)</strong><br/>
						#elseif($approvalItem.value)
						<strong>$!approvalItem.operation  $approvalItem.value</strong><br/>
					    #elseif ($approvalItem.application)
						<strong>$!approvalItem.operation  Account on $approvalItem.application</strong><br/>
					   #end
					#end
				#end
			#if ($dynamicAppContentEscalation)
			<table>
			#foreach( $key in $dynamicAppContentEscalation.keySet() )
			<tr><td>$key</td><td>$dynamicAppContentEscalation.get($key)</td></tr>
			#end
			</table>
			#end
			#if( $footerTemplate )
			$footerTemplate
			#end
			#if( $launcherIdentity )
			$ctx.decache($launcherIdentity)
			#end
			#if( $requesteeIdentity )
			$ctx.decache($requesteeIdentity)
			#end
			#if( $ownerIdentity )
			$ctx.decache($ownerIdentity)
			#end
			</body>
		</html>
		]]>
	</Body>
	<Description>
		Email Template for alerting new work item owners when an
		item has
		escalated into their queue
	</Description>
	<Signature>
		<Inputs>
		    <Argument name="requestId" type="String">
            <Description>Request ID</Description>
            </Argument>
			<Argument name="workItem" type="WorkItem">
				<Description>The WorkItem object.</Description>
			</Argument>
			<Argument name="workItemName" type="string">
				<Description>The name of the WorkItem.</Description>
			</Argument>
			<Argument name="certification" type="Certification">
				<Description>The Certification object.</Description>
			</Argument>
			<Argument name="certificationName" type="string">
				<Description>The name of the Certification.</Description>
			</Argument>
			<Argument name="ownerName" type="string">
				<Description>The name of the Identity that owns the work item.</Description>
			</Argument>
			<Argument name="requester" type="Identity">
				<Description>The identity object that represents the creator of the
					work item.</Description>
			</Argument>
			<Argument name="ordinalNumReminders" type="string">
				<Description>The number of this reminder, starting from 1. Passed as
					a String.</Description>
			</Argument>
			<Argument name="remindersRemaining" type="string">
				<Description>The number of reminders remaining after this one.
					Passed as a String.</Description>
			</Argument>
			<Argument name="oldDueDate" type="date">
				<Description>The former due date, passed as a java.util.Date.</Description>
			</Argument>
			<Argument name="newDueDate" type="date">
				<Description>The new due date, passed as a java.util.Date.</Description>
			</Argument>
			<Argument name="nowDate" type="date">
				<Description>The current date, passed as a java.util.Date.</Description>
			</Argument>
			<Argument name="created" type="date">
				<Description>The date the work item was created, passed as a
					java.util.Date.</Description>
			</Argument>
			<Argument name="expiration" type="date">
				<Description>The optional date the work item completely expires,
					passed as a java.util.Date .</Description>
			</Argument>
		</Inputs>
	</Signature>
	<Subject>ESCALATION: Access request Awaiting Review</Subject>
</EmailTemplate>
