<?xml version='1.0' encoding='UTF-8'?>
<!DOCTYPE sailpoint PUBLIC "sailpoint.dtd" "sailpoint.dtd">
<!-- Copyright © 2018 SailPoint Technologies, Inc. All Rights Reserved.
All logos, text, content, and works of authorship, including but not limited to underlying code, programming or scripting language, designs, and/or graphics,
that are used and/or depicted herein are protected under United States and international copyright and trademark laws and treaties,
and may not be used or reproduced without the prior express written permission of SailPoint Technologies, Inc. -->
<sailpoint>
<ImportAction name='merge'>
<ObjectConfig name="Application">
	<!-- APPROVAL -->
	<ObjectAttribute categoryName="Approval"
		defaultValue="" displayName="Omit or Override with Multiple Manager Approval Rule" editMode="Permanent"
		name="skipSupervisorApproval">
		<Description>This rule can  be used to bypass supervisor approval</Description>
	</ObjectAttribute>
	<ObjectAttribute categoryName="Approval"
		 displayName="IdentityIQ 1st Level Business Approvers" editMode="Permanent"
		namedColumn="true" name="appBusApprovers">
		<Description>Enter a comma separated  Cube Ids or WorkGroups </Description>
	</ObjectAttribute>
	<ObjectAttribute categoryName="Approval"
		defaultValue="" displayName="Omit or Override IdentityIQ 1st Level Business Approvers Rule" editMode="Permanent"
		name="appBusApprovalRule">
		<Description> This rule can be used to override 1st Level Business Approvers</Description>
	</ObjectAttribute>
	<ObjectAttribute categoryName="Approval"
		displayName="IdentityIQ 2nd Level Business Approvers" editMode="Permanent"
		namedColumn="true" name="additionalAppBusApprovers">
		<Description>Enter a comma separated  Cube Ids or WorkGroups</Description>
	</ObjectAttribute>
	<ObjectAttribute categoryName="Approval" displayName="Omit or Override IdentityIQ 2nd Level Business Approvers Rule" editMode="Permanent" 
	defaultValue="" name="additionalAppBusApprovalRule">
		<Description> This rule can be used to override 2nd Level Business Approvers</Description>
	</ObjectAttribute>
	<ObjectAttribute categoryName="Approval" displayName="Display Form Name or Rule Name" editMode="Permanent" name="displayFormRule">
		<Description>When a form is needed to be shown during the request process.</Description>
	</ObjectAttribute>
	<ObjectAttribute categoryName="Approval"
		displayName="Request Access Form Role Name" editMode="Permanent" name="requestorFormRole">
		<Description>When a form is needed to be shown during the request process, access request will start by requesting this role</Description>
	</ObjectAttribute>
	 <ObjectAttribute categoryName="Multiple Acces or Account Request Workflows" displayName="Accelerator Pack Enabled" editMode="Permanent" name="acceleratorPackEnabled">
    <Description>Used to make sure access request is redirected to Accelerator Pack Wrapper Workflow</Description>
  </ObjectAttribute>
	</ObjectConfig>
	</ImportAction>
</sailpoint>
