<?xml version='1.0' encoding='UTF-8'?>
<!DOCTYPE Rule PUBLIC "sailpoint.dtd" "sailpoint.dtd">
<!-- Copyright © 2018 SailPoint Technologies, Inc. All Rights Reserved.
All logos, text, content, and works of authorship, including but not limited to underlying code, programming or scripting language, designs, and/or graphics,
that are used and/or depicted herein are protected under United States and international copyright and trademark laws and treaties,
and may not be used or reproduced without the prior express written permission of SailPoint Technologies, Inc. -->
<Rule language="beanshell" name="Rule-FrameWork-GetApprovalTypes">
  <Signature>
    <Inputs>
      <Argument name="log">
        <Description>
          The log object associated with the SailPointContext.
        </Description>
      </Argument>
      <Argument name="context">
        <Description>
          A sailpoint.api.SailPointContext object that can be used to query the database if necessary.
        </Description>
      </Argument>
      <Argument name="workflow">
        <Description>
          Workflow object containing all attributes from the workflow.  To get attributes being set on identity, do workflow.get("fieldValues")
        </Description>
       </Argument>
    </Inputs>
    <Returns>
      <Argument name="approvalTypes">
        <Description>
          List of approval types.  
        </Description>
       </Argument>
    </Returns>
  </Signature>
  <ReferencedRules>
    <Reference class="sailpoint.object.Rule" name="Rule-ApprovalFrameWorkLibrary"/>
  </ReferencedRules>
  <Source>
  <![CDATA[
  import sailpoint.rapidapponboarding.rule.ApprovalRuleLibrary;
  return ApprovalRuleLibrary.getAllApprovals(context, workflow,this,"Operations");
  ]]>
</Source>
</Rule>
