<?xml version='1.0' encoding='UTF-8'?>
<!DOCTYPE Plugin PUBLIC "sailpoint.dtd" "sailpoint.dtd">
<Plugin certificationLevel="None" displayName="Quicklink Menu Refresh Plugin" maxSystemVersion="8.2" minSystemVersion="7.3" name="menurefreshplugin" rightRequired="" version="0.0.1">
  <Attributes>
    <Map>
      <entry key="restResources">
        <value>
          <List>
            <String>sailpoint.pse.plugin.menurefreshplugin.rest.MenuRefreshResource</String>
          </List>
        </value>
      </entry>
      <entry key="snippets">
        <value>
          <List>
            <Snippet regexPattern=".*" rightRequired="">
              <Scripts>
                <String>ui/js/headerInject.js</String>
              </Scripts>
              <StyleSheets>
                <String>/ui/css/plugin.css</String>
              </StyleSheets>
            </Snippet>
          </List>
        </value>
      </entry>
    </Map>
  </Attributes>
</Plugin>
