<?xml version='1.0' encoding='UTF-8'?>
<!DOCTYPE sailpoint PUBLIC "sailpoint.dtd" "sailpoint.dtd">
<sailpoint>
    <ImportAction name="merge">
        <ObjectConfig name="Bundle">
            <Attributes>
                <Map>
                    <entry key="roleTypeDefinitions">
                        <value>
                            <List>
                                <RoleTypeDefinition displayName="OAR Bundle" icon="" name="oar"
                                                    noAssignmentSelector="true" noAutoAssignment="true"
                                                    noDetection="true" noIIQ="true" noManualAssignment="true"
                                                    noPermits="true" noRequirements="true" noSubs="true" noSupers="true"
                                                    notPermittable="true" notRequired="true">
                                    <Description>Used to model IdentityIQ Objects attributes</Description>
                                </RoleTypeDefinition>
                            </List>
                        </value>
                    </entry>
                </Map>
            </Attributes>
        </ObjectConfig>
    </ImportAction>
</sailpoint>