<?xml version="1.0" encoding="UTF-8"?>
<!DOCTYPE TaskDefinition PUBLIC 'sailpoint.dtd' 'sailpoint.dtd'>
<TaskDefinition
        executor="sailpoint.pse.plugin.oar.task.OarProcessor"
        name="Object Attribute Recertification Processor" progressInterval="1" progressMode="String"
        template="true" type="Generic">

    <Attributes>
        <Map>
            <entry key="pluginName" value="oar"/>
        </Map>
    </Attributes>

    <Description>
        OAR Task
    </Description>
    <Signature>
        <Inputs>
            <!-- Must have the driver class specified here -->
            <Argument name="objectType" helpKey="Object Type" type="string" required="true">
                <Prompt>Object types</Prompt>
                <Description>
                    Object type to audit for
                </Description>
            </Argument>
            <!-- Generic augments across all importer classes -->
            <Argument name="objectAttributes" helpKey="List of attributes to audit on the object type" type="string">
                <Prompt>List of attributes:</Prompt>
            </Argument>
            <Argument name="objectFilter" helpKey="Filter to use on the projected query of the object types"
                      type="string">
                <Prompt>Filter</Prompt>
            </Argument>
            <Argument name="objectIteratorFilter" helpKey="Iterator filter" type="Rule">
                <Prompt>Iterator filter</Prompt>
            </Argument>

        </Inputs>
        <Returns>
            <Argument name="processed" type="string">
                <Prompt>Total processed:</Prompt>
            </Argument>
        </Returns>
    </Signature>
</TaskDefinition>