<?xml version='1.0' encoding='UTF-8'?>
<!DOCTYPE Plugin PUBLIC "sailpoint.dtd" "sailpoint.dtd">
<Plugin certificationLevel="None" displayName="Server Auto Scaling" minSystemVersion="7.3" name="ServerAutoScaling" version="1.0.7">
  <Attributes>
    <Map>
      <entry key="minUpgradableVersion" value="1.0.5"/>
      <entry key="settings">
        <value>
          <List>
            <Setting dataType="boolean" helpText="Enable this option to delete inactive server objects" label="Delete Inactive Hosts" name="deleteInactiveHosts" defaultValue="true"/>
            <Setting dataType="boolean" helpText="Enable this option to terminate tasks running on inactive hosts" label="Terminate Orphan Tasks" name="terminateOrphanTasks" defaultValue="true"/>
            <Setting dataType="boolean" helpText="Enable this option to update hosts attribute in ServiceDefinition objects" label="Update ServiceDefinitions" name="updateServiceDefinitions" defaultValue="true"/>
            <Setting dataType="boolean" helpText="Enable this option to update host data in the plugin database" label="Update Host Reservation in Plugin DB" name="updateHostReservations" defaultValue="true"/>
          </List>
        </value>
      </entry>
      <entry key="serviceExecutors">
        <value>
          <List>
            <String>com.sailpoint.pse.plugin.autoscaling.HostNameService</String>
          </List>
        </value>
      </entry>
      <entry key="restResources">
        <value>
          <List>
            <String>com.sailpoint.pse.plugin.autoscaling.rest.AutoscalingMetrics</String>
          </List>
        </value>
      </entry>
    </Map>
  </Attributes>
</Plugin>