<?xml version='1.0' encoding='UTF-8'?>
<!DOCTYPE TaskDefinition PUBLIC "sailpoint.dtd" "sailpoint.dtd">
<TaskDefinition name="Oracle EPM Remove Accounts" executor="sailpoint.task.RuleExecutor" resultAction="Rename" subType="task_item_type_generic" type="Generic" progressInterval="5000" progressMode="String">
  <Attributes>
    <Map>
      <entry key="ruleName" value="Oracle EPM Remove Accounts"/>
      <entry key="terminationDateAttribute" value="twEmpEndDate_Display"/>
      <entry key="period" value="31"/>
      <entry key="workflowName" value="LCM Provisioning"/>
      <entry key="applicationName" value="Oracle EPM"/>
      <entry key="emailTemplateName" value="Oracle EPM Remove Accounts Email Template"/>
    </Map>
  </Attributes>
  <Description>Task to remove Oracle EPM accounts</Description>
  <Owner>
    <Reference class="sailpoint.object.Identity" name="spadmin"/>
  </Owner>
  <Signature>
    <Inputs>
      <Argument helpKey="Link Filter" name="linkFilter" type="string" required="false">
        <Prompt>Filter string (Applicable to Link Object) to identify the links</Prompt>
      </Argument>
      <Argument helpKey="Application Name" name="applicationName" type="string" required="true">
        <Prompt>Application Name</Prompt>
      </Argument>
      <Argument helpKey="terminationDateAttribute" name="terminationDateAttribute" type="string" required="true">
        <Prompt>Identity Attribute holding the termination date</Prompt>
      </Argument>
      <Argument helpKey="period" name="period" type="int" required="true">
        <Prompt>Time Period in Days</Prompt>
      </Argument>
      <Argument helpKey="workflowName" name="workflowName" type="string" required="true">
        <Prompt>Workflow to Invoke</Prompt>
      </Argument>
      <Argument helpKey="excludeAccounts" name="excludeAccounts" type="string" required="false" multi="true">
        <Prompt>Accounts to Exclude. Provide the Oracle EPM account name (comma separated or new line separated)</Prompt>
      </Argument>
      <Argument helpKey="Email Template to use" name="emailTemplateName" type="string" required="false">
        <Prompt>Email Template to use</Prompt>
      </Argument>
      <Argument helpKey="Users to be notified" name="notifiers" type="Identity" required="false" multi="true">
        <Prompt>Users to be notified</Prompt>
      </Argument>
      <Argument helpKey="Additional Email Addresess" name="additionalEmailAddresses" type="string" required="false" multi="true">
        <Prompt>Any additional email addresses to include for notifications (comma separated or new line separated)</Prompt>
      </Argument>
    </Inputs>
  </Signature>
</TaskDefinition>