<?xml version='1.0' encoding='UTF-8'?>
<!DOCTYPE sailpoint PUBLIC "sailpoint.dtd" "sailpoint.dtd">
<sailpoint>
	<Custom name="ObjectInspectorClasses">
		<Attributes>
			<Map>
				<entry key="Application">
					<value>
						<Map>
							<entry key="className" value="sailpoint.object.Application"/>
							<entry key="searchAttributes" value="name,type,connector"/>
							<entry key="filterString"/>
							<entry key="requiredRight" value="ObjectInspectorApplicationRight"/>
						</Map>
					</value>
				</entry>
				<entry key="Bundle">
					<value>
						<Map>
							<entry key="className" value="sailpoint.object.Bundle"/>
							<entry key="searchAttributes" value="name,displayName,type"/>
							<entry key="filterString" value=""/>
							<entry key="requiredRight" value="ObjectInspectorBundleRight"/>
						</Map>
					</value>
				</entry>
				<entry key="Form">
					<value>
						<Map>
							<entry key="className" value="sailpoint.object.Form"/>
							<entry key="searchAttributes" value="name"/>
							<entry key="filterString"/>
							<entry key="requiredRight" value="ObjectInspectorFormRight"/>
						</Map>
					</value>
				</entry>
				<entry key="Identity">
					<value>
						<Map>
							<entry key="className" value="sailpoint.object.Identity"/>
							<entry key="searchAttributes" value="name,displayName,email"/>
							<entry key="filterString" value="workgroup == false"/>
							<entry key="requiredRight" value="ObjectInspectorIdentityRight"/>
						</Map>
					</value>
				</entry>
				<entry key="Workflow">
					<value>
						<Map>
							<entry key="className" value="sailpoint.object.Workflow"/>
							<entry key="searchAttributes" value="name"/>
							<entry key="filterString"/>
							<entry key="requiredRight" value="ObjectInspectorWorkflowRight"/>
						</Map>
					</value>
				</entry>
				<entry key="WorkflowCase">
					<value>
						<Map>
							<entry key="className" value="sailpoint.object.WorkflowCase"/>
							<entry key="searchAttributes" value="name"/>
							<entry key="filterString"/>
							<entry key="requiredRight" value="ObjectInspectorWorkflowCaseRight"/>
						</Map>
					</value>
				</entry>
				<entry key="Workgroup">
					<value>
						<Map>
							<entry key="className" value="sailpoint.object.Identity"/>
							<entry key="searchAttributes" value="name,displayName,email,owner.name"/>
							<entry key="filterString" value="workgroup == true"/>
							<entry key="requiredRight" value="ObjectInspectorWorkgroupRight"/>
						</Map>
					</value>
				</entry>
			</Map>
		</Attributes>
	</Custom>
</sailpoint>