<?xml version='1.0' encoding='UTF-8'?>
<!DOCTYPE sailpoint PUBLIC "sailpoint.dtd" "sailpoint.dtd">
<sailpoint>
	<ImportAction name="merge">
		<Configuration name="Plugin Maintenance Configuration">
			<Attributes>
				<Map>
					<entry key="objectinspectorplugin">
						<value>
							<Map>
								<entry key="objectsToUninstall">
									<value>
										<List>
											<String>Custom:ObjectInspectorClasses</String>
											<String>Capability:ObjectInspectorBaseAccess</String>
											<String>ObjectInspectorAllOpjects</String>
											<String>SPRight:ObjectInspectorBaseAccess</String>
											<String>SPRight:ObjectInspectorApplicationRight</String>
											<String>SPRight:ObjectInspectorBundleRight</String>
											<String>SPRight:ObjectInspectorFormRight</String>
											<String>SPRight:ObjectInspectorIdentityRight</String>
											<String>SPRight:ObjectInspectorWorkgroupRight</String>
											<String>SPRight:ObjectInspectorWorkflowRight</String>
											<String>SPRight:ObjectInspectorWorkflowCaseRight</String>
											<String>Rule:XSLT Clean Objects</String>
											<String>Rule:Object Inspector Clean Passwords</String>
										</List>
									</value>
								</entry>
								<entry key="updateURL" value="https://iiqplugins.com/?pluginName=$!{pluginName}&amp;pluginVersion=$!{pluginVersion}&amp;iiqVersion=$!{iiqVersion}" />
							</Map>
						</value>
					</entry>
				</Map>
			</Attributes>
		</Configuration>
	</ImportAction>
</sailpoint>