<?xml version="1.0" encoding="UTF-8"?>
<!DOCTYPE Rule PUBLIC "sailpoint.dtd" "sailpoint.dtd">
<Rule language="beanshell" name="Adobe Creative Cloud Correlation Rule" type="Correlation">
  <Description>Adobe Correlation Rule. Splits the email address and returns the username part</Description>
  <Signature returnType="Map">
    <Inputs>
      <Argument name="log">
        <Description>
          The log object associated with the SailPointContext.
        </Description>
      </Argument>
      <Argument name="context">
        <Description>
          A sailpoint.api.SailPointContext object that can be used to query the database if necessary.
        </Description>
      </Argument>
      <Argument name="environment" type="Map">
        <Description>
          Arguments passed to the aggregation task.
        </Description>
      </Argument>
      <Argument name="application">
        <Description>
          Application being aggregated.
        </Description>
      </Argument>
      <Argument name="account">
        <Description>
          A sailpoint.object.ResourceObject returned from the
          collector.
        </Description>
      </Argument>
      <Argument name="link">
        <Description>
          Existing link to this account.
        </Description>
      </Argument>
    </Inputs>
    <Returns>
      <Argument name="identityName">
        <Description>
          The name of an Identity object.
        </Description>
      </Argument>
      <Argument name="identity">
        <Description>
          A fully resolved Identity object if the rule wants
          to do its own queries to locate the identity.
        </Description>
      </Argument>
      <Argument name="identityAttributeName">
        <Description>
          The name of the extended attribute that can be used
          to locate an existing identity.
        </Description>
      </Argument>
      <Argument name="identityAttributeValue">
        <Description>
          The value of the named extended attribute that can be used
          to locate an existing identity. This attribute is used
          together with the identityAttributeName argument.
        </Description>
      </Argument>
    </Returns>
  </Signature>
  <Source><![CDATA[
    import org.apache.commons.logging.Log;
    import org.apache.commons.logging.LogFactory;
    
    import java.util.Map;
    import java.util.HashMap;
    
    Log clog = LogFactory.getLog("com.pslabs.adobe.accountAggregation.correlationrule");
    String nativeIdentity = account.getIdentity();

    if (clog.isDebugEnabled())
      clog.debug("Received native identity " + nativeIdentity);

    // Split by @ sign and return the first part
    String name = nativeIdentity.split("@")[0];

    if (clog.isDebugEnabled())
      clog.debug("Returning " + name + " to correlate with an existing cube");
      
    Map returnMap = new HashMap();
    returnMap.put("identityName", name);

    return returnMap;
  ]]></Source>
</Rule>
