<?xml version="1.0" encoding="UTF-8"?>
<!DOCTYPE sailpoint PUBLIC "sailpoint.dtd" "sailpoint.dtd">
<!-- Copyright © 2018 SailPoint Technologies, Inc. All Rights Reserved.
All logos, text, content, and works of authorship, including but not limited to underlying code, programming or scripting language, designs, and/or graphics,
that are used and/or depicted herein are protected under United States and international copyright and trademark laws and treaties,
and may not be used or reproduced without the prior express written permission of SailPoint Technologies, Inc. -->
<sailpoint>
	<ImportAction name="merge">
		<Configuration name="SystemConfiguration">
			<Attributes>
				<Map>
					 <entry key="quickLinkCategories">
				        <value>
				          <List>
				           <QuickLinkCategory cssClass="quickLinkCategoryCustom" messageKey="quicklink_category_smart_config" name="SmartConfig" ordering="5"/>
				          </List>
				        </value>
      				</entry>
      				 <!--Archive Work Items -->
					 <entry key="workItemArchiveTypes" value="Certification, Remediation, Delegation, Approval, ViolationReview, Form, PolicyViolation, Challenge, ImpactAnalysis, Signoff, ManualAction"/>
     				<!--Performance Improvement Updates -->
					<entry key="allowWorkgroupsInIdListBean" value="false" />
					<entry key="defaultHomeWidgets" value="Approvals, Violations, DirectReports, MyAccessReviews"/>
					 <!-- Quick Link Cards -->
                    <entry key="defaultQuickLinkCards" value="Policy Violations, Access Reviews, Approvals, Request Access, Track Requests, Manage Accounts, Work Items, Mobile Violation Reviews, Forms, View Identity"/>
           	</Map>
			</Attributes>
		</Configuration>
	</ImportAction>
</sailpoint>
