<?xml version="1.0" encoding="UTF-8" standalone="no"?>
<!DOCTYPE sailpoint PUBLIC "sailpoint.dtd" "sailpoint.dtd">
<sailpoint>
    <SPRight displayName="Application Request Plugin allow access" name="applicationRequestRight"/>
    <SPRight displayName="Application Request Plugin allow REST API" name="applicationRequestRESTAllow"/>
    <SPRight name="iiqpluginapplicationrequestAddApplication"
             displayName="Business Application Request - Add Applications">
        <Description>Allows a user to add new application definitions in the Business Application Request</Description>
    </SPRight>
    <SPRight name="iiqpluginapplicationrequestDeleteApplication"
             displayName="Business Application Request - Delete Applications">
        <Description>Allows a user to delete application definitions in the Business Application Request</Description>
    </SPRight>
    <Capability name="applicationRequestAccess" displayName="Application Request Access">
        <Description>User access to the application request plugin</Description>
        <RightRefs>
            <Reference class="sailpoint.object.SPRight" name="applicationRequestRight"/>
            <Reference class="sailpoint.object.SPRight" name="applicationRequestRESTAllow"/>
        </RightRefs>
    </Capability>
    <Capability name="applicationRequestAccessAdmin" displayName="Application Request Access Administrator">
        <Description>Ability to add and remove application definitions from the application request plugin</Description>
        <RightRefs>
            <Reference class="sailpoint.object.SPRight" name="iiqpluginapplicationrequestAddApplication"/>
            <Reference class="sailpoint.object.SPRight" name="iiqpluginapplicationrequestDeleteApplication"/>
        </RightRefs>
    </Capability>
</sailpoint>
