<?xml version='1.0' encoding='UTF-8'?>
<!DOCTYPE Plugin PUBLIC "sailpoint.dtd" "sailpoint.dtd">
<Plugin name="objectinspectorplugin" displayName="Object Inspector" disabled="false" version="0.0.4.8" minSystemVersion="7.3" maxSystemVersion="8.2" certificationLevel="None" rightRequired="ObjectInspectorBaseAccess">
	<Attributes>
		<Map>
			<entry key="fullPage">
				<value>
					<FullPage title="Object Inspector" />
				</value>
			</entry>
			<entry key="snippets">
				<value>
					<List>
						<Snippet regexPattern=".*" rightRequired="ObjectInspectorBaseAccess">
							<Scripts>
								<String>ui/js/headerInject.js</String>
							</Scripts>
							<StyleSheets>
								<String>/ui/css/plugin.css</String>
							</StyleSheets>
						</Snippet>
					</List>
				</value>
			</entry>
			<entry key="minUpgradableVersion" value="0.0.1.0" />
			<entry key="restResources">
				<value>
					<List>
						<String>sailpoint.pse.plugin.objectinspector.rest.ObjectInspectorResource</String>
					</List>
				</value>
			</entry>
		</Map>
	</Attributes>
</Plugin>
