<?xml version="1.0" encoding="ISO-8859-1"?>
<project name="PS Labs SAP BAPI Provisioner Plugin" xmlns="http://maven.apache.org/DECORATION/1.0.0"
         xmlns:xsi="http://www.w3.org/2001/XMLSchema-instance"
         xsi:schemaLocation="http://maven.apache.org/DECORATION/1.0.0 http://maven.apache.org/xsd/decoration-1.0.0.xsd">
    <publishDate position="right"/>
    <version position="right"/>

    <body>

        <menu name="Overview">
            <item name="Introduction" href="index.html"/>
            <item name="FAQ" href="faq.html"/>
        </menu>

    </body>
</project>