<?xml version="1.0" encoding="UTF-8"?>
<archetype-descriptor xmlns:xsi="http://www.w3.org/2001/XMLSchema-instance" xsi:schemaLocation="https://maven.apache.org/plugins/maven-archetype-plugin/archetype-descriptor/1.1.0
        http://maven.apache.org/xsd/archetype-descriptor-1.1.0.xsd" name="iiq-webapp-extension" xmlns="https://maven.apache.org/plugins/maven-archetype-plugin/archetype-descriptor/1.1.0">
  <fileSets>
    <fileSet filtered="true" encoding="UTF-8">
      <directory>build-config/assembly</directory>
      <includes>
        <include>**/*.xml</include>
      </includes>
    </fileSet>
    <fileSet filtered="true" encoding="UTF-8">
      <directory>src/main/java</directory>
      <includes>
        <include>**/*.java</include>
      </includes>
    </fileSet>
    <fileSet filtered="true" encoding="UTF-8">
      <directory>src/main/webapp</directory>
      <includes>
        <include>**/*</include>
      </includes>
    </fileSet>
    <fileSet filtered="true" encoding="UTF-8">
      <directory>src/test/java</directory>
      <includes>
        <include>**/*.java</include>
      </includes>
    </fileSet>
  </fileSets>
  <requiredProperties>
    <requiredProperty key="iiqVersion"/>
  </requiredProperties>
</archetype-descriptor>