<?xml version="1.0" encoding="UTF-8"?>
<!DOCTYPE sailpoint PUBLIC "sailpoint.dtd" "sailpoint.dtd">
<!-- Copyright © 2018 SailPoint Technologies, Inc. All Rights Reserved.
All logos, text, content, and works of authorship, including but not limited to underlying code, programming or scripting language, designs, and/or graphics,
that are used and/or depicted herein are protected under United States and international copyright and trademark laws and treaties,
and may not be used or reproduced without the prior express written permission of SailPoint Technologies, Inc. -->
<sailpoint>
<ImportAction name="merge">
    <AuditConfig name='AuditConfig'>
      <AuditActions>
       <AuditAction displayName="audit_action_loginFailure" enabled="true" name="loginFailure"/>
	    <AuditAction displayName="audit_action_emailSent" enabled="true" name="emailSent"/>
	    <AuditAction displayName="audit_action_emailFailure" enabled="true" name="emailFailure"/>
	    <AuditAction displayName="audit_action_delegate" enabled="true" name="delegate"/>
	    <AuditAction displayName="audit_action_completeDelegation" enabled="true" name="completeDelegation"/>
	    <AuditAction displayName="audit_action_revokeDelegation" enabled="true" name="revokeDelegation"/>
	    <AuditAction displayName="audit_action_reassign" enabled="true" name="reassign"/>
	    <AuditAction displayName="audit_action_rescindCertification" enabled="true" name="rescindCertification"/>
	    <AuditAction displayName="audit_action_remediate" enabled="true" name="remediate"/>
	    <AuditAction displayName="audit_action_signoff" enabled="true" name="signoff"/>
	    <AuditAction displayName="audit_action_signoffEscalation" name="signoffEscalation"/>
	    <AuditAction displayName="audit_action_escalate" enabled="true" name="escalate"/>
	    <AuditAction displayName="audit_action_expire" enabled="true" name="expire"/>
	    <AuditAction displayName="audit_action_approve" enabled="true" name="approve"/>
	    <AuditAction displayName="audit_action_reject" enabled="true" name="reject"/>
	    <AuditAction displayName="audit_action_Forward" enabled="true" name="Forward"/>
	    <AuditAction displayName="audit_action_taskResultsPruned" enabled="true" name="taskResultsPruned"/>
	    <AuditAction displayName="audit_action_certificationsPhased" enabled="true" name="certificationsPhased"/>
	    <AuditAction displayName="audit_action_provision" enabled="true" name="provision"/>
	    <AuditAction displayName="audit_action_identityCorrelation" enabled="true" name="identityCorrelation"/>
	    <AuditAction displayName="audit_action_linkMoved" enabled="true" name="linkMoved"/>
	    <AuditAction displayName="audit_action_identityLifecycleEvent" enabled="true" name="identityLifecycleEvent"/>
	    <AuditAction displayName="audit_action_activate" enabled="true" name="activate"/>
	    <AuditAction displayName="audit_action_deactivate" enabled="true" name="deactivate"/>
	    <AuditAction displayName="audit_action_violationAllowException" enabled="true" name="violationAllowException"/>
	    <AuditAction displayName="audit_action_violationCorrection" enabled="true" name="violationCorrection"/>
	    <AuditAction displayName="audit_action_violationDelegate" enabled="true" name="violationDelegate"/>
	    <AuditAction displayName="audit_action_ApproveLineItem" enabled="true" name="ApproveLineItem"/>
	    <AuditAction displayName="audit_action_AccountsRequestStart" enabled="true" name="AccountsRequestStart"/>
	    <AuditAction displayName="audit_action_Comment" enabled="true" name="Comment"/>
	    <AuditAction displayName="audit_action_Create" enabled="true" name="Create"/>
	    <AuditAction displayName="audit_action_Delete" enabled="true" name="Delete"/>
	    <AuditAction displayName="audit_action_Disable" enabled="true" name="Disable"/>
	    <AuditAction displayName="audit_action_Enable" enabled="true" name="Enable"/>
	    <AuditAction displayName="audit_action_EntitlementAdd" enabled="true" name="EntitlementAdd"/>
	    <AuditAction displayName="audit_action_EntitlementRemove" enabled="true" name="EntitlementRemove"/>
	    <AuditAction displayName="audit_action_EntitlementsRequestStart" enabled="true" name="EntitlementsRequestStart"/>
	    <AuditAction displayName="audit_action_ExpirePasswordStart" enabled="true" name="ExpirePasswordStart"/>
	    <AuditAction displayName="audit_action_ForgotPasswordStart" enabled="true" name="ForgotPasswordStart"/>
	    <AuditAction displayName="audit_action_IdentityCreateRequestStart" enabled="true" name="IdentityCreateRequestStart"/>
	    <AuditAction displayName="audit_action_IdentityEditRequestStart" enabled="true" name="IdentityEditRequestStart"/>
	    <AuditAction displayName="audit_action_ManualChange" enabled="true" name="ManualChange"/>
	    <AuditAction displayName="audit_action_Modify" enabled="true" name="Modify"/>
	    <AuditAction displayName="audit_action_PasswordRequestStart" enabled="true" name="PasswordsRequestStart"/>
	    <AuditAction displayName="audit_action_PasswordChanged" enabled="true" name="PasswordChange"/>
	    <AuditAction displayName="audit_action_PasswordChangeFailure" enabled="true" name="PasswordChangeFailure"/>
	    <AuditAction displayName="audit_action_ForgotPasswordChange" enabled="true" name="ForgotPasswordChange"/>
	    <AuditAction displayName="audit_action_ExpiredPasswordChange" enabled="true" name="ExpiredPasswordChange"/>
	    <AuditAction displayName="audit_action_ProvisioningComplete" enabled="true" name="ProvisioningComplete"/>
	    <AuditAction displayName="audit_action_ProvisioningFailure" enabled="true" name="ProvisioningFailure"/>
	    <AuditAction displayName="audit_action_RegistrationStart" enabled="true" name="RegistrationStart"/>
	    <AuditAction displayName="audit_action_RejectLineItem" enabled="true" name="RejectLineItem"/>
	    <AuditAction displayName="audit_action_RoleAdd" enabled="true" name="RoleAdd"/>
	    <AuditAction displayName="audit_action_RoleRemove" enabled="true" name="RoleRemove"/>
	    <AuditAction displayName="audit_action_RolesRequestStart" enabled="true" name="RolesRequestStart"/>
	    <AuditAction displayName="audit_action_Unlock" enabled="true" name="Unlock"/>
	    <AuditAction displayName="audit_action_IdentityLocked" enabled="true" name="IdentityLocked"/>
	    <AuditAction displayName="audit_action_IdentityUnlocked" enabled="true" name="IdentityUnlocked"/>
	    <AuditAction displayName="audit_action_AuthAnswerIncorrect" enabled="true" name="AuthAnswerIncorrect"/>
	    <AuditAction displayName="audit_action_AccessRequestStart" enabled="true" name="AccessRequestStart"/>
	    <AuditAction displayName="audit_action_PasswordPolicyChange" enabled="true" name="PasswordPolicyChange"/>
	    <AuditAction displayName="audit_action_ServerUpDown" enabled="true" name="ServerUpDown"/>
	    <AuditAction displayName="audit_action_import" enabled="true" name="import"/>
    	<AuditAction displayName="audit_action_updateRole" enabled="true" name="updateRole"/>
    	<AuditAction displayName="audit_action_disableRole" enabled="true" name="disableRole"/>
    	<AuditAction displayName="audit_action_WorkItemAssignment" enabled="true" name="WorkItemAssignment"/>
    	<AuditAction displayName="audit_action_RemediationItemAssignment" enabled="true" name="RemediationItemAssignment"/>
	  	<AuditAction displayName="audit_action_ROAD_LifeCycle" enabled="true" name="roadLifeCycleEventRequest"/>
    	<AuditAction displayName="audit_action_ROAD_LifeCycleCertification" enabled="true" name="roadCertificationLifeCycleEventRequest"/>
    	<AuditAction displayName="audit_action_ROAD_Interactive" enabled="true" name="roadInteractiveRequest"/>
    	<AuditAction displayName="audit_action_ROAD_Operational" enabled="true" name="roadOperationalRequest"/>
    	<AuditAction displayName="audit_action_ROAD_BackgroundService" enabled="true" name="roadBackGroundServiceRequest"/>
    	<AuditAction displayName="audit_action_ROAD_Automation" enabled="true" name="roadRoleEntitlementAssignmentsRequest"/>
    	<AuditAction displayName="audit_action_ROAD_PolicyViolation" enabled="true" name="roadPolicyViolationDeprovisioningRequest"/>
    	<AuditAction displayName="audit_action_ROAD_CertificationRemediation" enabled="true" name="roadCertificationRemediation"/>
    	<AuditAction displayName="audit_action_ROAD_Webservices" enabled="true" name="roadWebservicesRequest"/>
 	</AuditActions>
 	<AuditAttributes>
	    <AuditAttribute class="Identity" displayName="audit_attribute_assignedRoles" enabled="true" name="assignedRoles"/>
	    <AuditAttribute class="Identity" displayName="audit_attribute_capabilities" enabled="true" name="capabilities"/>
	    <AuditAttribute class="Identity" displayName="audit_attribute_correlationStatus" enabled="true" name="correlationStatus"/>
	</AuditAttributes>
  <AuditClasses>
    <AuditClass create="true" delete="true" displayName="Custom" name="Custom" update="true"/>
  </AuditClasses>
  </AuditConfig>
</ImportAction>
</sailpoint>
