<?xml version='1.0' encoding='UTF-8'?>
<!DOCTYPE Plugin PUBLIC "sailpoint.dtd" "sailpoint.dtd">
<Plugin certificationLevel="None" displayName="Identity Refresh Plugin" minSystemVersion="7.2" name="identityRefreshPlugin" version="0.1.0.0">
	<!--  
		(c) Copyright 2019 - 2020 SailPoint Technologies, Inc., All Rights Reserved.
	 -->
	<Attributes>
		<Map>
			<entry key="minUpgradableVersion" value="0.0.1.3" />
			<entry key="restResources">
				<value>
					<List>
						<String>sailpoint.pse.plugin.identityRefresh.rest.IdentityRefreshPluginResource</String>
					</List>
				</value>
			</entry>
			<entry key="settings">
				<value>
					<List>
						<Setting dataType="boolean" 
							helpText="Refresh (aggregate) the accounts, currently found on the identity cube." 
							label="Refresh Links" 
							name="refreshLinks" defaultValue="false" />
						<Setting dataType="boolean" 
							helpText="Enforce the identity request authority as defined in the quicklink populations." 
							label="Enforce Quicklink Populations" 
							name="enforceQuicklinkPopulations" defaultValue="true" />
						<Setting dataType="boolean" 
							helpText="Update identity cubes with any changes made to the attributes used to define identities." 
							label="Refresh identity attributes" 
							name="promoteAttributes" defaultValue="true" />
						<Setting dataType="boolean" 
							helpText="When enabled, any account values for attributes marked 'entitlement' in the application schema will be promoted. During the refresh process this can be expensive since it will promote all entitlement values for ALL links. Typically these are promoted when we are aggregating data from the source application." 
							label="Refresh Identity Entitlements for all links" 
							name="refreshIdentityEntitlements" defaultValue="true" />
						<Setting dataType="boolean" 
							helpText="Update all identity cubes in which the manager status has changed. For example, if a user was promoted to manager in their department, their identity cube would be updated by this task." 
							label="Refresh manager status" 
							name="refreshManagerStatus" defaultValue="true" />
						<Setting dataType="boolean" 
							helpText="Update any assigned or detected role assignments that have change since the last time this task was run. Any additional entitlements found in this refresh will be promoted during this task." 
							label="Refresh assigned, detected roles and promote additional entitlements" 
							name="correlateEntitlements" defaultValue="true" />
						<Setting dataType="boolean" 
							helpText="Provision any assigned roles detected since the last time this task was run and any assigned attributes that have been removed." 
							label="Provision" 
							name="provision" defaultValue="false" />
						<Setting dataType="boolean" 
							helpText="Provision identity mapping targets if their values have changed." 
							label="Synchronize attributes" 
							name="synchronizeAttributes" defaultValue="false" />
						<Setting dataType="boolean" 
							helpText="Scan for active policies and apply those policies to the identities included in the task." 
							label="Check Active Policies" 
							name="checkPolicies" defaultValue="true" />
						<Setting dataType="boolean" 
							helpText="Enable event certifications and lifecycle events.  Use the snapshots created during aggregation to approximate the previous state of the identities at the beginning of the refresh. This copied identity is compared to the updated identity to determine if event certifications or lifecyle events are launched." 
							label="Process Events" 
							name="processTriggers" defaultValue="false" />
					</List>
				</value>
			</entry>
			<entry key="snippets">
				<value>
					<List>
						<Snippet regexPattern=".*\/identity\/identity.jsf.*" rightRequired="IdentityRefreshPluginRight">
							<Scripts>
								<String>ui/js/headerInjectIdentityWarehouse.js</String>
							</Scripts>
							<StyleSheets>
								<String>/ui/css/plugin.css</String>
							</StyleSheets>
						</Snippet>
						<!--  headerInjectManageIdentity.js -->
						<Snippet regexPattern=".*identities\/identities.jsf.*" rightRequired="IdentityRefreshPluginRight">
							<Scripts>
								<String>ui/js/headerInjectManageIdentity.js</String>
							</Scripts>
							<StyleSheets>
								<String>/ui/css/plugin.css</String>
							</StyleSheets>
						</Snippet>
					</List>
				</value>
			</entry>
		</Map>
	</Attributes>
</Plugin>

