<assembly xmlns:xsi="http://www.w3.org/2001/XMLSchema-instance" xmlns="http://maven.apache.org/ASSEMBLY/2.0.0" xsi:schemaLocation="http://maven.apache.org/ASSEMBLY/2.0.0 http://maven.apache.org/xsd/assembly-2.0.0.xsd
http://maven.apache.org/ASSEMBLY/2.0.0 ">
  <id>src</id>
  <formats>
    <format>zip</format>
  </formats>
  <includeBaseDirectory>false</includeBaseDirectory>
  <fileSets>
    <fileSet>
      <directory>${project.basedir}</directory>
      <outputDirectory>${file.separator}</outputDirectory>
      <includes>
        <include>README.md</include>
        <include>LICENSE.txt</include>
        <include>NOTICE.txt</include>
      </includes>
    </fileSet>
    <!-- Package all the site content-->
    <fileSet>
      <directory>${project.build.directory}/site</directory>
      <outputDirectory>${file.separator}/${project.artifactId}-${project.version}-docs</outputDirectory>
      <includes>
        <include>**/*</include>
      </includes>
    </fileSet>
  </fileSets>
</assembly>