<?xml version="1.0"?>
<!DOCTYPE Plugin PUBLIC "sailpoint.dtd" "sailpoint.dtd">
<Plugin name="velocity_template_plugin" displayName="Email Template Editor Plugin" version="1.0.1" disabled="false"
        certificationLevel="None" minSystemVersion="8.0" maxSystemVersion="8.1">
    <Attributes>
        <Map>
            <entry key="minUpgradableVersion" value="1.0.2"/>
            <entry key="settings">
                <value>
                    <List/>
                </value>
            </entry>
            <entry key="fullPage">
                <value>
                    <FullPage title="Email Template Editor Plugin"/>
                </value>
            </entry>
            <entry key="snippets">
                <value>
                    <List>
                        <Snippet regexPattern=".*" rightRequired="VelocityTemplatePluginIcon">
                            <Scripts>
                                <String>ui/js/buttonInject.js</String>
                            </Scripts>
                        </Snippet>
                    </List>
                </value>
            </entry>
            <entry key="restResources">
                <value>
                    <List>
                        <String>com.sailpoint.pse.plugin.email.editor.rest.VelocityTemplateService</String>
                    </List>
                </value>
            </entry>
        </Map>
    </Attributes>
</Plugin>
