<?xml version='1.0' encoding='UTF-8'?>
<!DOCTYPE Plugin PUBLIC "sailpoint.dtd" "sailpoint.dtd">
<Plugin name="pushplugin" displayName="Push Plugin" disabled="false" version="0.0.3" minSystemVersion="7.2" certificationLevel="None" rightRequired="">
	<Attributes>
		<Map>
			<!-- entry key="minUpgradableVersion" value="0.0.0" / -->
			<entry key="restResources">
				<value>
					<List>
						<String>sailpoint.pse.plugin.pushplugin.rest.PushPluginResource</String>
					</List>
				</value>
			</entry>
			<entry key="settings">
				<value>
					<List>
						<!-- Account options -->
						<!-- Refresh Identity Attributes -->
						<Setting dataType="boolean" helpText="help_task_refresh_identity_atts" label="task_in_identity_refresh_promote_attributes" name="promoteAttributes" defaultValue="true" />
						<!-- Refresh Identity Entitlements for all links -->
						<Setting dataType="boolean" helpText="help_task_refresh_identity_entitlements" label="task_in_account_refresh_entitlements" name="refreshIdentityEntitlements" defaultValue="false" />
						<!-- Refresh Manager Status -->
						<Setting dataType="boolean" helpText="help_task_refresh_mgr_status" label="task_in_identity_refresh_refresh_manager_status" name="refreshManagerStatus" defaultValue="false" />
						<!-- Refresh assigned and detected roles -->
						<Setting dataType="boolean" helpText="help_task_refresh_roles" label="task_in_account_aggregation_correlate_entitlements" name="correlateEntitlements" defaultValue="false" />
						<!-- Provision assignments -->
						<Setting dataType="boolean" helpText="help_task_provision_assigned_roles" label="task_in_identity_refresh_provision" name="provision" defaultValue="false" />
						<!-- Refresh role metadata for each identity -->
						<Setting dataType="boolean" helpText="help_task_refresh_role_metadata" label="task_in_identity_refresh_refresh_role_metadata" name="refreshRoleMetadata" defaultValue="false" />
						<!-- Synchronize attributes -->
						<Setting dataType="boolean" helpText="help_task_synchronize_attributes" label="task_in_identity_refresh_synchronize_attributes" name="synchronizeAttributes" defaultValue="false" />
						<!-- Check active policies -->
						<Setting dataType="boolean" helpText="help_task_apply_active_policies" label="task_in_account_aggregation_check_policies" name="checkPolicies" defaultValue="false" />
						<!-- Keep previous violations -->
						<Setting dataType="boolean" helpText="" label="task_in_identity_refresh_keep_inactive_violations" name="keepInactiveViolations" defaultValue="false" />
						<!-- A comma separated list of specific policy names. When set, this overrides the default policies. -->
						<Setting dataType="string" helpText="help_task_policy_list" label="task_in_identity_refresh_policies" name="policies" />
						<!-- Refresh the identity risk scorecards -->
						<Setting dataType="boolean" helpText="help_task_refresh_risk_scores" label="task_in_identity_refresh_refresh_scorecard" name="refreshScorecard" defaultValue="false" />
						<!-- Maintain identity histories -->
						<Setting dataType="boolean" helpText="help_task_maintain_history" label="task_in_identity_refresh_check_history" name="checkHistory" defaultValue="false" />
						<!-- Refresh assigned scope -->
						<Setting dataType="boolean" helpText="help_task_refresh_scopes" label="task_in_identity_refresh_correlate_scope" name="correlateScope" defaultValue="false" />
						<!-- Disable auto creation of scopes -->
						<Setting dataType="boolean" helpText="help_task_disable_scope_autocreate" label="task_in_identity_refresh_no_auto_create_scopes" name="noAutoCreateScopes" defaultValue="false" />
						<!-- Process events -->
						<Setting dataType="boolean" helpText="help_task_process_events" label="task_in_identity_refresh_process_triggers" name="processTriggers" defaultValue="false" />
						<!-- Only create links if they can be correlated to an existing identity. -->
						<Setting dataType="boolean" helpText="help_task_correlate_only" label="task_in_account_aggregation_correlate_only" name="correlateOnly" defaultValue="false" />
						<!-- Disable auto-creation of Applications -->
						<Setting dataType="boolean" helpText="help_task_no_autocreate_apps" label="task_in_account_aggregation_no_autocreate_apps" name="noAutoCreateApplications" defaultValue="false" />
						<!-- Disable marking the identity as needing a refresh -->
						<Setting dataType="boolean" helpText="help_task_no_needs_refresh" label="task_in_account_aggregation_no_needs_refresh" name="noNeedsRefresh" defaultValue="false" />
						<!-- Pre-Refresh Rule -->
						<Setting dataType="string" helpText="A rule run at the start of the identity refresh." label="Pre-Refresh Rule" name="preRefreshRule" />
						<!-- Refresh Rule -->
						<Setting dataType="string" helpText="A rule run at the end of the identity refresh" label="refresh_rule" name="refreshRule" />
						<!-- Refresh Workflow -->
						<Setting dataType="string" helpText="A workflow launched at the end of the identity refresh, if needed" label="workflow_type_identity_refresh" name="refreshWorkflow" />
						<Setting dataType="boolean" helpText="help_task_force_workflow" label="task_in_identity_refresh_force_workflow" name="forceWorkflow" />
						<!-- Disable optimization of unchanged accounts -->
						<Setting dataType="boolean" helpText="help_task_no_optimize_reagg" label="task_in_account_aggregation_no_optimize_reagg" name="noOptimizeReaggregation" defaultValue="false" />
						<!-- Promote managed attributes -->
						<Setting dataType="boolean" helpText="help_task_promote_managed_entitlements" label="task_in_account_aggregation_promote_managed_attributes" name="promoteManagedAttributes" defaultValue="false" />
					</List>
				</value>
			</entry>
			<entry key="settingsForm">
				<value>
					<Form name="Push Plugin Settings">
						<Attributes>
							<Map>
								<entry key="pageTitle" value="Push Plugin Settings" />
								<entry key="title" value="Push Plugin Settings" />
							</Map>
						</Attributes>
						<Section columns="2" name="Aggregation" label="Aggregation">
							<Field type="boolean" helpKey="" displayName="task_in_account_aggregation_correlate_only" name="correlateOnly" />
							<Field type="boolean" helpKey="help_task_no_autocreate_apps" displayName="task_in_account_aggregation_no_autocreate_apps" name="noAutoCreateApplications" />
							<Field type="boolean" helpKey="help_task_no_needs_refresh" displayName="task_in_account_aggregation_no_needs_refresh" name="noNeedsRefresh" />
							<Field type="boolean" helpKey="help_task_no_optimize_reagg" displayName="task_in_account_aggregation_no_optimize_reagg" name="noOptimizeReaggregation" />
							<Field type="boolean" helpKey="help_task_promote_managed_entitlements" displayName="task_in_account_aggregation_promote_managed_attributes" name="promoteManagedAttributes" />
						</Section>
						<Section columns="2" name="Refresh" label="Refresh">
							<Field type="boolean" helpKey="help_task_refresh_identity_atts" displayName="task_in_identity_refresh_promote_attributes" name="promoteAttributes" />
							<Field type="boolean" helpKey="help_task_refresh_identity_entitlements" displayName="task_in_account_refresh_entitlements" name="refreshIdentityEntitlements" />
							<Field type="boolean" helpKey="help_task_refresh_mgr_status" displayName="task_in_identity_refresh_refresh_manager_status" name="refreshManagerStatus" />
							<Field type="boolean" helpKey="help_task_refresh_roles" displayName="task_in_account_aggregation_correlate_entitlements" name="correlateEntitlements" />
							<Field type="boolean" helpKey="help_task_provision_assigned_roles" displayName="task_in_identity_refresh_provision" name="provision" />
							<Field type="boolean" helpKey="help_task_refresh_role_metadata" displayName="task_in_identity_refresh_refresh_role_metadata" name="refreshRoleMetadata" />
							<Field type="boolean" helpKey="help_task_synchronize_attributes" displayName="task_in_identity_refresh_synchronize_attributes" name="synchronizeAttributes" />
							<Field type="boolean" helpKey="help_task_apply_active_policies" displayName="task_in_account_aggregation_check_policies" name="checkPolicies" />
							<Field type="boolean" helpKey="" displayName="task_in_identity_refresh_keep_inactive_violations" name="keepInactiveViolations" />
							<Field type="string" helpKey="help_task_policy_list" displayName="task_in_identity_refresh_policies" name="policies" />
							<Field type="boolean" helpKey="help_task_refresh_risk_scores" displayName="task_in_identity_refresh_refresh_scorecard" name="refreshScorecard" />
							<Field type="boolean" helpKey="help_task_maintain_history" displayName="task_in_identity_refresh_check_history" name="checkHistory" />
							<Field type="boolean" helpKey="help_task_refresh_scopes" displayName="task_in_identity_refresh_correlate_scope" name="correlateScope" />
							<Field type="boolean" helpKey="help_task_disable_scope_autocreate" displayName="task_in_identity_refresh_no_auto_create_scopes" name="noAutoCreateScopes" />
							<Field type="boolean" helpKey="help_task_process_events" displayName="task_in_identity_refresh_process_triggers" name="processTriggers" />
							<Field type="string" helpKey="A rule run at the start of the identity refresh." displayName="Pre-Refresh Rule" name="preRefreshRule" />
							<Field type="string" helpKey="A rule run at the end of the identity refresh" displayName="refresh_rule" name="refreshRule" />
							<Field type="string" helpKey="A workflow launched at the end of the identity refresh, if needed" displayName="workflow_type_identity_refresh" name="refreshWorkflow" />
							<Field type="boolean" helpKey="help_task_force_workflow" displayName="task_in_identity_refresh_force_workflow" name="forceWorkflow" />
						</Section>
					</Form>
				</value>
			</entry>
		</Map>
	</Attributes>
</Plugin>