<?xml version="1.0"?>
<!DOCTYPE Plugin PUBLIC "sailpoint.dtd" "sailpoint.dtd">
<Plugin name="saml_logout_plugin" displayName="SAML Logout Plugin" version="1.0.0" disabled="false" certificationLevel="None" minSystemVersion="7.1">
  <Attributes>
    <Map>
      <entry key="minUpgradableVersion" value="1.0.0"/>
      <entry key="settings">
        <value>
          <List>
            <Setting name="redirectUrl" dataType="string" defaultValue="pleaseRedirectMeToYourIdpLogoutPage" helpText="Define the URL to which we should redirect on logout" label="Redirect URL"/>
          </List>
        </value>
      </entry>
      <entry key="snippets">
        <value>
          <List>
            <Snippet regexPattern=".*">
              <Scripts>
                <String>ui/js/headerInject.js</String>
              </Scripts>
            </Snippet>
          </List>
        </value>
      </entry>
      <entry key="restResources">
        <value>
          <List>
            <String>com.sailpoint.pse.plugin.samllogout.rest.SAMLLogoutService</String>
          </List>
        </value>
      </entry>
    </Map>
  </Attributes>
</Plugin>