<?xml version='1.0' encoding='UTF-8'?>
<!DOCTYPE IdentityTrigger PUBLIC "sailpoint.dtd" "sailpoint.dtd">
<!-- Copyright © 2018 SailPoint Technologies, Inc. All Rights Reserved.
All logos, text, content, and works of authorship, including but not limited to underlying code, programming or scripting language, designs, and/or graphics,
that are used and/or depicted herein are protected under United States and international copyright and trademark laws and treaties,
and may not be used or reproduced without the prior express written permission of SailPoint Technologies, Inc. -->
<IdentityTrigger created="" disabled="true" handler="sailpoint.api.CertificationTriggerHandler" id="##NATIVECERTRIG002##" modified="" name="NATIVE CHANGE CERTIFICATION EVENT" type="NativeChange">
  <Description>Native Change Certification Trigger</Description>
  <Owner>
    <Reference class="sailpoint.object.Identity" id="" name="spadmin"/>
  </Owner>
  <HandlerParameters>
    <Attributes>
      <Map>
        <entry key="certificationDefinitionId" value="##NATIVECERTDEF002##"/>
      </Map>
    </Attributes>
  </HandlerParameters>
  <Selector>
    <IdentitySelector>
      <PopulationRef>
        <Reference class="sailpoint.object.GroupDefinition" name="Accelerator Pack Correlated Identities"/>
      </PopulationRef>
    </IdentitySelector>
  </Selector>
</IdentityTrigger>
