<?xml version="1.0" encoding="UTF-8"?>
<!DOCTYPE IdentityTrigger PUBLIC "sailpoint.dtd" "sailpoint.dtd">
<!-- Copyright © 2018 SailPoint Technologies, Inc. All Rights Reserved.
All logos, text, content, and works of authorship, including but not limited to underlying code, programming or scripting language, designs, and/or graphics,
that are used and/or depicted herein are protected under United States and international copyright and trademark laws and treaties,
and may not be used or reproduced without the prior express written permission of SailPoint Technologies, Inc. -->
<IdentityTrigger handler="sailpoint.api.WorkflowTriggerHandler" name="NATIVE CHANGE DETECTION FEATURE" type="NativeChange">
  <Description>A change to an account was processed in IdentityIQ that needs to be confirmed.</Description>
  <HandlerParameters>
    <Attributes>
      <Map>
        <entry key="workflow" value="Workflow-Lifecycle-NativeChangeDetection-RequestObject-Wrapper"/>
      </Map>
    </Attributes>
  </HandlerParameters>
  <Selector>
    <IdentitySelector>
      <PopulationRef>
        <Reference class="sailpoint.object.GroupDefinition" name="Accelerator Pack Correlated Identities"/>
      </PopulationRef>
    </IdentitySelector>
  </Selector>
</IdentityTrigger>
