<?xml version='1.0' encoding='UTF-8'?>
<!DOCTYPE sailpoint PUBLIC "sailpoint.dtd" "sailpoint.dtd">
<!-- Copyright © 2018 SailPoint Technologies, Inc. All Rights Reserved.
All logos, text, content, and works of authorship, including but not limited to underlying code, programming or scripting language, designs, and/or graphics,
that are used and/or depicted herein are protected under United States and international copyright and trademark laws and treaties,
and may not be used or reproduced without the prior express written permission of SailPoint Technologies, Inc. -->
<sailpoint>
<ImportAction name='merge'>
<ObjectConfig name="Application">
	<!-- ENTITLEMENT DEPENDENCY -->
	<ObjectAttribute  defaultValue="" categoryName="New Account Dependency Entitlements"
		displayName="Dependency Application Entitlements" editMode="Permanent" name="accountCreateEntitlements">
		<Description>SUPPORTED FORMAT:[Application Name]#[Application Attribute Name]#[Application Attribute Value]|[Application Name]#[Application Attribute Name]#[Application Attribute Value].</Description>
	</ObjectAttribute>
	<ObjectAttribute categoryName="New Account Dependency Entitlements"
		displayName="Conditional Omit Dependency Application Entitlements Rule" editMode="Permanent"
		defaultValue="" name="accountCreateConditionalRule">
		<Description>Rule that determines if the provisioning of the dependency entitlements for this Application should be executed or not. The Rule must return a Boolean "true" value if the provisioning should be executed, or "false" if the provisioning should be skipped.</Description>
	</ObjectAttribute>
	</ObjectConfig>
	</ImportAction>
</sailpoint>
