<?xml version="1.0" encoding="UTF-8" standalone="no"?>
<!DOCTYPE Plugin PUBLIC "sailpoint.dtd" "sailpoint.dtd">
<Plugin displayName="KPIs Extension" minSystemVersion="7.3" name="KPIsPlugin" version="2.1.2">
    <Attributes>
        <Map>
            <entry key="minUpgradableVersion" value="2.1.2"/>
            <entry key="fullPage">
                <value>
                    <FullPage title="KPIs"/>
                </value>
            </entry>
            <entry key="taskExecutors">
                <value>
                    <List>
                        <String>com.sailpoint.pse.plugin.kpi.task.KPIstaskExecutor</String>
                        <String>com.sailpoint.pse.plugin.kpi.task.KPIsPruneTaskExecutor</String>
                        <String>com.sailpoint.pse.plugin.kpi.task.KPIstaskExecutorSQL</String>
                    </List>
                </value>
            </entry>
            <entry key="restResources">
                <value>
                    <List>
                        <String>com.sailpoint.pse.plugin.kpi.rest.KPIsResource</String>
                    </List>
                </value>
            </entry>
            <entry key="snippets">
                <value>
                    <List>
                        <Snippet regexPattern=".*home.jsf">
                            <Scripts>
                                <String>ui/js/snippets/KPIsPluginWidgetModule.js</String>
                                <String>ui/js/Chart.js</String>
                            </Scripts>
                        </Snippet>
                    </List>
                </value>
            </entry>
            <entry key="scriptPackages">
                <value>
                    <List>
                        <String>com.sailpoint.pse.plugin.kpi.rest</String>
                    </List>
                </value>
            </entry>
        </Map>
    </Attributes>
</Plugin>
