<?xml version='1.0' encoding='UTF-8'?>
<!DOCTYPE sailpoint PUBLIC "sailpoint.dtd" "sailpoint.dtd">
<!-- Copyright © 2018 SailPoint Technologies, Inc. All Rights Reserved.
All logos, text, content, and works of authorship, including but not limited to underlying code, programming or scripting language, designs, and/or graphics,
that are used and/or depicted herein are protected under United States and international copyright and trademark laws and treaties,
and may not be used or reproduced without the prior express written permission of SailPoint Technologies, Inc. -->
<sailpoint>
<ImportAction name='merge'>
<ObjectConfig name="Application">
<!-- LEAVER LTD -->
	<ObjectAttribute categoryName="Leaver" defaultValue="" displayName="Long Term Disability Options" editMode="Permanent"
		namedColumn="true" name="ltdProcess" required="true">
		<AllowedValues>
			<String>Do Nothing</String>
			<String>Disable Only</String>
			<String>Disable and Remove Entitlements</String>
			<String>Remove Entitlements</String>
			<String>Delete Immediately</String>
			<String>Lock Only</String>
			<String>Extended Rule</String>
		</AllowedValues>
	 <Description>Long Term Disability Options</Description>
	</ObjectAttribute>
	<ObjectAttribute categoryName="Leaver"
		defaultValue="" displayName="Long Term Disability Extended Rule" editMode="Permanent" name="ltdExtendedRule">
		<Description>This rule will be executed in case Long Term Disability Options is Extended Rule</Description>
	</ObjectAttribute>
	</ObjectConfig>
	</ImportAction>
</sailpoint>
