<?xml version='1.0' encoding='UTF-8'?>
<!DOCTYPE EmailTemplate PUBLIC "sailpoint.dtd" "sailpoint.dtd">
<!-- Copyright © 2018 SailPoint Technologies, Inc. All Rights Reserved.
All logos, text, content, and works of authorship, including but not limited to underlying code, programming or scripting language, designs, and/or graphics,
that are used and/or depicted herein are protected under United States and international copyright and trademark laws and treaties,
and may not be used or reproduced without the prior express written permission of SailPoint Technologies, Inc. -->
<EmailTemplate name="EmailTemplate-FrameworkWorkItemComment">
	<Body>
		<![CDATA[
		#set($ctx = $spTools.class.forName("sailpoint.api.SailPointFactory").getMethod("getFactory", null).invoke(null,null).getCurrentContext())
		#set($ruleObj = $ctx.getObjectByName($spTools.class.forName("sailpoint.object.Rule"), "Rule-Framework-Header-Footer-StyleSheet")) 
		#set($ruleArgs = { 
		    "keyEmailTemplate"  : "styleSheet"
		}) 
		#set($styleSheet = $ctx.runRule($ruleObj, $ruleArgs))
		#if( $ruleObj )
		$ctx.decache($ruleObj)
		#end
		#set($ruleObj = $ctx.getObjectByName($spTools.class.forName("sailpoint.object.Rule"), "Rule-Framework-Header-Footer-StyleSheet")) 
		#set($ruleArgs = { 
		    "keyEmailTemplate"  : "headerTemplate"
		}) 
		#set($headerTemplate = $ctx.runRule($ruleObj, $ruleArgs))
		#if( $ruleObj )
		$ctx.decache($ruleObj)
		#end
		#set($ruleObj = $ctx.getObjectByName($spTools.class.forName("sailpoint.object.Rule"), "Rule-Framework-Header-Footer-StyleSheet")) 
		#set($ruleArgs = { 
		    "keyEmailTemplate"  : "footerTemplate"
		}) 
		#set($footerTemplate = $ctx.runRule($ruleObj, $ruleArgs))
		#if( $ruleObj )
		$ctx.decache($ruleObj)
		#end
		<html>
			<head>
			<meta charset="UTF-8">	    
			#if( $styleSheet )
			$styleSheet
			#end 
			</head>
	    	<body>
	    	#if( $headerTemplate )
			$headerTemplate
			#end
			<br/> 				
			Comment added to work item "$workItemName" by $commentAuthor on $spTools.formatDate($commentDate,3,1)<br/>
			--------------------------------------------------------------------------------<br/>
			$!commentText<br/>
	  		#if( $footerTemplate )
			$footerTemplate
			#end
			</body>
		</html>
		]]>
	</Body>
	  <Description>
      Email Template for notifying the requester/owner of a work item
      that a new comment has been added.
    </Description>
  <Signature>
    <Inputs>
      <Argument name="workItem" type="WorkItem">
        <Description>The WorkItem object on which the comment was added.</Description>
      </Argument>
      <Argument name="workItemName" type="string">
        <Description>The name (also the description) of the WorkItem.</Description>
      </Argument>
      <Argument name="comment" type="Comment">
        <Description>The Comment object with information about the comment.</Description>
      </Argument>
      <Argument name="commentAuthor" type="string">
        <Description>The name of the Identity that made the comment.</Description>
      </Argument>
      <Argument name="commentDate" type="date">
        <Description>The date the comment was made, represented as a java.util.Date object.</Description>
      </Argument>
      <Argument name="commentText" type="string">
        <Description>The text of the comment.</Description>
      </Argument>
    </Inputs>
  </Signature>
  <Subject>New comments added to work item "$workItemName"</Subject>
</EmailTemplate>
