<?xml version="1.0" encoding="UTF-8"?>
<!DOCTYPE Rule PUBLIC "sailpoint.dtd" "sailpoint.dtd">
<Rule language="beanshell" name="Oracle EPM Create Account BeforeRule" type="WebServiceBeforeOperationRule">
  <ReferencedRules>
    <Reference class="sailpoint.object.Rule" name="Oracle EPM Utils Rule Library"/>
    <Reference class="sailpoint.object.Rule" name="Oracle EPM File Upload Utils Rule Library"/>
  </ReferencedRules>
  <Description>This rule is used by the Web Services connector before performing any operation like testconnection, aggregation etc. Here user can update the existing Endpoint object using a key 'updatedEndPoint' and along with it save
    required attribute in the application using key 'connectorStateMap'. If user just want to return Endpoint (requestEndPoint) no need to create map and update the key values. But if a user wants to return both Endpoint (requestEndPoint) and connectorStateMap who's values will be eventually saved in the application. Create a Map and add both using respective key's.</Description>
  <Signature returnType="Object">
    <Inputs>
      <Argument name="log">
        <Description>
          The log object associated with the SailPointContext.
        </Description>
      </Argument>
      <Argument name="context">
        <Description>
          A sailpoint.api.SailPointContext object that can be used to query the database if necessary.
        </Description>
      </Argument>
      <Argument name="application">
        <Description>The application whose data file is being processed.</Description>
      </Argument>
      <Argument name="requestEndPoint">
        <Description>The current request information contain header, body, context url, method type, response attribute map,
          successful response code
        </Description>
      </Argument>
      <Argument name="oldResponseMap">
        <Description>earlier response object </Description>
      </Argument>
      <Argument name="restClient">
        <Description>REST Client Object</Description>
      </Argument>
      <!--
        <Argument name="provisioningPlan">
        <Description>provisioningPlan can be used to update the payload of the http request.
        Provisioning Plan has an account request which defines the operation to be performed on the account.
        An account request can contain multiple attributes requests and each attribute request represents an operation on a single account attribute.
        </Description>
        </Argument>
      -->
    </Inputs>
    <Returns>
      <Argument name="Endpoint or Updated Map which contains requestEndPoint and connectorStateMap">
        <Description>Updated Endpoint or information Map which contains endpoint and connectorStateMap</Description>
      </Argument>
    </Returns>
  </Signature>
  <Source><![CDATA[
    import java.io.File;
    import java.net.ConnectException;
    import java.util.ArrayList;
    import java.util.List;
    import java.util.Map;
    
    import org.apache.commons.logging.Log;
    import org.apache.commons.logging.LogFactory;
    
    import sailpoint.api.SailPointContext;
    import sailpoint.connector.ConnectorException;
    import sailpoint.connector.webservices.EndPoint;
    import sailpoint.connector.webservices.WebServicesClient;
    import sailpoint.object.Application;
    import sailpoint.object.ProvisioningPlan;
    import sailpoint.tools.Util;

   /**
     * Method to generate the file required for creating the accounts
     * 
     * @param prefix
     * @param firstname
     * @param lastname
     * @param email
     * @param userlogin
     * @return
     * @throws Exception
     */
    File generateCreateAccountFile(String prefix, String firstname, String lastname, String email, String userlogin) throws Exception {
  
      List filecontent = new ArrayList();
      filecontent.add("First Name,Last Name,Email,User Login");
      filecontent.add(firstname + "," + lastname + "," + email + "," + userlogin);
      File file = writeToTempFile(prefix, filecontent);
      return file;
    }
  
    Log log = LogFactory.getLog("com.oracleepm.oracleepm.provisioning.createAccount.beforeRule");
    boolean isDebugEnabled = log.isDebugEnabled();

    if (isDebugEnabled)
      log.debug("Request EndPoint " + requestEndPoint);

    Map body = requestEndPoint.getBody();
    Map formData = body != null && body.containsKey("bodyFormData") ? (Map) body.get("bodyFormData") : null;

    if (isDebugEnabled)
      log.debug("Received formdata " + formData);

    if (formData != null) {
      String userlogin = (String) formData.get("userlogin");
      String firstname = (String) formData.get("firstname");
      String lastname = (String) formData.get("lastname");
      String email = (String) formData.get("email");
      String filenameprefix = (String) formData.get("filename");
      String userpassword = (String) formData.get("userpassword");
     
      // We want to decrypt the password just before passing to the connector
      // In the plan , we want it as secret, incase if tracing is done.
      if (Util.isNotNullOrEmpty(userpassword)) {
        userpassword = context.decrypt(userpassword);
        formData.put("userpassword", userpassword);
      }

      if (isDebugEnabled) {
        log.debug("Received userlogin " + userlogin);
        log.debug("Received firstname " + firstname);
        log.debug("Received lastname " + lastname);
        log.debug("Received email " + email);
      }

      if (Util.isAnyNullOrEmpty(userlogin, firstname, lastname, email))
        throw new ConnectException("Invalid create arguments");

      // Remove all the unnecessary data
      formData.remove("userlogin");
      formData.remove("lastname");
      formData.remove("email");
      formData.remove("firstname");

      File file = null;

      try {

        file = generateCreateAccountFile(filenameprefix, firstname, lastname, email, userlogin);
        formData.put("filename", file.getName());

        if (isDebugEnabled) {
          log.debug("Generated file at " + file.getAbsolutePath());
        }

        uploadFile(context, application, restClient, file);
      } finally {
        if(file != null)
          file.delete();
      }

    } else {
      throw new ConnectorException("Invalid create arguments");
    }

    return requestEndPoint;
  ]]></Source>
</Rule>
