<?xml version="1.0" encoding="UTF-8"?>
<!DOCTYPE Rule PUBLIC "sailpoint.dtd" "sailpoint.dtd">
<Rule language="beanshell" name="Oracle EPM Provisioning Operations AfterRule" type="WebServiceAfterOperationRule">
  <ReferencedRules>
    <Reference class="sailpoint.object.Rule" name="Oracle EPM Utils Rule Library"/>
  </ReferencedRules>
  <Description>This rule is used by the Web Services connector to update parsed resource object
    and save connectorStatemap values.Create List of Objects which will later converted to Resource object and save connectorStatemap values to the application object permanently. The returned map will hold key 'data' for resource object list and key 'connectorStateMap' for udpated attribute that need to be saved in the application.</Description>
  <Signature returnType="Object">
    <Inputs>
      <Argument name="log">
        <Description>
          The log object associated with the SailPointContext.
        </Description>
      </Argument>
      <Argument name="context">
        <Description>
          A sailpoint.api.SailPointContext object that can be used to query the database if necessary.
        </Description>
      </Argument>
      <Argument name="application">
        <Description>The application whose data file is being processed.</Description>
      </Argument>
      <Argument name="requestEndPoint">
        <Description>The current request information contain header, body ,response object</Description>
      </Argument>
      <Argument name="processedResponseObject">
        <Description>Response Object processed by the Web services connector</Description>
      </Argument>
      <Argument name="rawResponseObject">
        <Description>Response Object returned from the end system</Description>
      </Argument>
      <Argument name="restClient">
        <Description>REST Client Object</Description>
      </Argument>
    </Inputs>
    <Returns>
      <Argument name="Map which contains updated Account/Group List and connectorStateMap">
        <Description>Update information Map which contains parsed list of accounts/groups and connectorStateMap</Description>
      </Argument>
    </Returns>
  </Signature>
  <Source><![CDATA[
    import java.util.List;
    import java.util.Map;
    
    import org.apache.commons.logging.Log;
    import org.apache.commons.logging.LogFactory;
    
    import sailpoint.connector.ConnectorException;
    import sailpoint.connector.webservices.EndPoint;
    import sailpoint.connector.webservices.WebServicesClient;
    import sailpoint.object.Application;
    
    
    Log log = LogFactory.getLog("com.pslabs.oracleepm.provisioning.afterRule");
    boolean isDebugEnabled = log.isDebugEnabled();
      
    if (isDebugEnabled) {
      log.debug("Response object " + rawResponseObject);
      log.debug("Processed Response object " + processedResponseObject);
    }

    // for the file generation, there will be only one entry in the file
    if (processedResponseObject != null && processedResponseObject.size() == 1) {
      Map responseMap = (Map) processedResponseObject.get(0);
      String status = responseMap.containsKey("status") ? (String) responseMap.get("status") : null;
      List href = responseMap.containsKey("href") ? (List) responseMap.get("href") : null;
      String details = responseMap.containsKey("details") ? (String) responseMap.get("details") : null;
      
      if (isDebugEnabled) {
        log.debug("Response map " + responseMap);
        log.debug("status: " + status);
        log.debug("href: " + href);
        log.debug("details: " + details);
      }

      boolean isJobFinished = false;
      try {
        isJobFinished = checkJobStatus(status, details, href, restClient, application);
        if (isJobFinished) {
          if (isDebugEnabled)
            log.debug("Job completed successfully");
        }
      } catch (Exception e) {
        log.error("Error received ", e);
        throw new Exception("Error received ", e);
      }
    } else {
      throw new Exception("Invalid response received");
    }

    processedResponseObject.clear();
    
    if (isDebugEnabled)
      log.debug("Returning processed response object " + processedResponseObject);

  ]]></Source>
</Rule>

