<?xml version="1.0" encoding="UTF-8"?>
<!DOCTYPE Rule PUBLIC "sailpoint.dtd" "sailpoint.dtd">
<Rule language="beanshell" name="Oracle EPM Account Aggregation AfterRule" type="WebServiceAfterOperationRule">
  <ReferencedRules>
    <Reference class="sailpoint.object.Rule" name="Oracle EPM Utils Rule Library"/>
  </ReferencedRules>
  <Description>This rule is used by the Web Services connector to update parsed resource object
    and save connectorStatemap values.Create List of Objects which will later converted to Resource object and save connectorStatemap values to the application object permanently. The returned map will hold key 'data' for resource object list and key 'connectorStateMap' for udpated attribute that need to be saved in the application.</Description>
  <Signature returnType="Object">
    <Inputs>
      <Argument name="log">
        <Description>
          The log object associated with the SailPointContext.
        </Description>
      </Argument>
      <Argument name="context">
        <Description>
          A sailpoint.api.SailPointContext object that can be used to query the database if necessary.
        </Description>
      </Argument>
      <Argument name="application">
        <Description>The application whose data file is being processed.</Description>
      </Argument>
      <Argument name="requestEndPoint">
        <Description>The current request information contain header, body ,response object</Description>
      </Argument>
      <Argument name="processedResponseObject">
        <Description>Response Object processed by the Web services connector</Description>
      </Argument>
      <Argument name="rawResponseObject">
        <Description>Response Object returned from the end system</Description>
      </Argument>
      <Argument name="restClient">
        <Description>REST Client Object</Description>
      </Argument>
    </Inputs>
    <Returns>
      <Argument name="Map which contains updated Account/Group List and connectorStateMap">
        <Description>Update information Map which contains parsed list of accounts/groups and connectorStateMap</Description>
      </Argument>
    </Returns>
  </Signature>
  <Source><![CDATA[
    import java.io.BufferedReader;
    import java.io.StringReader;
    import java.util.ArrayList;
    import java.util.HashMap;
    import java.util.List;
    import java.util.Map;
    
    import org.apache.commons.logging.Log;
    import org.apache.commons.logging.LogFactory;
    
    import com.google.gson.JsonObject;
    
    import sailpoint.connector.ConnectorException;
    import sailpoint.connector.webservices.EndPoint;
    import sailpoint.connector.webservices.WebServicesClient;
    import sailpoint.connector.webservices.WebServicesConstants;
    import sailpoint.object.Application;
    import sailpoint.tools.RFC4180LineIterator;
    import sailpoint.tools.RFC4180LineParser;
    import sailpoint.tools.Util;
    
    /**
     * Method to execute the rest endpoint to download the file
     * and generate the list of accounts map - to be consumed as a resourceobject by the connector
     * 
     * @param processedResponseObject
     * @param contexturl
     * @param restClient
     * @param application
     * @return
     * @throws ConnectorException
     */
    List downloadAndParseFileOutput(List processedResponseObject, String contexturl, WebServicesClient restClient, Application application) throws ConnectorException {
      
      if (Util.isNullOrEmpty(contexturl) || application == null)
        throw new ConnectorException("Invalid file download url");
  
      try {
        String baseurl = application.getStringAttributeValue(WebServicesConstants.ATTR_BASE_URL);
        if (Util.isNullOrEmpty(baseurl))
          throw new ConnectorException("Invalid context url");
  
        String fullurl = baseurl + contexturl;
  
        String jobResponse = restClient.executeGet(fullurl, null, null);
  
        if (processedResponseObject == null)
          processedResponseObject = new ArrayList();
  
        if (isDebugEnabled)
          log.debug("Job Response object " + jobResponse);
  
        if (Util.isNotNullOrEmpty(jobResponse)) {
          processedResponseObject.clear();
          BufferedReader br = new BufferedReader(new StringReader(jobResponse));
          RFC4180LineIterator rfc = new RFC4180LineIterator(br);
          RFC4180LineParser parser = new RFC4180LineParser(",");
  
          String currentLine = null;
          int i = -1;
          // This value will hold the previous record username
          // When this matches with the userlogin from the current record, we need to merge the roles
          String temp = null;
          Map dataMap = null;
          while ((currentLine = rfc.readLine()) != null) {
            // Ignore the first 3 lines from the output
            i++;
            if (i < 3)
              continue;
            List tokens = parser.parseLine(currentLine);
            String userlogin = (String) tokens.get(0);
            String role = (String) tokens.get(1);
            // Indicates a new account - add to the output and create a new datamap
            if (Util.isNotNullOrEmpty(temp) && !temp.equalsIgnoreCase(userlogin) && dataMap != null) {
              processedResponseObject.add(dataMap);
              dataMap = new HashMap();
            }
  
            // Start adding to the key
            dataMap = addToMap(dataMap, "User Login", userlogin);
            dataMap = addToMap(dataMap, "Role", role);
            temp = userlogin;
          }
  
          // Add one last time for the last record
          if (dataMap != null)
            processedResponseObject.add(dataMap);
  
          if (isDebugEnabled)
            log.debug("Returning list " + processedResponseObject);
        } else {
          throw new ConnectorException("Job Response cannot be determined");
        }
  
      } catch (Exception e) {
        log.error("Error occured while downloading the file", e);
        throw new ConnectorException("Error occured while checking the status of the job", e);
      }
  
      return processedResponseObject;
    }
    
    // Entry point
    
    Log log = LogFactory.getLog("com.pslabs.oracleepm.accountAggregation.afterRule");
    boolean isDebugEnabled = log.isDebugEnabled();
    
    if (isDebugEnabled) {
      log.debug("Response object " + rawResponseObject);
      log.debug("Processed Response object " + processedResponseObject);
    }

    // for the file generation, there will be only one entry in the file
    if (processedResponseObject != null && processedResponseObject.size() == 1) {
      Map responseMap = (Map) processedResponseObject.get(0);
      String status = responseMap.containsKey("status") ? (String) responseMap.get("status") : null;
      String details = responseMap.containsKey("details") ? (String) responseMap.get("details") : null;
      List href = responseMap.containsKey("href") ? (List) responseMap.get("href") : null;

      if (isDebugEnabled) {
        log.debug("Response map " + responseMap);
        log.debug("status: " + status);
        log.debug("href: " + href);
      }

      boolean isJobFinished = false;
      
      try {
      
        isJobFinished = checkJobStatus(status, details, href, restClient, application);
      
        if (isJobFinished) {
          if (isDebugEnabled)
            log.debug("Job completed successfully. Moving on to downloding the file");

          // Use the filename - generated as part of the before rule
          // and fetch the contents
          String fileName = parseURLforFileName(requestEndPoint.getFullUrl(), "q", "fileName");
          
          if (isDebugEnabled)
            log.debug("Using filename " + fileName);
          
          String specificApiVersion = application.getStringAttributeValue("specificApiVersion");
          
          if (Util.isNullOrEmpty(specificApiVersion))
            throw new ConnectorException("Invalid Specific Version API. Add the attribute specificApiVersion to the application object");
          
          String contexturl = "/interop/rest/" + specificApiVersion + "/applicationsnapshots/" + fileName + "/contents";
          processedResponseObject = downloadAndParseFileOutput(processedResponseObject, contexturl, restClient, application);
        }
      } catch (Exception e) {
        log.error("Error received ", e);
        throw new Exception("Error received ", e);
      }
    } else {
      throw new Exception("Invalid response received during aggregation");
    }
    
    if (isDebugEnabled)
      log.debug("Returning processed response object " + processedResponseObject);

  ]]></Source>
</Rule>

