<?xml version="1.0" encoding="UTF-8"?>
<!DOCTYPE Rule PUBLIC "sailpoint.dtd" "sailpoint.dtd">
<Rule language="beanshell" name="Oracle EPM Remove Account BeforeRule" type="WebServiceBeforeOperationRule">
  <ReferencedRules>
    <Reference class="sailpoint.object.Rule" name="Oracle EPM Utils Rule Library"/>
    <Reference class="sailpoint.object.Rule" name="Oracle EPM File Upload Utils Rule Library"/>
  </ReferencedRules>
  <Description>This rule is used by the Web Services connector before performing any operation like testconnection, aggregation etc. Here user can update the existing Endpoint object using a key 'updatedEndPoint' and along with it save
    required attribute in the application using key 'connectorStateMap'. If user just want to return Endpoint (requestEndPoint) no need to create map and update the key values. But if a user wants to return both Endpoint (requestEndPoint) and connectorStateMap who's values will be eventually saved in the application. Create a Map and add both using respective key's.</Description>
  <Signature returnType="Object">
    <Inputs>
      <Argument name="log">
        <Description>
          The log object associated with the SailPointContext.
        </Description>
      </Argument>
      <Argument name="context">
        <Description>
          A sailpoint.api.SailPointContext object that can be used to query the database if necessary.
        </Description>
      </Argument>
      <Argument name="application">
        <Description>The application whose data file is being processed.</Description>
      </Argument>
      <Argument name="requestEndPoint">
        <Description>The current request information contain header, body, context url, method type, response attribute map,
          successful response code
        </Description>
      </Argument>
      <Argument name="oldResponseMap">
        <Description>earlier response object </Description>
      </Argument>
      <Argument name="restClient">
        <Description>REST Client Object</Description>
      </Argument>
      <!--
        <Argument name="provisioningPlan">
        <Description>provisioningPlan can be used to update the payload of the http request.
        Provisioning Plan has an account request which defines the operation to be performed on the account.
        An account request can contain multiple attributes requests and each attribute request represents an operation on a single account attribute.
        </Description>
        </Argument>
      -->
    </Inputs>
    <Returns>
      <Argument name="Endpoint or Updated Map which contains requestEndPoint and connectorStateMap">
        <Description>Updated Endpoint or information Map which contains endpoint and connectorStateMap</Description>
      </Argument>
    </Returns>
  </Signature>
  <Source><![CDATA[
    import java.io.File;
    import java.net.ConnectException;
    import java.util.ArrayList;
    import java.util.List;
    import java.util.Map;
    
    import org.apache.commons.logging.Log;
    import org.apache.commons.logging.LogFactory;
    
    import sailpoint.api.SailPointContext;
    import sailpoint.connector.ConnectorException;
    import sailpoint.connector.webservices.EndPoint;
    import sailpoint.connector.webservices.WebServicesClient;
    import sailpoint.object.Application;
    import sailpoint.object.ProvisioningPlan;
    import sailpoint.tools.URLUtil;
    import sailpoint.tools.Util;
    
    /**
     * 
     * Generate a file with create account data format
     * 
     * @param prefix
     * @param userlogin
     * @return
     * @throws Exception
     */
    File generateRemoveAccountFile(String prefix, String userlogin) throws Exception {
  
      List contents = new ArrayList();
      contents.add("User Login");
      contents.add(userlogin);
      File file = writeToTempFile(prefix, contents);
      return file;
    }
  
    Log rlog = LogFactory.getLog("com.pslabs.oracleepm.provisioning.removeAccount.beforeRule");
    boolean isDebugEnabled = rlog.isDebugEnabled();
    
    File file = null;

    if (isDebugEnabled)
      rlog.debug("Request EndPoint " + requestEndPoint);

    Map body = requestEndPoint.getBody();
    Map formData = (body != null && body.containsKey("bodyFormData")) ? (Map) body.get("bodyFormData") : null;
    
    // Full url will have the query parameter - we will replace delete with the filename
    String fullurl = requestEndPoint.getFullUrl();
    Map queryParams = URLUtil.parseQueryParameters(fullurl);

    if (queryParams == null || queryParams.isEmpty() || !queryParams.containsKey("filename")) {
      throw new ConnectorException("Missing required queryparameter filename in the delete url");
    }

    if (isDebugEnabled)
      rlog.debug("Received formdata " + formData);

    if (formData != null) {
      String userlogin = (String) formData.get("userlogin");
      String fileprefix = (String) queryParams.get("filename");

      if (isDebugEnabled) {
        rlog.debug("Received userlogin " + userlogin);
        rlog.debug("Received fileprefix " + fileprefix);
      }

      if (Util.isAnyNullOrEmpty(userlogin))
        throw new ConnectException("Invalid Remove Account arguments");

      // Remove all the unnecessary data
      formData.remove("userlogin");

      try {

        file = generateRemoveAccountFile(fileprefix, userlogin);
        // Update the endpoint with the right url
        fullurl = fullurl.replaceAll(fileprefix, file.getName());
        requestEndPoint.setFullUrl(fullurl);

        if (isDebugEnabled) {
          rlog.debug("Updated form data " + formData);
          rlog.debug("Generated file at " + file.getAbsolutePath());
        }

        uploadFile(context, application, restClient, file);
      } finally {
        if (file != null)
          file.deleteOnExit();
      }
    } else {
      throw new ConnectorException("Invalid remove account arguments");
    }

    if (isDebugEnabled)
      rlog.debug("Returning endpoint " + requestEndPoint);

    return requestEndPoint;
  ]]></Source>
</Rule>
