<?xml version="1.0" encoding="UTF-8"?>
<!DOCTYPE Rule PUBLIC "sailpoint.dtd" "sailpoint.dtd">
<Rule language="beanshell" name="Oracle EPM Customization Rule" type="ResourceObjectCustomization">
  <Description>Oracle EPM Customization rule. Removes the prefix added by oracle. Prefix is not necessary</Description>
  <ReferencedRules>
    <Reference class="sailpoint.object.Rule" name="Oracle EPM Utils Rule Library"/>
  </ReferencedRules>
  <Signature returnType="ResourceObject">
    <Inputs>
      <Argument name="log">
        <Description>
          The log object associated with the SailPointContext.
        </Description>
      </Argument>
      <Argument name="context">
        <Description>
          A sailpoint.api.SailPointContext object that can be used to query the database if necessary.
        </Description>
      </Argument>
      <Argument name="object">
        <Description>
          The ResourceObject built by the connector.
        </Description>
      </Argument>
      <Argument name="application">
        <Description>
          Application that references the connector.
        </Description>
      </Argument>
      <Argument name="connector">
        <Description>
          The connector object.
        </Description>
      </Argument>
      <Argument name="state">
        <Description>
          A Map containing state information.
        </Description>
      </Argument>
    </Inputs>
    <Returns>
      <Argument name="resourceObject">
        <Description>
          The updated resource object.
        </Description>
      </Argument>
    </Returns>
  </Signature>
  <Source><![CDATA[
    import java.util.ArrayList;
    import java.util.List;
    
    import org.apache.commons.logging.Log;
    import org.apache.commons.logging.LogFactory;
    
    import sailpoint.connector.ConnectorException;
    import sailpoint.object.Application;
    import sailpoint.tools.Util;
    
    Log colog = LogFactory.getLog("com.pslabs.oracleepm.accountAggregation.customizationrule");
    
    if (object == null)
      return object;

    // Return the object for group and other non account based aggregations
    // To save execution times
    String objectType = object.getObjectType();
    if (Util.isNullOrEmpty(objectType) || (!("account".equalsIgnoreCase(objectType))))
      return object;

    if (colog.isDebugEnabled())
      colog.debug("Checking the raw object for entitlements with any generated prefixes - they are not necessary. " + object.toMap());

    Object roleOb = object.get("Role");

    if (colog.isDebugEnabled())
      colog.debug("Role entry from the resource object " + roleOb + ". Removing this from the current object");

    Object modifiedRoleNames = null;

    if (roleOb != null && roleOb instanceof String) {

      if (colog.isDebugEnabled())
        colog.debug("Received entry is string type");

      String role = (String) roleOb;
      modifiedRoleNames = removeEnvironmentPrefix(application, role);

    } else if (roleOb != null && roleOb instanceof List) {

      if (colog.isDebugEnabled())
        colog.debug("Received entry is list type");

      List roles = (List) roleOb;
      modifiedRoleNames = roles.isEmpty() ? null : new ArrayList();

      for (Object role : roles) {
        String rolename = removeEnvironmentPrefix(application, (String) role);
        if (Util.isNotNullOrEmpty(rolename))
          ((List) modifiedRoleNames).add(rolename);
      }

      // Remove and add the new values - if not removed, there might be data mismatches
      object.remove("Role");
      // Now add the modified roles
      if (modifiedRoleNames != null)
        object.setAttribute("Role", modifiedRoleNames);
    }

    if (colog.isDebugEnabled())
      colog.debug("Returning object with modified values " + object.toMap());

    return object;
  ]]></Source>
</Rule>
