<?xml version='1.0' encoding='UTF-8'?>
<!DOCTYPE sailpoint PUBLIC "sailpoint.dtd" "sailpoint.dtd">
<sailpoint>

    <SPRight name="VelocityTemplatePluginIcon" displayName="Email Template Editor Plugin Icon">
        <Description>Allows a user to view the Email Template Editor Plugin Icon</Description>
    </SPRight>

    <Capability name="VelocityTemplatePluginUser" displayName="Email Template Editor Plugin User">
        <Description>This capability will allow usage of the Email Template Editor Plugin</Description>
        <RightRefs>
            <Reference class="sailpoint.object.SPRight" name="VelocityTemplatePluginIcon"/>
        </RightRefs>
    </Capability>

</sailpoint>