<?xml version="1.0" encoding="UTF-8" standalone="no"?>
<!DOCTYPE Plugin PUBLIC "sailpoint.dtd" "sailpoint.dtd">
<Plugin displayName="File Upload Plugin" minSystemVersion="8.0" 
	name="fileUploadPlugin" rightRequired="" version="1.0.1">
  <Attributes>
    <Map>
      <entry key="minUpgradableVersion" value="0.0.1"/>
      <entry key="fullPage">
      	<value>
      		<FullPage title="File Upload Plugin"/>
      	</value>
      </entry>
      <entry key="settings">
        <value>  
          <List>
          
          </List>  
        </value>  
      </entry>
     <entry key="snippets">  
        <value>  
          <List>  
          </List>  
        </value>  
      </entry> 
       <entry key="taskExecutors">
        <value>
          <List>
            
          </List>
        </value>
      </entry>
       <entry key="serviceExecutors">
        <value>
          <List>
          </List>
        </value>
      </entry>
      <entry key="policyExecutors">
        <value>
          <List>
          </List>
        </value>
      </entry>
      <entry key="restResources">
        <value>
          <List>
          	<String>com.sailpoint.pse.fileuploadplugin.rest.FileUploadResource</String>
          </List>
        </value>
      </entry>
      <entry key="settings">
      	<value>
          <List>
          	  <Setting dataType="string" name="applicationFilter"  value="" />
          	  <Setting dataType="int" name="maxFileSize"  value="655360000" />
          	  <Setting dataType="string" name="defaultDirectory"  value="c:/file-upload" />
          	  <Setting dataType="string" name="namingRule"  />
          	  <Setting dataType="string" name="postProcessingRule" value="Example Post Processing Rule" />
          </List>
        </value>
      </entry>
    </Map>
  </Attributes>
</Plugin>