
#set( $symbol_pound = '#' ) #set( $symbol_dollar = '$' ) #set( $symbol_escape = '\' )
<assembly xmlns="http://maven.apache.org/ASSEMBLY/2.0.0" xmlns:xsi="http://www.w3.org/2001/XMLSchema-instance" xsi:schemaLocation="http://maven.apache.org/ASSEMBLY/2.0.0 http://maven.apache.org/xsd/assembly-2.0.0.xsd
http://maven.apache.org/ASSEMBLY/2.0.0 ">
  <id>bin</id>
  <formats>
    <format>zip</format>
  </formats>
  <includeBaseDirectory>false</includeBaseDirectory>
  <fileSets>
    <!-- Create an assembly of files to be deployed to the web application -->
    <fileSet>
      <directory>${symbol_dollar}{project.basedir}/src/main/webapp</directory>
      <outputDirectory>${symbol_dollar}{file.separator}</outputDirectory>
      <includes>
        <include>**/*</include>
      </includes>
    </fileSet>
    <!-- file set for java src -->
    <fileSet>
      <directory>${project.basedir}/src/main/java</directory>
      <outputDirectory>src</outputDirectory>
      <includes>
        <include>**/*</include>
      </includes>
    </fileSet>
  </fileSets>
</assembly>