<?xml version="1.0" encoding="UTF-8" standalone="no"?>
<!DOCTYPE Plugin PUBLIC "sailpoint.dtd" "sailpoint.dtd">
<Plugin displayName="WorkItemArchiveExtensionPlugin" minSystemVersion="7.1" name="workitemarchiveextensionplugin" rightRequired="workitemarchiveextensionpluginRight" version="0.1.1">
      
    <Attributes>
            
        <Map>
                  
            <entry key="minUpgradableVersion" value="0.1"/>
                  
            <entry key="fullPage">
                        
                <value>
                              
                    <FullPage title="workItemArchiveExtensionFullPage"/>
                            
                </value>
                      
            </entry>
                  
            <entry key="restResources">
                        
                <value>
                              
                    <List>
                                    
                        <String>sailpoint.plugin.workitemarchiveextensionplugin.rest.WorkitemarchiveExtensionResource</String>
                                  
                    </List>
                            
                </value>
                      
            </entry>
                
        </Map>
          
    </Attributes>
    
</Plugin>
