<?xml version="1.0" encoding="UTF-8"?>
<!DOCTYPE Custom SYSTEM "sailpoint.dtd" >
<Custom name="Push Plugin Authorization">
	<Attributes>
		<Map>
			<entry key="Push It">
				<value>
					<Map>
						<entry key="schema" value="PushPlugin-Schema"/>
						<entry key="account">
							<value>
								<Map>
									<entry key="Delete" value="PushPlugin-FullAccessAllOperations,PushPlugin-OperationDelete"/>
									<entry key="Push" value="PushPlugin-FullAccessAllOperations,PushPlugin-OperationPush"/>
									<entry key="ReadAll" value="PushPlugin-FullAccessAllOperations,PushPlugin-OperationReadAll"/>
									<entry key="ReadSingle" value="PushPlugin-FullAccessAllOperations,PushPlugin-OperationReadSingle"/>
									<entry key="Schema" value="PushPlugin-FullAccessAllOperations,PushPlugin-Schema,PushPlugin-OperationPush,PushPlugin-OperationReadSingle,PushPlugin-OperationReadAll"/>
								</Map>
							</value>
						</entry>
 						<entry key="group">
							<value>
								<Map>
									<entry key="Delete" value="PushPlugin-FullAccessAllOperations,PushPlugin-OperationDelete"/>
									<entry key="Push" value="PushPlugin-FullAccessAllOperations,PushPlugin-OperationPush"/>
									<entry key="ReadAll" value="PushPlugin-FullAccessAllOperations,PushPlugin-OperationReadAll"/>
									<entry key="ReadSingle" value="PushPlugin-FullAccessAllOperations,PushPlugin-OperationReadSingle"/>
									<entry key="Schema" value="PushPlugin-FullAccessAllOperations,PushPlugin-Schema,PushPlugin-OperationPush,PushPlugin-OperationReadSingle,PushPlugin-OperationReadAll"/>
								</Map>
							</value>
						</entry>
					</Map>
				</value>
			</entry>
		</Map>
	</Attributes>
</Custom>
