<?xml version="1.0" encoding="ISO-8859-1"?>
<project xmlns:xsi="http://www.w3.org/2001/XMLSchema-instance" name="PS Labs - Remote Access Plugin"
         xmlns="http://maven.apache.org/DECORATION/1.0.0"
         xsi:schemaLocation="http://maven.apache.org/DECORATION/1.0.0 http://maven.apache.org/xsd/decoration-1.0.0.xsd">
    <publishDate position="right"/>
    <version position="right"/>

    <body>

        <menu name="Overview">
            <item name="Introduction" href="index.html"/>
            <item name="Installation" href="installation.html"/>
            <item name="Overall Functionality" href="functionality.html"/> 
            <item name="Configuration" href="configuration.html"/>
            <item name="FAQ" href="faq.html"/>
        </menu>

    </body>
</project>