<?xml version='1.0' encoding='UTF-8'?>
<!DOCTYPE Plugin PUBLIC "sailpoint.dtd" "sailpoint.dtd">
<Plugin certificationLevel="None" displayName="Approval API"
        minSystemVersion="7.3" name="ApprovalAPI" version="1.0.0">
    <Attributes>
        <Map>
            <entry key="fullPage">
                <value>
                    <FullPage title="Approval API"/>
                </value>
            </entry>
            <entry key="restResources">
                <value>
                    <List>
                        <String>sailpoint.pse.plugin.approvalrest.rest.ApprovalRestResource</String>
                    </List>
                </value>
            </entry>
            <entry key="settings">
                <value>
                    <List>
                    </List>
                </value>
            </entry>
        </Map>
    </Attributes>
</Plugin>
