<?xml version='1.0' encoding='UTF-8'?>
<!DOCTYPE EmailTemplate PUBLIC "sailpoint.dtd" "sailpoint.dtd">
<!-- Copyright © 2018 SailPoint Technologies, Inc. All Rights Reserved.
All logos, text, content, and works of authorship, including but not limited to underlying code, programming or scripting language, designs, and/or graphics,
that are used and/or depicted herein are protected under United States and international copyright and trademark laws and treaties,
and may not be used or reproduced without the prior express written permission of SailPoint Technologies, Inc. -->
<EmailTemplate name="EmailTemplate-FrameworkBatchCompletion">
  <Body>
  	<![CDATA[
  			#set($ctx = $spTools.class.forName("sailpoint.api.SailPointFactory").getMethod("getFactory", null).invoke(null,null).getCurrentContext())
			#set($ruleObj = $ctx.getObjectByName($spTools.class.forName("sailpoint.object.Rule"), "Rule-Framework-Header-Footer-StyleSheet")) 
			#set($ruleArgs = { 
			    "keyEmailTemplate"  : "styleSheet"
			}) 
			#set($styleSheet = $ctx.runRule($ruleObj, $ruleArgs))
			#if( $ruleObj )
			$ctx.decache($ruleObj)
			#end
			#set($ruleObj = $ctx.getObjectByName($spTools.class.forName("sailpoint.object.Rule"), "Rule-Framework-Header-Footer-StyleSheet")) 
			#set($ruleArgs = { 
			    "keyEmailTemplate"  : "headerTemplate"
			}) 
			#set($headerTemplate = $ctx.runRule($ruleObj, $ruleArgs))
			#if( $ruleObj )
			$ctx.decache($ruleObj)
			#end
			#set($ruleObj = $ctx.getObjectByName($spTools.class.forName("sailpoint.object.Rule"), "Rule-Framework-Header-Footer-StyleSheet")) 
			#set($ruleArgs = { 
			    "keyEmailTemplate"  : "footerTemplate"
			}) 
			#set($footerTemplate = $ctx.runRule($ruleObj, $ruleArgs))
			#if( $ruleObj )
			$ctx.decache($ruleObj)
			#end
		<html>
		   <head>
			<meta charset="UTF-8">	    
			#if( $styleSheet )
			$styleSheet
			#end 
			</head>
	    	<body>
	    	#if( $headerTemplate )
			$headerTemplate
			#end
			<br/>    	
			Hello $recipientDisplayName,
			<br/>
			<br/>
			Your batch request for file: $batchFileName has completed.
			<br/>
			<hr width=100% align="center">
	  		#if( $footerTemplate )
			$footerTemplate
			#end
			</body>
		</html>
		]]>
	</Body>
  <Description>
		Email Template for notifying batch requesters when the Batch Request is complete
  </Description>
  <Signature>
    <Inputs>
      <Argument name="workflow" type="Workflow">
        <Description>The Workflow object being executed.</Description>
      </Argument>
      <Argument name="recipientDisplayName" type="string">
        <Description>The name of the Identity that launched the batch request.</Description>
      </Argument>
      <Argument name="batchFileName" type="String">
        <Description>The batch file processed</Description>
      </Argument>
    </Inputs>
  </Signature>
  <Subject>Batch request is complete</Subject>
</EmailTemplate>
