<?xml version='1.0' encoding='UTF-8'?>
<!DOCTYPE sailpoint PUBLIC "sailpoint.dtd" "sailpoint.dtd">
<sailpoint>

    <SPRight displayName="Object Inspector Base Access" name="ObjectInspectorBaseAccess"/>
    <SPRight displayName="Object Inspector View Applications" name="ObjectInspectorApplicationRight"/>
    <SPRight displayName="Object Inspector View Roles" name="ObjectInspectorBundleRight"/>
    <SPRight displayName="Object Inspector View Forms" name="ObjectInspectorFormRight"/>
    <SPRight displayName="Object Inspector View Identities" name="ObjectInspectorIdentityRight"/>
    <SPRight displayName="Object Inspector View Workgroup" name="ObjectInspectorWorkgroupRight"/>
    <SPRight displayName="Object Inspector View Workflow" name="ObjectInspectorWorkflowRight"/>
    <SPRight displayName="Object Inspector View WorkflowCase" name="ObjectInspectorWorkflowCaseRight"/>

    <Capability displayName="Object Inspector Base Access" name="ObjectInspectorBaseAccess">
        <Description>Allow access to viewing all supported object types</Description>
        <RightRefs>
            <Reference class="sailpoint.object.SPRight" name="ObjectInspectorBaseAccess"/>
        </RightRefs>
    </Capability>

    <Capability displayName="Object Inspector Full Access" name="ObjectInspectorAllOpjects">
        <Description>Allow access to viewing all supported object types</Description>
        <InheritedCapabilities>
        	<Reference class="sailpoint.object.Capability" name="ObjectInspectorBaseAccess"/>
        </InheritedCapabilities>
        <RightRefs>
            <Reference class="sailpoint.object.SPRight" name="ObjectInspectorApplicationRight"/>
            <Reference class="sailpoint.object.SPRight" name="ObjectInspectorBundleRight"/>
            <Reference class="sailpoint.object.SPRight" name="ObjectInspectorFormRight"/>
            <Reference class="sailpoint.object.SPRight" name="ObjectInspectorIdentityRight"/>
            <Reference class="sailpoint.object.SPRight" name="ObjectInspectorWorkgroupRight"/>
            <Reference class="sailpoint.object.SPRight" name="ObjectInspectorWorkflowRight"/>
            <Reference class="sailpoint.object.SPRight" name="ObjectInspectorWorkflowCaseRight"/>
        </RightRefs>
    </Capability>

</sailpoint>