<?xml version='1.0' encoding='UTF-8'?>
<!DOCTYPE sailpoint PUBLIC "sailpoint.dtd" "sailpoint.dtd">
<sailpoint>
	<Rule language="xslt" name="XSLT Clean Objects">
		<Description>Allows all objects to be selected (no filtering)</Description>
		<Source><![CDATA[<xsl:stylesheet version="1.0" xmlns:xsl="http://www.w3.org/1999/XSL/Transform" >

<xsl:output encoding="UTF-8" doctype-public="sailpoint.dtd" doctype-system="sailpoint.dtd" cdata-section-elements="Source" indent="yes" method="xml"/>

<!--
* Remove Identity passwords 
-->
<xsl:template match="//Application/Attributes/Map/entry[substring(@key,string-length(@key) -string-length('password') +1) = 'password']/@value" />

<!--
* Remove Application passwords 
-->
<xsl:template match="//Identity/@password" />


<!--
 * Remove id, created, modified
-->
<xsl:template match="@id|@created|@modified" />

<!--
 * Default template
-->
<xsl:template match="@*|node()">
  <xsl:copy>
     <xsl:apply-templates select="@*|node()"/>
  </xsl:copy>
</xsl:template>

</xsl:stylesheet>]]></Source>
	</Rule>

	<Rule language="beanshell" name="Object Inspector Clean Passwords">
		<Description>Remove Passwords from Identities and Applications</Description>
		<Signature returnType="sailpoint.object.SailPointObject">
			<Inputs>
				<Argument name="log">
					<Description> The log object associated with the SailPointContext. 
					</Description>
				</Argument>
				<Argument name="context">
					<Description> A sailpoint.api.SailPointContext object that can be used to query the database if necessary. 
					</Description>
				</Argument>
				<Argument name="object" type="sailpoint.object.SailPointObject">
					<Description> Object to be cleansed. 
					</Description>
				</Argument>
				<Argument name="objectClass" type="String">
					<Description> Object class name. 
					</Description>
				</Argument>
				<Argument name="identityName" type="String">
					<Description> Identity who is currently viewing the data. 
					</Description>
				</Argument>
			</Inputs>
			<Returns>
				<Argument name="object">
					<Description> A SailPointObject object after cleansing. 
					</Description>
				</Argument>
			</Returns>
		</Signature>
		<Source><![CDATA[// Expect: sailpoint.object.SailPointObject object
// Expect: java.lang.String objectClass
// Expect: java.lang.String identityName
import sailpoint.object.SailPointObject;
import sailpoint.object.Application;
import sailpoint.object.Attributes;
import sailpoint.object.Identity;
  
if (object != void && object != null) {
  if (object instanceof Identity) {
    Identity identity = (Identity) object.deepCopy(context);
    identity.setPassword(null);
    return identity;
  }
  if (object instanceof Application) {
    Application application = (Application) object.deepCopy(context);
    Attributes attributes = application.getAttributes();
    if (attributes != null) {
      for (String key: attributes.getKeys()) {
        String k = key.toLowerCase();
        if (k.endsWith("password")) {
          application.setAttribute(key, null);
        }
      }
    }
    return application;
  }
}
return object;
  
]]></Source>
	</Rule>
</sailpoint>