<?xml version="1.0" encoding="UTF-8"?>
<!DOCTYPE Form PUBLIC "sailpoint.dtd" "sailpoint.dtd">
<!-- Copyright © 2018 SailPoint Technologies, Inc. All Rights Reserved.
All logos, text, content, and works of authorship, including but not limited to underlying code, programming or scripting language, designs, and/or graphics,
that are used and/or depicted herein are protected under United States and international copyright and trademark laws and treaties,
and may not be used or reproduced without the prior express written permission of SailPoint Technologies, Inc. -->
<Form name="Triggers">
  <Attributes>
    <Map>
      <entry key="pageTitle" value="Add / Change Lifecycle Event Triggers"/>
      <entry key="title" value="Add / Change Lifecycle Event Triggers"/>
    </Map>
  </Attributes>
  <Button action="next" label="ADD TRIGGER ATTRIBUTE" parameter="ADDTRIGGER" skipValidation="true" value="ADDTRIGGER"/>
  <Button action="next" label="UPDATE OR REMOVE TRIGGER DEFINITIONS" parameter="SAVETRIGGERS" value="SAVETRIGGERS"/>
  <Button action="next" label="CHANGE LIFECYCLE EVENT" parameter="CHANGELCE" skipValidation="true" value="CHANGELCE"/>
  <Button action="back" label="Cancel"/>
</Form>
