<?xml version='1.0' encoding='UTF-8'?>
<!DOCTYPE Workflow PUBLIC "sailpoint.dtd" "sailpoint.dtd">
<Workflow explicitTransitions="true" name="XML Importer" type="">
    <Variable name="returnString" output="true"/>
    <Step icon="Start" name="Start">
        <Transition to="Import Files"/>
    </Step>
    <Step icon="Default" name="Import Files" resultVariable="returnString">
        <Script>
            <Source>
                <![CDATA[
                import sailpoint.api.SailPointContext;
                import sailpoint.server.Importer;
                import sailpoint.tools.Util;
                import sailpoint.web.system.ImportBean.ImportMonitor;

				public String importXml(SailPointContext context, String importFileName) {
                    // Return var
                    String result = null;
                    try {
                        // Get IIQ Home
                        String appHome = Util.getApplicationHome();
                        String fullFileName = appHome + "/WEB-INF/config/" + importFileName;

                        ImportMonitor _monitor = new ImportMonitor();
                        Importer importer = new Importer(context, _monitor);
                        String fileXml = Util.readFile(fullFileName);
                        importer.importXml(fileXml);
                        context.commitTransaction();
                        result = "Import completed";
                    } catch (Exception ex) {
                        result = "Import failed!\n\t\t" + ex.getLocalizedMessage();
                    }
                    return result;
                }

                return importXml(context, "sp.init-custom.xml");
				]]>

            </Source>
        </Script>
        <Transition to="Stop"/>
    </Step>
    <Step icon="Stop" name="Stop"/>
</Workflow>